#
# There is insufficient memory for the Java Runtime Environment to continue.
# Native memory allocation (mmap) failed to map 65536 bytes. Error detail: Failed to commit metaspace.
# Possible reasons:
#   The system is out of physical RAM or swap space
#   This process is running with CompressedOops enabled, and the Java Heap may be blocking the growth of the native heap
# Possible solutions:
#   Reduce memory load on the system
#   Increase physical memory or swap space
#   Check if swap backing store is full
#   Decrease Java heap size (-Xmx/-Xms)
#   Decrease number of Java threads
#   Decrease Java thread stack sizes (-Xss)
#   Set larger code cache with -XX:ReservedCodeCacheSize=
#   JVM is running with Unscaled Compressed Oops mode in which the Java heap is
#     placed in the first 4GB address space. The Java Heap base address is the
#     maximum limit for the native heap growth. Please use -XX:HeapBaseMinAddress
#     to set the Java Heap base and to place the Java Heap above 4GB virtual address.
# This output file may be truncated or incomplete.
#
#  Out of Memory Error (virtualSpaceNode.cpp:113), pid=65264, tid=58892
#
# JRE version: OpenJDK Runtime Environment Temurin-21.0.12.1+1 (21.0.12.1+1) (build 21.0.12.1+1-LTS)
# Java VM: OpenJDK 64-Bit Server VM Temurin-21.0.12.1+1 (21.0.12.1+1-LTS, mixed mode, tiered, compressed oops, compressed class ptrs, g1 gc, windows-amd64)
# No core dump will be written. Minidumps are not enabled by default on client versions of Windows
#

---------------  S U M M A R Y ------------

Command Line: --add-opens=java.base/java.util=ALL-UNNAMED --add-opens=java.base/java.lang=ALL-UNNAMED --add-opens=java.base/java.lang.invoke=ALL-UNNAMED --add-opens=java.prefs/java.util.prefs=ALL-UNNAMED --add-exports=jdk.compiler/com.sun.tools.javac.api=ALL-UNNAMED --add-exports=jdk.compiler/com.sun.tools.javac.util=ALL-UNNAMED --add-opens=java.base/java.nio.charset=ALL-UNNAMED --add-opens=java.base/java.net=ALL-UNNAMED --add-opens=java.base/java.util.concurrent.atomic=ALL-UNNAMED -XX:MaxMetaspaceSize=384m -XX:+HeapDumpOnOutOfMemoryError -Xms256m -Xmx512m -Dfile.encoding=utf8 -Duser.country=IN -Duser.language=en -Duser.variant -javaagent:C:\Users\ishas\.gradle\wrapper\dists\gradle-8.9-bin\90cnw93cvbtalezasaz0blq0a\gradle-8.9\lib\agents\gradle-instrumentation-agent-8.9.jar org.gradle.launcher.daemon.bootstrap.GradleDaemon 8.9

Host: 13th Gen Intel(R) Core(TM) i5-13420H, 12 cores, 15G,  Windows 11 , 64 bit Build 26100 (10.0.26100.9444)
Time: Mon Sep 14 18:22:45 2026 India Standard Time elapsed time: 47.208350 seconds (0d 0h 0m 47s)

---------------  T H R E A D  ---------------

Current thread (0x000001f7520d5110):  JavaThread "Daemon worker"        [_thread_in_vm, id=58892, stack(0x0000003e3b800000,0x0000003e3b900000) (1024K)]

Stack: [0x0000003e3b800000,0x0000003e3b900000]
Native frames: (J=compiled Java code, j=interpreted, Vv=VM code, C=native code)
V  [jvm.dll+0x6d83e9]
V  [jvm.dll+0x8b5736]
V  [jvm.dll+0x8b7cee]
V  [jvm.dll+0x8b83d3]
V  [jvm.dll+0x284596]
V  [jvm.dll+0x8b147e]
V  [jvm.dll+0x679ad4]
V  [jvm.dll+0x1e849b]
V  [jvm.dll+0x1e825e]
V  [jvm.dll+0x67c3d2]
V  [jvm.dll+0x67c202]
V  [jvm.dll+0x67a4ae]
V  [jvm.dll+0x3c7a23]
V  [jvm.dll+0x2118db]
V  [jvm.dll+0x5b6aa9]
V  [jvm.dll+0x82f77d]
V  [jvm.dll+0x479a6e]
V  [jvm.dll+0x48cde6]
C  [java.dll+0x1657]

Java frames: (J=compiled Java code, j=interpreted, Vv=VM code)
J 1849  java.lang.ClassLoader.defineClass0(Ljava/lang/ClassLoader;Ljava/lang/Class;Ljava/lang/String;[BIILjava/security/ProtectionDomain;ZILjava/lang/Object;)Ljava/lang/Class; java.base@21.0.12.1 (0 bytes) @ 0x000001f742e010b4 [0x000001f742e00fc0+0x00000000000000f4]
J 2383 c1 java.lang.System$2.defineClass(Ljava/lang/ClassLoader;Ljava/lang/Class;Ljava/lang/String;[BLjava/security/ProtectionDomain;ZILjava/lang/Object;)Ljava/lang/Class; java.base@21.0.12.1 (21 bytes) @ 0x000001f73b6f3cf4 [0x000001f73b6f3c40+0x00000000000000b4]
J 2737 c1 java.lang.invoke.MethodHandles$Lookup$ClassDefiner.defineClass(ZLjava/lang/Object;)Ljava/lang/Class; java.base@21.0.12.1 (213 bytes) @ 0x000001f73b7a91ec [0x000001f73b7a8ca0+0x000000000000054c]
J 3861 c1 java.lang.invoke.InnerClassLambdaMetafactory.generateInnerClass()Ljava/lang/Class; java.base@21.0.12.1 (506 bytes) @ 0x000001f73b3c55d4 [0x000001f73b3c3cc0+0x0000000000001914]
J 3858 c1 java.lang.invoke.InnerClassLambdaMetafactory.spinInnerClass()Ljava/lang/Class; java.base@21.0.12.1 (118 bytes) @ 0x000001f73b5e331c [0x000001f73b5e3160+0x00000000000001bc]
J 3329 c1 java.lang.invoke.InnerClassLambdaMetafactory.buildCallSite()Ljava/lang/invoke/CallSite; java.base@21.0.12.1 (150 bytes) @ 0x000001f73b8e182c [0x000001f73b8e17a0+0x000000000000008c]
J 3350 c1 java.lang.invoke.LambdaMetafactory.metafactory(Ljava/lang/invoke/MethodHandles$Lookup;Ljava/lang/String;Ljava/lang/invoke/MethodType;Ljava/lang/invoke/MethodType;Ljava/lang/invoke/MethodHandle;Ljava/lang/invoke/MethodType;)Ljava/lang/invoke/CallSite; java.base@21.0.12.1 (71 bytes) @ 0x000001f73b8e9a14 [0x000001f73b8e95a0+0x0000000000000474]
J 3740 c1 java.lang.invoke.LambdaForm$DMH+0x00000001002d4000.invokeStatic(Ljava/lang/Object;Ljava/lang/Object;Ljava/lang/Object;Ljava/lang/Object;Ljava/lang/Object;Ljava/lang/Object;Ljava/lang/Object;)Ljava/lang/Object; java.base@21.0.12.1 (31 bytes) @ 0x000001f73b2e7dd4 [0x000001f73b2e7ae0+0x00000000000002f4]
J 3615 c1 java.lang.invoke.BootstrapMethodInvoker.invoke(Ljava/lang/Class;Ljava/lang/invoke/MethodHandle;Ljava/lang/String;Ljava/lang/Object;Ljava/lang/Object;Ljava/lang/Class;)Ljava/lang/Object; java.base@21.0.12.1 (974 bytes) @ 0x000001f73b974ff4 [0x000001f73b96f2c0+0x0000000000005d34]
J 3614 c1 java.lang.invoke.CallSite.makeSite(Ljava/lang/invoke/MethodHandle;Ljava/lang/String;Ljava/lang/invoke/MethodType;Ljava/lang/Object;Ljava/lang/Class;)Ljava/lang/invoke/CallSite; java.base@21.0.12.1 (91 bytes) @ 0x000001f73b96c934 [0x000001f73b96c8a0+0x0000000000000094]
J 3613 c1 java.lang.invoke.MethodHandleNatives.linkCallSiteImpl(Ljava/lang/Class;Ljava/lang/invoke/MethodHandle;Ljava/lang/String;Ljava/lang/invoke/MethodType;Ljava/lang/Object;[Ljava/lang/Object;)Ljava/lang/invoke/MemberName; java.base@21.0.12.1 (119 bytes) @ 0x000001f73b96b95c [0x000001f73b96b8e0+0x000000000000007c]
J 3612 c1 java.lang.invoke.MethodHandleNatives.linkCallSite(Ljava/lang/Object;Ljava/lang/Object;Ljava/lang/Object;Ljava/lang/Object;Ljava/lang/Object;[Ljava/lang/Object;)Ljava/lang/invoke/MemberName; java.base@21.0.12.1 (65 bytes) @ 0x000001f73b96b404 [0x000001f73b96b000+0x0000000000000404]
v  ~StubRoutines::call_stub 0x000001f74279100d
j  org.gradle.internal.snapshot.DirectorySnapshot.accept(Lorg/gradle/internal/snapshot/FileSystemSnapshotHierarchyVisitor;)Lorg/gradle/internal/snapshot/SnapshotVisitResult;+60
j  org.gradle.internal.watch.registry.impl.WatchableHierarchies.lambda$retainOnlyMatchingSnapshots$10(Lorg/gradle/internal/watch/registry/impl/WatchableHierarchies$InvalidatorVisitor;Lorg/gradle/internal/snapshot/FileSystemLocationSnapshot;)V+2
j  org.gradle.internal.watch.registry.impl.WatchableHierarchies$$Lambda+0x00000001005dfaf8.accept(Ljava/lang/Object;)V+8
j  java.util.stream.ForEachOps$ForEachOp$OfRef.accept(Ljava/lang/Object;)V+5 java.base@21.0.12.1
j  java.util.stream.Streams$StreamBuilderImpl.forEachRemaining(Ljava/util/function/Consumer;)V+19 java.base@21.0.12.1
J 3887 c1 java.util.stream.ReferencePipeline$Head.forEach(Ljava/util/function/Consumer;)V java.base@21.0.12.1 (26 bytes) @ 0x000001f73b2c75bc [0x000001f73b2c71c0+0x00000000000003fc]
J 3031 c1 java.util.stream.ReferencePipeline$7$1.accept(Ljava/lang/Object;)V java.base@21.0.12.1 (127 bytes) @ 0x000001f73b83c49c [0x000001f73b83bfa0+0x00000000000004fc]
J 1762 c1 java.util.stream.ReferencePipeline$3$1.accept(Ljava/lang/Object;)V java.base@21.0.12.1 (23 bytes) @ 0x000001f73b5bdc9c [0x000001f73b5bdae0+0x00000000000001bc]
j  java.util.stream.Streams$StreamBuilderImpl.forEachRemaining(Ljava/util/function/Consumer;)V+19 java.base@21.0.12.1
J 3436 c1 java.util.stream.AbstractPipeline.copyInto(Ljava/util/stream/Sink;Ljava/util/Spliterator;)V java.base@21.0.12.1 (54 bytes) @ 0x000001f73b917384 [0x000001f73b916fc0+0x00000000000003c4]
J 3434 c1 java.util.stream.AbstractPipeline.wrapAndCopyInto(Ljava/util/stream/Sink;Ljava/util/Spliterator;)Ljava/util/stream/Sink; java.base@21.0.12.1 (18 bytes) @ 0x000001f73b916a2c [0x000001f73b916800+0x000000000000022c]
j  java.util.stream.ForEachOps$ForEachOp.evaluateSequential(Ljava/util/stream/PipelineHelper;Ljava/util/Spliterator;)Ljava/lang/Void;+3 java.base@21.0.12.1
j  java.util.stream.ForEachOps$ForEachOp$OfRef.evaluateSequential(Ljava/util/stream/PipelineHelper;Ljava/util/Spliterator;)Ljava/lang/Object;+3 java.base@21.0.12.1
J 3438 c1 java.util.stream.AbstractPipeline.evaluate(Ljava/util/stream/TerminalOp;)Ljava/lang/Object; java.base@21.0.12.1 (94 bytes) @ 0x000001f73b9161ac [0x000001f73b915d40+0x000000000000046c]
j  java.util.stream.ReferencePipeline.forEach(Ljava/util/function/Consumer;)V+6 java.base@21.0.12.1
j  org.gradle.internal.watch.registry.impl.WatchableHierarchies.retainOnlyMatchingSnapshots(Lorg/gradle/internal/snapshot/SnapshotHierarchy;Lorg/gradle/internal/watch/registry/impl/WatchableHierarchies$Invalidator;Ljava/util/function/Predicate;)Lorg/gradle/internal/snapshot/SnapshotHierarchy;+23
j  org.gradle.internal.watch.registry.impl.WatchableHierarchies.removeUnwatchedSnapshots(Lorg/gradle/internal/snapshot/SnapshotHierarchy;Lorg/gradle/internal/watch/registry/impl/WatchableHierarchies$Invalidator;)Lorg/gradle/internal/snapshot/SnapshotHierarchy;+8
j  org.gradle.internal.watch.registry.impl.WatchableHierarchies.removeUnwatchableContentBeforeBuildFinished(Lorg/gradle/internal/snapshot/SnapshotHierarchy;Ljava/util/function/Predicate;ILjava/util/List;Lorg/gradle/internal/watch/registry/impl/WatchableHierarchies$Invalidator;)Lorg/gradle/internal/snapshot/SnapshotHierarchy;+31
j  org.gradle.internal.watch.registry.impl.AbstractFileWatcherUpdater.updateVfsBeforeBuildFinished(Lorg/gradle/internal/snapshot/SnapshotHierarchy;ILjava/util/List;)Lorg/gradle/internal/snapshot/SnapshotHierarchy;+25
j  org.gradle.internal.watch.registry.impl.HierarchicalFileWatcherUpdater.updateVfsBeforeBuildFinished(Lorg/gradle/internal/snapshot/SnapshotHierarchy;ILjava/util/List;)Lorg/gradle/internal/snapshot/SnapshotHierarchy;+4
j  org.gradle.internal.watch.registry.impl.DefaultFileWatcherRegistry.updateVfsBeforeBuildFinished(Lorg/gradle/internal/snapshot/SnapshotHierarchy;ILjava/util/List;)Lorg/gradle/internal/snapshot/SnapshotHierarchy;+7
j  org.gradle.internal.watch.vfs.impl.WatchingVirtualFileSystem$2.lambda$call$0(Lorg/gradle/internal/snapshot/SnapshotHierarchy;I)Lorg/gradle/internal/snapshot/SnapshotHierarchy;+16
j  org.gradle.internal.watch.vfs.impl.WatchingVirtualFileSystem$2$$Lambda+0x00000001005ded48.get()Ljava/lang/Object;+12
j  org.gradle.internal.watch.vfs.impl.WatchingVirtualFileSystem.withWatcherChangeErrorHandling(Lorg/gradle/internal/snapshot/SnapshotHierarchy;Ljava/util/function/Supplier;)Lorg/gradle/internal/snapshot/SnapshotHierarchy;+1
j  org.gradle.internal.watch.vfs.impl.WatchingVirtualFileSystem.access$1200(Lorg/gradle/internal/watch/vfs/impl/WatchingVirtualFileSystem;Lorg/gradle/internal/snapshot/SnapshotHierarchy;Ljava/util/function/Supplier;)Lorg/gradle/internal/snapshot/SnapshotHierarchy;+3
j  org.gradle.internal.watch.vfs.impl.WatchingVirtualFileSystem$2.call(Lorg/gradle/internal/operations/BuildOperationContext;)Lorg/gradle/internal/snapshot/SnapshotHierarchy;+145
j  org.gradle.internal.watch.vfs.impl.WatchingVirtualFileSystem$2.call(Lorg/gradle/internal/operations/BuildOperationContext;)Ljava/lang/Object;+2
j  org.gradle.internal.operations.DefaultBuildOperationRunner$CallableBuildOperationWorker.execute(Lorg/gradle/internal/operations/CallableBuildOperation;Lorg/gradle/internal/operations/BuildOperationContext;)V+3
j  org.gradle.internal.operations.DefaultBuildOperationRunner$CallableBuildOperationWorker.execute(Lorg/gradle/internal/operations/BuildOperation;Lorg/gradle/internal/operations/BuildOperationContext;)V+6
j  org.gradle.internal.operations.DefaultBuildOperationRunner$2.execute(Lorg/gradle/internal/operations/BuildOperationDescriptor;Lorg/gradle/internal/operations/BuildOperationState;Lorg/gradle/internal/operations/BuildOperationState;Lorg/gradle/internal/operations/DefaultBuildOperationRunner$ReadableBuildOperationContext;Lorg/gradle/internal/operations/DefaultBuildOperationRunner$BuildOperationExecutionListener;)Lorg/gradle/internal/operations/BuildOperation;+22
j  org.gradle.internal.operations.DefaultBuildOperationRunner$2.execute(Lorg/gradle/internal/operations/BuildOperationDescriptor;Lorg/gradle/internal/operations/BuildOperationState;Lorg/gradle/internal/operations/BuildOperationState;Lorg/gradle/internal/operations/DefaultBuildOperationRunner$ReadableBuildOperationContext;Lorg/gradle/internal/operations/DefaultBuildOperationRunner$BuildOperationExecutionListener;)Ljava/lang/Object;+8
j  org.gradle.internal.operations.DefaultBuildOperationRunner.execute(Lorg/gradle/internal/operations/BuildOperationDescriptor$Builder;Lorg/gradle/internal/operations/BuildOperationState;Lorg/gradle/internal/operations/DefaultBuildOperationRunner$BuildOperationExecution;)Ljava/lang/Object;+141
j  org.gradle.internal.operations.DefaultBuildOperationRunner.execute(Lorg/gradle/internal/operations/BuildOperation;Lorg/gradle/internal/operations/BuildOperationWorker;Lorg/gradle/internal/operations/BuildOperationState;)V+18
j  org.gradle.internal.operations.DefaultBuildOperationRunner.call(Lorg/gradle/internal/operations/CallableBuildOperation;)Ljava/lang/Object;+16
j  org.gradle.internal.watch.vfs.impl.WatchingVirtualFileSystem.lambda$beforeBuildFinished$5(Lorg/gradle/internal/operations/BuildOperationRunner;Lorg/gradle/internal/watch/registry/WatchMode;ILorg/gradle/internal/watch/vfs/VfsLogging;Lorg/gradle/internal/snapshot/SnapshotHierarchy;)Lorg/gradle/internal/snapshot/SnapshotHierarchy;+15
j  org.gradle.internal.watch.vfs.impl.WatchingVirtualFileSystem$$Lambda+0x00000001005de000.apply(Ljava/lang/Object;)Ljava/lang/Object;+24
j  org.gradle.internal.vfs.impl.AbstractVirtualFileSystem.lambda$updateRootUnderLock$0(Ljava/util/function/UnaryOperator;)V+8
j  org.gradle.internal.vfs.impl.AbstractVirtualFileSystem$$Lambda+0x0000000100496830.run()V+8
j  org.gradle.internal.vfs.impl.AbstractVirtualFileSystem.underLock(Ljava/lang/Runnable;)V+8
j  org.gradle.internal.vfs.impl.AbstractVirtualFileSystem.updateRootUnderLock(Ljava/util/function/UnaryOperator;)V+8
j  org.gradle.internal.watch.vfs.impl.WatchingVirtualFileSystem.beforeBuildFinished(Lorg/gradle/internal/watch/registry/WatchMode;Lorg/gradle/internal/watch/vfs/VfsLogging;Lorg/gradle/internal/watch/vfs/WatchLogging;Lorg/gradle/internal/operations/BuildOperationRunner;I)V+13
j  org.gradle.tooling.internal.provider.FileSystemWatchingBuildActionRunner.run(Lorg/gradle/internal/invocation/BuildAction;Lorg/gradle/internal/buildtree/BuildTreeLifecycleController;)Lorg/gradle/internal/buildtree/BuildActionRunner$Result;+367
j  org.gradle.launcher.exec.BuildCompletionNotifyingBuildActionRunner.run(Lorg/gradle/internal/invocation/BuildAction;Lorg/gradle/internal/buildtree/BuildTreeLifecycleController;)Lorg/gradle/internal/buildtree/BuildActionRunner$Result;+6
j  org.gradle.launcher.exec.RootBuildLifecycleBuildActionExecutor.lambda$execute$0(Lorg/gradle/internal/invocation/BuildAction;Lorg/gradle/internal/buildtree/BuildTreeLifecycleController;)Lorg/gradle/internal/buildtree/BuildActionRunner$Result;+6
j  org.gradle.launcher.exec.RootBuildLifecycleBuildActionExecutor$$Lambda+0x0000000100496c60.apply(Ljava/lang/Object;)Ljava/lang/Object;+12
j  org.gradle.composite.internal.DefaultRootBuildState.run(Ljava/util/function/Function;)Ljava/lang/Object;+87
j  org.gradle.launcher.exec.RootBuildLifecycleBuildActionExecutor.execute(Lorg/gradle/internal/invocation/BuildAction;Lorg/gradle/internal/buildtree/BuildTreeContext;)Lorg/gradle/internal/buildtree/BuildActionRunner$Result;+28
j  org.gradle.internal.buildtree.InitDeprecationLoggingActionExecutor.execute(Lorg/gradle/internal/invocation/BuildAction;Lorg/gradle/internal/buildtree/BuildTreeContext;)Lorg/gradle/internal/buildtree/BuildActionRunner$Result;+83
j  org.gradle.internal.buildtree.InitProblems.execute(Lorg/gradle/internal/invocation/BuildAction;Lorg/gradle/internal/buildtree/BuildTreeContext;)Lorg/gradle/internal/buildtree/BuildActionRunner$Result;+13
j  org.gradle.internal.buildtree.DefaultBuildTreeContext.execute(Lorg/gradle/internal/invocation/BuildAction;)Lorg/gradle/internal/buildtree/BuildActionRunner$Result;+64
j  org.gradle.launcher.exec.BuildTreeLifecycleBuildActionExecutor.lambda$execute$0(Lorg/gradle/internal/invocation/BuildAction;Lorg/gradle/internal/buildtree/BuildTreeContext;)Lorg/gradle/internal/buildtree/BuildActionRunner$Result;+2
j  org.gradle.launcher.exec.BuildTreeLifecycleBuildActionExecutor$$Lambda+0x0000000100394468.apply(Ljava/lang/Object;)Ljava/lang/Object;+8
j  org.gradle.internal.buildtree.BuildTreeState.run(Ljava/util/function/Function;)Ljava/lang/Object;+45
j  org.gradle.launcher.exec.BuildTreeLifecycleBuildActionExecutor.execute(Lorg/gradle/internal/invocation/BuildAction;Lorg/gradle/internal/session/BuildSessionContext;)Lorg/gradle/internal/buildtree/BuildActionRunner$Result;+74
j  org.gradle.launcher.exec.RunAsBuildOperationBuildActionExecutor$3.call(Lorg/gradle/internal/operations/BuildOperationContext;)Lorg/gradle/internal/buildtree/BuildActionRunner$Result;+25
j  org.gradle.launcher.exec.RunAsBuildOperationBuildActionExecutor$3.call(Lorg/gradle/internal/operations/BuildOperationContext;)Ljava/lang/Object;+2
j  org.gradle.internal.operations.DefaultBuildOperationRunner$CallableBuildOperationWorker.execute(Lorg/gradle/internal/operations/CallableBuildOperation;Lorg/gradle/internal/operations/BuildOperationContext;)V+3
j  org.gradle.internal.operations.DefaultBuildOperationRunner$CallableBuildOperationWorker.execute(Lorg/gradle/internal/operations/BuildOperation;Lorg/gradle/internal/operations/BuildOperationContext;)V+6
j  org.gradle.internal.operations.DefaultBuildOperationRunner$2.execute(Lorg/gradle/internal/operations/BuildOperationDescriptor;Lorg/gradle/internal/operations/BuildOperationState;Lorg/gradle/internal/operations/BuildOperationState;Lorg/gradle/internal/operations/DefaultBuildOperationRunner$ReadableBuildOperationContext;Lorg/gradle/internal/operations/DefaultBuildOperationRunner$BuildOperationExecutionListener;)Lorg/gradle/internal/operations/BuildOperation;+22
j  org.gradle.internal.operations.DefaultBuildOperationRunner$2.execute(Lorg/gradle/internal/operations/BuildOperationDescriptor;Lorg/gradle/internal/operations/BuildOperationState;Lorg/gradle/internal/operations/BuildOperationState;Lorg/gradle/internal/operations/DefaultBuildOperationRunner$ReadableBuildOperationContext;Lorg/gradle/internal/operations/DefaultBuildOperationRunner$BuildOperationExecutionListener;)Ljava/lang/Object;+8
j  org.gradle.internal.operations.DefaultBuildOperationRunner.execute(Lorg/gradle/internal/operations/BuildOperationDescriptor$Builder;Lorg/gradle/internal/operations/BuildOperationState;Lorg/gradle/internal/operations/DefaultBuildOperationRunner$BuildOperationExecution;)Ljava/lang/Object;+141
j  org.gradle.internal.operations.DefaultBuildOperationRunner.execute(Lorg/gradle/internal/operations/BuildOperation;Lorg/gradle/internal/operations/BuildOperationWorker;Lorg/gradle/internal/operations/BuildOperationState;)V+18
j  org.gradle.internal.operations.DefaultBuildOperationRunner.call(Lorg/gradle/internal/operations/CallableBuildOperation;)Ljava/lang/Object;+16
j  org.gradle.launcher.exec.RunAsBuildOperationBuildActionExecutor.execute(Lorg/gradle/internal/invocation/BuildAction;Lorg/gradle/internal/session/BuildSessionContext;)Lorg/gradle/internal/buildtree/BuildActionRunner$Result;+23
j  org.gradle.launcher.exec.RunAsWorkerThreadBuildActionExecutor.lambda$execute$0(Lorg/gradle/internal/invocation/BuildAction;Lorg/gradle/internal/session/BuildSessionContext;)Lorg/gradle/internal/buildtree/BuildActionRunner$Result;+6
j  org.gradle.launcher.exec.RunAsWorkerThreadBuildActionExecutor$$Lambda+0x0000000100366510.create()Ljava/lang/Object;+12
j  org.gradle.internal.work.DefaultWorkerLeaseService.withLocks(Ljava/util/Collection;Lorg/gradle/internal/Factory;)Ljava/lang/Object;+28
j  org.gradle.internal.work.DefaultWorkerLeaseService.runAsWorkerThread(Lorg/gradle/internal/Factory;)Ljava/lang/Object;+33
j  org.gradle.launcher.exec.RunAsWorkerThreadBuildActionExecutor.execute(Lorg/gradle/internal/invocation/BuildAction;Lorg/gradle/internal/session/BuildSessionContext;)Lorg/gradle/internal/buildtree/BuildActionRunner$Result;+12
j  org.gradle.tooling.internal.provider.continuous.ContinuousBuildActionExecutor.execute(Lorg/gradle/internal/invocation/BuildAction;Lorg/gradle/internal/session/BuildSessionContext;)Lorg/gradle/internal/buildtree/BuildActionRunner$Result;+58
j  org.gradle.tooling.internal.provider.SubscribableBuildActionExecutor.execute(Lorg/gradle/internal/invocation/BuildAction;Lorg/gradle/internal/session/BuildSessionContext;)Lorg/gradle/internal/buildtree/BuildActionRunner$Result;+30
j  org.gradle.internal.session.DefaultBuildSessionContext.execute(Lorg/gradle/internal/invocation/BuildAction;)Lorg/gradle/internal/buildtree/BuildActionRunner$Result;+64
j  org.gradle.internal.buildprocess.execution.BuildSessionLifecycleBuildActionExecutor$ActionImpl.apply(Lorg/gradle/internal/session/BuildSessionContext;)Lorg/gradle/launcher/exec/BuildActionResult;+6
j  org.gradle.internal.buildprocess.execution.BuildSessionLifecycleBuildActionExecutor$ActionImpl.apply(Ljava/lang/Object;)Ljava/lang/Object;+5
j  org.gradle.internal.session.BuildSessionState.run(Ljava/util/function/Function;)Ljava/lang/Object;+5
j  org.gradle.internal.buildprocess.execution.BuildSessionLifecycleBuildActionExecutor.execute(Lorg/gradle/internal/invocation/BuildAction;Lorg/gradle/launcher/exec/BuildActionParameters;Lorg/gradle/initialization/BuildRequestContext;)Lorg/gradle/launcher/exec/BuildActionResult;+95
j  org.gradle.internal.buildprocess.execution.BuildSessionLifecycleBuildActionExecutor.execute(Lorg/gradle/internal/invocation/BuildAction;Ljava/lang/Object;Ljava/lang/Object;)Lorg/gradle/launcher/exec/BuildActionResult;+10
j  org.gradle.internal.buildprocess.execution.StartParamsValidatingActionExecutor.execute(Lorg/gradle/internal/invocation/BuildAction;Lorg/gradle/launcher/exec/BuildActionParameters;Lorg/gradle/initialization/BuildRequestContext;)Lorg/gradle/launcher/exec/BuildActionResult;+203
j  org.gradle.internal.buildprocess.execution.StartParamsValidatingActionExecutor.execute(Lorg/gradle/internal/invocation/BuildAction;Ljava/lang/Object;Ljava/lang/Object;)Lorg/gradle/launcher/exec/BuildActionResult;+10
j  org.gradle.internal.buildprocess.execution.SessionFailureReportingActionExecutor.execute(Lorg/gradle/internal/invocation/BuildAction;Lorg/gradle/launcher/exec/BuildActionParameters;Lorg/gradle/initialization/BuildRequestContext;)Lorg/gradle/launcher/exec/BuildActionResult;+7
j  org.gradle.internal.buildprocess.execution.SessionFailureReportingActionExecutor.execute(Lorg/gradle/internal/invocation/BuildAction;Ljava/lang/Object;Ljava/lang/Object;)Lorg/gradle/launcher/exec/BuildActionResult;+10
j  org.gradle.internal.buildprocess.execution.SetupLoggingActionExecutor.execute(Lorg/gradle/internal/invocation/BuildAction;Lorg/gradle/launcher/exec/BuildActionParameters;Lorg/gradle/initialization/BuildRequestContext;)Lorg/gradle/launcher/exec/BuildActionResult;+50
j  org.gradle.internal.buildprocess.execution.SetupLoggingActionExecutor.execute(Lorg/gradle/internal/invocation/BuildAction;Ljava/lang/Object;Ljava/lang/Object;)Lorg/gradle/launcher/exec/BuildActionResult;+10
j  org.gradle.launcher.daemon.server.exec.ExecuteBuild.doBuild(Lorg/gradle/launcher/daemon/server/api/DaemonCommandExecution;Lorg/gradle/launcher/daemon/protocol/Build;)V+147
j  org.gradle.launcher.daemon.server.exec.BuildCommandOnly.execute(Lorg/gradle/launcher/daemon/server/api/DaemonCommandExecution;)V+49
j  org.gradle.launcher.daemon.server.api.DaemonCommandExecution.proceed()Z+23
j  org.gradle.launcher.daemon.server.exec.WatchForDisconnection.execute(Lorg/gradle/launcher/daemon/server/api/DaemonCommandExecution;)V+19
j  org.gradle.launcher.daemon.server.api.DaemonCommandExecution.proceed()Z+23
j  org.gradle.launcher.daemon.server.exec.ResetDeprecationLogger.execute(Lorg/gradle/launcher/daemon/server/api/DaemonCommandExecution;)V+7
j  org.gradle.launcher.daemon.server.api.DaemonCommandExecution.proceed()Z+23
j  org.gradle.launcher.daemon.server.exec.RequestStopIfSingleUsedDaemon.execute(Lorg/gradle/launcher/daemon/server/api/DaemonCommandExecution;)V+33
j  org.gradle.launcher.daemon.server.api.DaemonCommandExecution.proceed()Z+23
j  org.gradle.launcher.daemon.server.exec.ForwardClientInput.lambda$execute$0(Lorg/gradle/launcher/daemon/server/api/DaemonCommandExecution;Lorg/gradle/internal/daemon/clientinput/StdinHandler;)Ljava/lang/Object;+11
j  org.gradle.launcher.daemon.server.exec.ForwardClientInput$$Lambda+0x0000000100232ea0.apply(Ljava/lang/Object;)Ljava/lang/Object;+8
j  org.gradle.internal.daemon.clientinput.ClientInputForwarder.forwardInput(Ljava/util/function/Function;)Ljava/lang/Object;+46
j  org.gradle.launcher.daemon.server.exec.ForwardClientInput.execute(Lorg/gradle/launcher/daemon/server/api/DaemonCommandExecution;)V+10
j  org.gradle.launcher.daemon.server.api.DaemonCommandExecution.proceed()Z+23
j  org.gradle.launcher.daemon.server.exec.LogAndCheckHealth.execute(Lorg/gradle/launcher/daemon/server/api/DaemonCommandExecution;)V+51
j  org.gradle.launcher.daemon.server.api.DaemonCommandExecution.proceed()Z+23
j  org.gradle.launcher.daemon.server.exec.LogToClient.doBuild(Lorg/gradle/launcher/daemon/server/api/DaemonCommandExecution;Lorg/gradle/launcher/daemon/protocol/Build;)V+87
j  org.gradle.launcher.daemon.server.exec.BuildCommandOnly.execute(Lorg/gradle/launcher/daemon/server/api/DaemonCommandExecution;)V+49
j  org.gradle.launcher.daemon.server.api.DaemonCommandExecution.proceed()Z+23
j  org.gradle.launcher.daemon.server.exec.EstablishBuildEnvironment.doBuild(Lorg/gradle/launcher/daemon/server/api/DaemonCommandExecution;Lorg/gradle/launcher/daemon/protocol/Build;)V+356
j  org.gradle.launcher.daemon.server.exec.BuildCommandOnly.execute(Lorg/gradle/launcher/daemon/server/api/DaemonCommandExecution;)V+49
j  org.gradle.launcher.daemon.server.api.DaemonCommandExecution.proceed()Z+23
j  org.gradle.launcher.daemon.server.exec.StartBuildOrRespondWithBusy$1.run()V+44
j  org.gradle.launcher.daemon.server.DaemonStateCoordinator.lambda$runCommand$0(Ljava/lang/Runnable;)V+1
j  org.gradle.launcher.daemon.server.DaemonStateCoordinator$$Lambda+0x0000000100231828.run()V+8
j  org.gradle.internal.concurrent.ExecutorPolicy$CatchAndRecordFailures.onExecute(Ljava/lang/Runnable;)V+1
j  org.gradle.internal.concurrent.AbstractManagedExecutor$1.run()V+25
j  java.util.concurrent.ThreadPoolExecutor.runWorker(Ljava/util/concurrent/ThreadPoolExecutor$Worker;)V+92 java.base@21.0.12.1
j  java.util.concurrent.ThreadPoolExecutor$Worker.run()V+5 java.base@21.0.12.1
j  java.lang.Thread.runWith(Ljava/lang/Object;Ljava/lang/Runnable;)V+5 java.base@21.0.12.1
j  java.lang.Thread.run()V+19 java.base@21.0.12.1
v  ~StubRoutines::call_stub 0x000001f74279100d

Compiled method (n/a) 47318 1849     n 0       java.lang.ClassLoader::defineClass0 (native)
 total in heap  [0x000001f742e00e10,0x000001f742e013c8] = 1464
 relocation     [0x000001f742e00f70,0x000001f742e00fa8] = 56
 main code      [0x000001f742e00fc0,0x000001f742e013c4] = 1028
 stub code      [0x000001f742e013c4,0x000001f742e013c8] = 4

[Constant Pool (empty)]

[MachCode]
[Entry Point]
  # {method} {0x000001f74e022b20} 'defineClass0' '(Ljava/lang/ClassLoader;Ljava/lang/Class;Ljava/lang/String;[BIILjava/security/ProtectionDomain;ZILjava/lang/Object;)Ljava/lang/Class;' in 'java/lang/ClassLoader'
  # parm0:    rdx:rdx   = 'java/lang/ClassLoader'
  # parm1:    r8:r8     = 'java/lang/Class'
  # parm2:    r9:r9     = 'java/lang/String'
  # parm3:    rdi:rdi   = '[B'
  # parm4:    rsi       = int
  # parm5:    rcx       = int
  # parm6:    [sp+0xb0]   = 'java/security/ProtectionDomain'  (sp of caller)
  # parm7:    [sp+0xb8]   = boolean
  # parm8:    [sp+0xc0]   = int
  # parm9:    [sp+0xc8]   = 'java/lang/Object'
  0x000001f742e00fc0: 448b 5208 | 49c1 e203 | 493b c20f | 8407 0000 

  0x000001f742e00fd0: ;   {runtime_call ic_miss_stub}
  0x000001f742e00fd0: 00e9 aad7 | 9dff 6690 
[Verified Entry Point]
  0x000001f742e00fd8: 8984 2400 | 80ff ff55 | 488b ec48 | 81ec a000 | 0000 6690 | 4181 7f20 | 0500 0000 

  0x000001f742e00ff4: ;   {runtime_call StubRoutines (final stubs)}
  0x000001f742e00ff4: 7405 e805 | 599c ff48 | 837d 2800 | 488d 4528 | 480f 4445 | 2848 8944 | 2458 4863 | 4520 4889 
  0x000001f742e01014: 4424 5048 | 6345 1848 | 8944 2448 | 4883 7d10 | 0048 8d45 | 1048 0f44 | 4510 4889 | 4424 4048 
  0x000001f742e01034: 894c 2438 | 4889 7424 | 3048 897c | 2478 4883 | ff00 488d | 4424 7848 | 0f44 4424 | 7848 8944 
  0x000001f742e01054: 2428 4c89 | 4c24 7049 | 83f9 0048 | 8d44 2470 | 480f 4444 | 2470 4889 | 4424 204c | 8944 2468 
  0x000001f742e01074: 4983 f800 | 4c8d 4c24 | 684c 0f44 | 4c24 6848 | 8954 2460 | 4883 fa00 | 4c8d 4424 | 604c 0f44 
  0x000001f742e01094: ;   {oop(a 'java/lang/Class'{0x00000000e0708e88} = 'java/lang/ClassLoader')}
  0x000001f742e01094: 4424 6049 | be88 8e70 | e000 0000 | 004c 89b4 | 2490 0000 | 004c 8db4 | 2490 0000 | 0049 8bd6 
  0x000001f742e010b4: ;   {internal_word}
  0x000001f742e010b4: c5f8 7749 | bab4 10e0 | 42f7 0100 | 004d 8997 | a803 0000 | 4989 a7a0 

  0x000001f742e010cc: ;   {external_word}
  0x000001f742e010cc: 0300 0049 | ba06 6d55 | 83fe 7f00 | 0041 803a | 000f 844e | 0000 0052 | 4150 4151 

  0x000001f742e010e8: ;   {metadata({method} {0x000001f74e022b20} 'defineClass0' '(Ljava/lang/ClassLoader;Ljava/lang/Class;Ljava/lang/String;[BIILjava/security/ProtectionDomain;ZILjava/lang/Object;)Ljava/lang/Class;' in 'java/lang/ClassLoader')}
  0x000001f742e010e8: 48ba 182b | 024e f701 | 0000 498b | cf48 83ec | 2040 f6c4 | 0f0f 8419 | 0000 0048 

  0x000001f742e01104: ;   {runtime_call}
  0x000001f742e01104: 83ec 0848 | b8e0 eafe | 82fe 7f00 | 00ff d048 | 83c4 08e9 | 0c00 0000 

  0x000001f742e0111c: ;   {runtime_call}
  0x000001f742e0111c: 48b8 e0ea | fe82 fe7f | 0000 ffd0 | 4883 c420 | 4159 4158 | 5a49 8d8f | c003 0000 | 41c7 874c 
  0x000001f742e0113c: 0400 0004 

  0x000001f742e01140: ;   {runtime_call}
  0x000001f742e01140: 0000 0048 | b81c 15d9 | dcfe 7f00 | 00ff d0c5 | f877 41c7 | 874c 0400 | 0005 0000 | 00f0 8344 
  0x000001f742e01160: 24c0 0049 | 3baf 5004 | 0000 0f87 | 0e00 0000 | 4183 bf48 | 0400 0000 | 0f84 2b00 | 0000 c5f8 
  0x000001f742e01180: 7748 8945 | f849 8bcf | 4c8b e448 | 83ec 2048 

  0x000001f742e01190: ;   {runtime_call}
  0x000001f742e01190: 83e4 f048 | b800 58ca | 82fe 7f00 | 00ff d049 | 8be4 4d33 | e448 8b45 | f841 c787 | 4c04 0000 
  0x000001f742e011b0: 0800 0000 | 4183 bfc8 | 0400 0002 | 0f84 d501 

  0x000001f742e011c0: ;   {external_word}
  0x000001f742e011c0: 0000 49ba | 066d 5583 | fe7f 0000 | 4180 3a00 | 0f84 4c00 | 0000 4889 

  0x000001f742e011d8: ;   {metadata({method} {0x000001f74e022b20} 'defineClass0' '(Ljava/lang/ClassLoader;Ljava/lang/Class;Ljava/lang/String;[BIILjava/security/ProtectionDomain;ZILjava/lang/Object;)Ljava/lang/Class;' in 'java/lang/ClassLoader')}
  0x000001f742e011d8: 45f8 48ba | 182b 024e | f701 0000 | 498b cf48 | 83ec 2040 | f6c4 0f0f | 8419 0000 | 0048 83ec 
  0x000001f742e011f8: ;   {runtime_call}
  0x000001f742e011f8: 0848 b8e0 | eafe 82fe | 7f00 00ff | d048 83c4 | 08e9 0c00 

  0x000001f742e0120c: ;   {runtime_call}
  0x000001f742e0120c: 0000 48b8 | e0ea fe82 | fe7f 0000 | ffd0 4883 | c420 488b | 45f8 49c7 | 87a0 0300 | 0000 0000 
  0x000001f742e0122c: 0049 c787 | a803 0000 | 0000 0000 | c5f8 7748 | 85c0 0f84 | 3001 0000 | a803 0f85 | 0800 0000 
  0x000001f742e0124c: 488b 00e9 | 2001 0000 | a801 0f85 | 0900 0000 | 488b 40fe | e90f 0100 | 0048 8b40 | ff41 807f 
  0x000001f742e0126c: 4000 0f84 | 0001 0000 | 4883 f800 | 0f84 f600 | 0000 498b | 4f28 4883 | f900 0f84 | 1400 0000 
  0x000001f742e0128c: 4883 e908 | 4989 4f28 | 4903 4f38 | 4889 01e9 | d400 0000 | 4883 ec70 | 4889 0424 | 4889 4c24 
  0x000001f742e012ac: 0848 8954 | 2410 4c89 | 4424 184c | 894c 2420 | 4c89 5424 | 284c 895c | 2430 c5fb | 1144 2440 
  0x000001f742e012cc: c5fb 114c | 2448 c5fb | 1154 2450 | c5fb 115c | 2458 c5fb | 1164 2460 | c5fb 116c | 2468 498b 
  0x000001f742e012ec: d748 8bc8 | 4883 ec20 | 40f6 c40f | 0f84 1900 | 0000 4883 

  0x000001f742e01300: ;   {runtime_call}
  0x000001f742e01300: ec08 48b8 | 20a4 bd82 | fe7f 0000 | ffd0 4883 | c408 e90c 

  0x000001f742e01314: ;   {runtime_call}
  0x000001f742e01314: 0000 0048 | b820 a4bd | 82fe 7f00 | 00ff d048 | 83c4 20c5 | fb10 6c24 | 68c5 fb10 | 6424 60c5 
  0x000001f742e01334: fb10 5c24 | 58c5 fb10 | 5424 50c5 | fb10 4c24 | 48c5 fb10 | 4424 404c | 8b5c 2430 | 4c8b 5424 
  0x000001f742e01354: 284c 8b4c | 2420 4c8b | 4424 1848 | 8b54 2410 | 488b 4c24 | 0848 8b04 | 2448 83c4 | 70c5 f877 
  0x000001f742e01374: 498b 8f30 | 0400 00c7 | 8100 0100 | 0000 0000 | 00c9 4983 | 7f08 000f | 8501 0000 

  0x000001f742e01390: ;   {runtime_call StubRoutines (initial stubs)}
  0x000001f742e01390: 00c3 e969 | fb98 ffc5 | f877 4889 | 45f8 4c8b | e448 83ec | 2048 83e4 

  0x000001f742e013a8: ;   {runtime_call}
  0x000001f742e013a8: f048 b830 | 22ff 82fe | 7f00 00ff | d049 8be4 | 4d33 e448 | 8b45 f8e9 | fefd ffff 
[Stub Code]
  0x000001f742e013c4: f4f4 f4f4 
[/MachCode]


Compiled method (c1) 47352 2383       3       java.lang.System$2::defineClass (21 bytes)
 total in heap  [0x000001f73b6f3a90,0x000001f73b6f3e70] = 992
 relocation     [0x000001f73b6f3bf0,0x000001f73b6f3c30] = 64
 main code      [0x000001f73b6f3c40,0x000001f73b6f3d78] = 312
 stub code      [0x000001f73b6f3d78,0x000001f73b6f3db8] = 64
 metadata       [0x000001f73b6f3db8,0x000001f73b6f3dc0] = 8
 scopes data    [0x000001f73b6f3dc0,0x000001f73b6f3e08] = 72
 scopes pcs     [0x000001f73b6f3e08,0x000001f73b6f3e58] = 80
 dependencies   [0x000001f73b6f3e58,0x000001f73b6f3e60] = 8
 nul chk table  [0x000001f73b6f3e60,0x000001f73b6f3e70] = 16

[Constant Pool (empty)]

[MachCode]
[Entry Point]
  # {method} {0x000001f74e18b5e8} 'defineClass' '(Ljava/lang/ClassLoader;Ljava/lang/Class;Ljava/lang/String;[BLjava/security/ProtectionDomain;ZILjava/lang/Object;)Ljava/lang/Class;' in 'java/lang/System$2'
  # this:     rdx:rdx   = 'java/lang/System$2'
  # parm0:    r8:r8     = 'java/lang/ClassLoader'
  # parm1:    r9:r9     = 'java/lang/Class'
  # parm2:    rdi:rdi   = 'java/lang/String'
  # parm3:    rsi:rsi   = '[B'
  # parm4:    rcx:rcx   = 'java/security/ProtectionDomain'
  # parm5:    [sp+0x70]   = boolean  (sp of caller)
  # parm6:    [sp+0x78]   = int
  # parm7:    [sp+0x80]   = 'java/lang/Object'
  0x000001f73b6f3c40: 448b 5208 | 49c1 e203 

  0x000001f73b6f3c48: ;   {runtime_call ic_miss_stub}
  0x000001f73b6f3c48: 4c3b d00f | 852f ab0e | 0766 6666 | 0f1f 8400 | 0000 0000 | 6666 6690 
[Verified Entry Point]
  0x000001f73b6f3c60: 8984 2400 | 80ff ff55 | 4883 ec60 | 4181 7f20 | 0500 0000 

  0x000001f73b6f3c74: ;   {runtime_call StubRoutines (final stubs)}
  0x000001f73b6f3c74: 7405 e885 | 2c0d 0748 

  0x000001f73b6f3c7c: ;   {metadata(method data for {method} {0x000001f74e18b5e8} 'defineClass' '(Ljava/lang/ClassLoader;Ljava/lang/Class;Ljava/lang/String;[BLjava/security/ProtectionDomain;ZILjava/lang/Object;)Ljava/lang/Class;' in 'java/lang/System$2')}
  0x000001f73b6f3c7c: 8bd9 48b9 | 00ab 164f | f701 0000 | 8b81 cc00 | 0000 83c0 | 0289 81cc | 0000 0025 | fe07 0000 
  0x000001f73b6f3c9c: 85c0 0f84 | 6b00 0000 | 4c8b ac24 | 8000 0000 | 448b 5c24 | 788b 4424 | 708b 4e0c 

  0x000001f73b6f3cb8: ;   {metadata(method data for {method} {0x000001f74e18b5e8} 'defineClass' '(Ljava/lang/ClassLoader;Ljava/lang/Class;Ljava/lang/String;[BLjava/security/ProtectionDomain;ZILjava/lang/Object;)Ljava/lang/Class;' in 'java/lang/System$2')}
  0x000001f73b6f3cb8: 48ba 00ab | 164f f701 | 0000 4883 | 8210 0100 | 0001 498b | d04d 8bc1 | 4c8b cf48 | 8bfe be00 
  0x000001f73b6f3cd8: 0000 0048 | 891c 2489 | 4424 0844 | 895c 2410 | 4c89 6c24 

  0x000001f73b6f3cec: ;   {static_call}
  0x000001f73b6f3cec: 1866 90e8 

  0x000001f73b6f3cf0: ; ImmutableOopMap {}
                      ;*invokestatic defineClass0 {reexecute=0 rethrow=0 return_oop=0}
                      ; - java.lang.System$2::defineClass@17
  0x000001f73b6f3cf0: e4d2 7007 

  0x000001f73b6f3cf4: ;   {other}
  0x000001f73b6f3cf4: 0f1f 8400 | 6402 0000 | 4883 c460 

  0x000001f73b6f3d00: ;   {poll_return}
  0x000001f73b6f3d00: 5d49 3ba7 | 5004 0000 | 0f87 2700 

  0x000001f73b6f3d0c: ;   {metadata({method} {0x000001f74e18b5e8} 'defineClass' '(Ljava/lang/ClassLoader;Ljava/lang/Class;Ljava/lang/String;[BLjava/security/ProtectionDomain;ZILjava/lang/Object;)Ljava/lang/Class;' in 'java/lang/System$2')}
  0x000001f73b6f3d0c: 0000 c349 | bae0 b518 | 4ef7 0100 | 004c 8954 | 2408 48c7 | 0424 ffff 

  0x000001f73b6f3d24: ;   {runtime_call counter_overflow Runtime1 stub}
  0x000001f73b6f3d24: ffff e8d5 

  0x000001f73b6f3d28: ; ImmutableOopMap {rdx=Oop r8=Oop r9=Oop rdi=Oop rsi=Oop rbx=Oop [128]=Oop }
                      ;*synchronization entry
                      ; - java.lang.System$2::defineClass@-1
  0x000001f73b6f3d28: 3f1c 07e9 | 74ff ffff 

  0x000001f73b6f3d30: ;   {runtime_call throw_null_pointer_exception Runtime1 stub}
  0x000001f73b6f3d30: e8cb ee1b 

  0x000001f73b6f3d34: ; ImmutableOopMap {r8=Oop r9=Oop rdi=Oop rsi=Oop rbx=Oop r13=Oop [128]=Oop }
                      ;*arraylength {reexecute=0 rethrow=0 return_oop=0}
                      ; - java.lang.System$2::defineClass@8
                      ;   {internal_word}
  0x000001f73b6f3d34: 0749 ba01 | 3d6f 3bf7 | 0100 004d | 8997 6804 

  0x000001f73b6f3d44: ;   {runtime_call SafepointBlob}
  0x000001f73b6f3d44: 0000 e9b5 | 160f 0749 | 8b87 0005 | 0000 49c7 | 8700 0500 | 0000 0000 | 0049 c787 | 0805 0000 
  0x000001f73b6f3d64: 0000 0000 | 4883 c460 

  0x000001f73b6f3d6c: ;   {runtime_call unwind_exception Runtime1 stub}
  0x000001f73b6f3d6c: 5de9 8edf | 1b07 f4f4 | f4f4 f4f4 
[Stub Code]
  0x000001f73b6f3d78: ;   {no_reloc}
  0x000001f73b6f3d78: 48bb 0000 | 0000 0000 

  0x000001f73b6f3d80: ;   {runtime_call nmethod}
  0x000001f73b6f3d80: 0000 e9fb 

  0x000001f73b6f3d84: ;   {runtime_call handle_exception_from_callee Runtime1 stub}
  0x000001f73b6f3d84: ffff ffe8 | 740c 1c07 

  0x000001f73b6f3d8c: ;   {external_word}
  0x000001f73b6f3d8c: 48b9 5063 | 2b83 fe7f | 0000 4883 

  0x000001f73b6f3d98: ;   {runtime_call}
  0x000001f73b6f3d98: e4f0 48b8 | c0c9 ed82 | fe7f 0000 

  0x000001f73b6f3da4: ;   {section_word}
  0x000001f73b6f3da4: ffd0 f449 | baa7 3d6f | 3bf7 0100 

  0x000001f73b6f3db0: ;   {runtime_call DeoptimizationBlob}
  0x000001f73b6f3db0: 0041 52e9 | e808 0f07 
[/MachCode]


Compiled method (c1) 47366 2737   !   3       java.lang.invoke.MethodHandles$Lookup$ClassDefiner::defineClass (213 bytes)
 total in heap  [0x000001f73b7a8a10,0x000001f73b7a9c60] = 4688
 relocation     [0x000001f73b7a8b70,0x000001f73b7a8c90] = 288
 main code      [0x000001f73b7a8ca0,0x000001f73b7a96f8] = 2648
 stub code      [0x000001f73b7a96f8,0x000001f73b7a9770] = 120
 metadata       [0x000001f73b7a9770,0x000001f73b7a97e0] = 112
 scopes data    [0x000001f73b7a97e0,0x000001f73b7a99f8] = 536
 scopes pcs     [0x000001f73b7a99f8,0x000001f73b7a9bb8] = 448
 dependencies   [0x000001f73b7a9bb8,0x000001f73b7a9bd0] = 24
 handler table  [0x000001f73b7a9bd0,0x000001f73b7a9c18] = 72
 nul chk table  [0x000001f73b7a9c18,0x000001f73b7a9c60] = 72

[Constant Pool (empty)]

[MachCode]
[Entry Point]
  # {method} {0x000001f74e4154f0} 'defineClass' '(ZLjava/lang/Object;)Ljava/lang/Class;' in 'java/lang/invoke/MethodHandles$Lookup$ClassDefiner'
  # this:     rdx:rdx   = 'java/lang/invoke/MethodHandles$Lookup$ClassDefiner'
  # parm0:    r8        = boolean
  # parm1:    r9:r9     = 'java/lang/Object'
  #           [sp+0xf0]  (sp of caller)
  0x000001f73b7a8ca0: 448b 5208 | 49c1 e203 

  0x000001f73b7a8ca8: ;   {runtime_call ic_miss_stub}
  0x000001f73b7a8ca8: 4c3b d00f | 85cf 5a03 | 0766 6666 | 0f1f 8400 | 0000 0000 | 6666 6690 
[Verified Entry Point]
  0x000001f73b7a8cc0: 8984 2400 | 80ff ff55 | 4881 ece0 | 0000 0090 | 4181 7f20 | 0500 0000 

  0x000001f73b7a8cd8: ;   {runtime_call StubRoutines (final stubs)}
  0x000001f73b7a8cd8: 7405 e821 | dc01 0748 | 8994 2498 | 0000 0044 | 8984 24b0 | 0000 004c | 898c 24b8 

  0x000001f73b7a8cf4: ;   {metadata(method data for {method} {0x000001f74e4154f0} 'defineClass' '(ZLjava/lang/Object;)Ljava/lang/Class;' in 'java/lang/invoke/MethodHandles$Lookup$ClassDefiner')}
  0x000001f73b7a8cf4: 0000 0048 | be18 b138 | 4ff7 0100 | 008b becc | 0000 0083 | c702 89be | cc00 0000 | 81e7 fe07 
  0x000001f73b7a8d14: 0000 85ff | 0f84 5b07 | 0000 8b72 | 1048 89b4 | 2490 0000 | 0048 3b06 

  0x000001f73b7a8d2c: ;   {metadata(method data for {method} {0x000001f74e4154f0} 'defineClass' '(ZLjava/lang/Object;)Ljava/lang/Class;' in 'java/lang/invoke/MethodHandles$Lookup$ClassDefiner')}
  0x000001f73b7a8d2c: 488b fe48 | bb18 b138 | 4ff7 0100 | 0048 8383 | 1001 0000 | 018b 7e10 | 4889 bc24 | a800 0000 
  0x000001f73b7a8d4c: ; implicit exception: dispatches to 0x000001f73b7a949f
  0x000001f73b7a8d4c: 483b 0748 

  0x000001f73b7a8d50: ;   {metadata(method data for {method} {0x000001f74e4154f0} 'defineClass' '(ZLjava/lang/Object;)Ljava/lang/Class;' in 'java/lang/invoke/MethodHandles$Lookup$ClassDefiner')}
  0x000001f73b7a8d50: 8bdf 48b8 | 18b1 384f | f701 0000 | 4883 8048 | 0100 0001 

  0x000001f73b7a8d64: ;   {metadata(method data for {method} {0x000001f74e016660} 'getClassLoader' '()Ljava/lang/ClassLoader;' in 'java/lang/Class')}
  0x000001f73b7a8d64: 48bb d0ad | 544e f701 | 0000 8b83 | cc00 0000 | 83c0 0289 | 83cc 0000 | 0025 feff | 1f00 85c0 
  0x000001f73b7a8d84: 0f84 1a07 | 0000 8b5f | 3448 85db 

  0x000001f73b7a8d90: ;   {metadata(method data for {method} {0x000001f74e016660} 'getClassLoader' '()Ljava/lang/ClassLoader;' in 'java/lang/Class')}
  0x000001f73b7a8d90: 48b8 d0ad | 544e f701 | 0000 48c7 | c110 0100 | 0075 0748 | c7c1 2001 | 0000 4c8b | 1c08 4d8d 
  0x000001f73b7a8db0: 5b01 4c89 | 1c08 0f85 | 0f00 0000 

  0x000001f73b7a8dbc: ;   {oop(nullptr)}
  0x000001f73b7a8dbc: 48bb 0000 | 0000 0000 | 0000 e9a2 

  0x000001f73b7a8dc8: ;   {metadata(method data for {method} {0x000001f74e016660} 'getClassLoader' '()Ljava/lang/ClassLoader;' in 'java/lang/Class')}
  0x000001f73b7a8dc8: 0000 0048 | b8d0 ad54 | 4ef7 0100 | 0048 8380 | 3001 0000 

  0x000001f73b7a8ddc: ;   {metadata(method data for {method} {0x000001f74e028e00} 'getSecurityManager' '()Ljava/lang/SecurityManager;' in 'java/lang/System')}
  0x000001f73b7a8ddc: 0148 b870 | b854 4ef7 | 0100 008b | 88cc 0000 | 0083 c102 | 8988 cc00 | 0000 81e1 | feff 1f00 
  0x000001f73b7a8dfc: 85c9 0f84 | c106 0000 

  0x000001f73b7a8e04: ;   {metadata(method data for {method} {0x000001f74e028e00} 'getSecurityManager' '()Ljava/lang/SecurityManager;' in 'java/lang/System')}
  0x000001f73b7a8e04: 48b8 70b8 | 544e f701 | 0000 4883 | 8010 0100 

  0x000001f73b7a8e14: ;   {metadata(method data for {method} {0x000001f74e028388} 'allowSecurityManager' '()Z' in 'java/lang/System')}
  0x000001f73b7a8e14: 0001 48b8 | 60ba 544e | f701 0000 | 8b88 cc00 | 0000 83c1 | 0289 88cc | 0000 0081 | e1fe ff1f 
  0x000001f73b7a8e34: 0085 c90f | 84a9 0600 

  0x000001f73b7a8e3c: ;   {metadata(method data for {method} {0x000001f74e028388} 'allowSecurityManager' '()Z' in 'java/lang/System')}
  0x000001f73b7a8e3c: 0048 b860 | ba54 4ef7 | 0100 00ff | 8010 0100 

  0x000001f73b7a8e4c: ;   {metadata(method data for {method} {0x000001f74e028e00} 'getSecurityManager' '()Ljava/lang/SecurityManager;' in 'java/lang/System')}
  0x000001f73b7a8e4c: 0048 b870 | b854 4ef7 | 0100 00ff | 8020 0100 

  0x000001f73b7a8e5c: ;   {metadata(method data for {method} {0x000001f74e016660} 'getClassLoader' '()Ljava/lang/ClassLoader;' in 'java/lang/Class')}
  0x000001f73b7a8e5c: 0048 b8d0 | ad54 4ef7 | 0100 00ff | 8040 0100 | 0048 85db 

  0x000001f73b7a8e70: ;   {metadata(method data for {method} {0x000001f74e4154f0} 'defineClass' '(ZLjava/lang/Object;)Ljava/lang/Class;' in 'java/lang/invoke/MethodHandles$Lookup$ClassDefiner')}
  0x000001f73b7a8e70: 48b8 18b1 | 384f f701 | 0000 48c7 | c180 0100 | 0074 0748 | c7c1 9001 | 0000 4c8b | 1c08 4d8d 
  0x000001f73b7a8e90: 5b01 4c89 | 1c08 0f84 | 4302 0000 

  0x000001f73b7a8e9c: ;   {metadata(method data for {method} {0x000001f74e4154f0} 'defineClass' '(ZLjava/lang/Object;)Ljava/lang/Class;' in 'java/lang/invoke/MethodHandles$Lookup$ClassDefiner')}
  0x000001f73b7a8e9c: 488b c648 | b918 b138 | 4ff7 0100 | 0048 8381 | a001 0000 

  0x000001f73b7a8eb0: ;   {metadata(method data for {method} {0x000001f74e28b268} 'lookupClassProtectionDomain' '()Ljava/security/ProtectionDomain;' in 'java/lang/invoke/MethodHandles$Lookup')}
  0x000001f73b7a8eb0: 0148 b868 | b838 4ff7 | 0100 008b | 88cc 0000 | 0083 c102 | 8988 cc00 | 0000 81e1 | feff 1f00 
  0x000001f73b7a8ed0: 85c9 0f84 | 2f06 0000 | 8b46 1848 

  0x000001f73b7a8edc: ;   {metadata(method data for {method} {0x000001f74e28b268} 'lookupClassProtectionDomain' '()Ljava/security/ProtectionDomain;' in 'java/lang/invoke/MethodHandles$Lookup')}
  0x000001f73b7a8edc: 85c0 48b9 | 68b8 384f | f701 0000 | 49c7 c310 | 0100 0075 | 0749 c7c3 | 2001 0000 | 4e8b 2c19 
  0x000001f73b7a8efc: 4d8d 6d01 | 4e89 2c19 | 4889 9c24 | a000 0000 | 0f85 b701 

  0x000001f73b7a8f10: ;   {metadata(method data for {method} {0x000001f74e28b268} 'lookupClassProtectionDomain' '()Ljava/security/ProtectionDomain;' in 'java/lang/invoke/MethodHandles$Lookup')}
  0x000001f73b7a8f10: 0000 48b8 | 68b8 384f | f701 0000 | 4883 8030 | 0100 0001 

  0x000001f73b7a8f24: ;   {metadata(method data for {method} {0x000001f74e169f10} 'getJavaLangAccess' '()Ljdk/internal/access/JavaLangAccess;' in 'jdk/internal/access/SharedSecrets')}
  0x000001f73b7a8f24: 48b8 88e4 | 964e f701 | 0000 8b88 | cc00 0000 | 83c1 0289 | 88cc 0000 | 0081 e1fe | ff1f 0085 
  0x000001f73b7a8f44: c90f 84dd 

  0x000001f73b7a8f48: ;   {oop(a 'java/lang/Class'{0x00000000e063ff78} = 'jdk/internal/access/SharedSecrets')}
  0x000001f73b7a8f48: 0500 0048 | b878 ff63 | e000 0000 | 008b 407c | 8b4e 1048 | 85c0 0f84 | 2100 0000 

  0x000001f73b7a8f64: ;   {metadata('java/lang/System$2')}
  0x000001f73b7a8f64: 48be e827 | 0600 0100 | 0000 448b | 7008 49c1 | e603 493b | 7638 0f85 | c905 0000 | e900 0000 
  0x000001f73b7a8f84: 004c 8bd8 

  0x000001f73b7a8f88: ; implicit exception: dispatches to 0x000001f73b7a954e
                      ;   {metadata(method data for {method} {0x000001f74e28b268} 'lookupClassProtectionDomain' '()Ljava/security/ProtectionDomain;' in 'java/lang/invoke/MethodHandles$Lookup')}
  0x000001f73b7a8f88: 483b 0048 | be68 b838 | 4ff7 0100 

  0x000001f73b7a8f94: ;   {metadata('java/lang/System$2')}
  0x000001f73b7a8f94: 0049 bae8 | 2706 0001 | 0000 004c | 8996 5001 | 0000 4883 | 8658 0100 

  0x000001f73b7a8fac: ;   {metadata(method data for {method} {0x000001f74e18cc28} 'protectionDomain' '(Ljava/lang/Class;)Ljava/security/ProtectionDomain;' in 'java/lang/System$2')}
  0x000001f73b7a8fac: 0001 48be | 20ba 384f | f701 0000 | 8b86 cc00 | 0000 83c0 | 0289 86cc | 0000 0025 | feff 1f00 
  0x000001f73b7a8fcc: 85c0 0f84 | 7f05 0000 

  0x000001f73b7a8fd4: ; implicit exception: dispatches to 0x000001f73b7a9574
  0x000001f73b7a8fd4: 483b 0148 

  0x000001f73b7a8fd8: ;   {metadata(method data for {method} {0x000001f74e18cc28} 'protectionDomain' '(Ljava/lang/Class;)Ljava/security/ProtectionDomain;' in 'java/lang/System$2')}
  0x000001f73b7a8fd8: 8bf1 48b8 | 20ba 384f | f701 0000 | 4883 8010 | 0100 0001 

  0x000001f73b7a8fec: ;   {metadata(method data for {method} {0x000001f74e019b08} 'protectionDomain' '()Ljava/security/ProtectionDomain;' in 'java/lang/Class')}
  0x000001f73b7a8fec: 48be b0bb | 384f f701 | 0000 8b86 | cc00 0000 | 83c0 0289 | 86cc 0000 | 0025 feff | 1f00 85c0 
  0x000001f73b7a900c: 0f84 6705 | 0000 488b 

  0x000001f73b7a9014: ;   {metadata(method data for {method} {0x000001f74e019b08} 'protectionDomain' '()Ljava/security/ProtectionDomain;' in 'java/lang/Class')}
  0x000001f73b7a9014: f148 b8b0 | bb38 4ff7 | 0100 0048 | 8380 1001 | 0000 0148 | 8bd1 0f1f 

  0x000001f73b7a902c: ;   {optimized virtual_call}
  0x000001f73b7a902c: 4400 00e8 

  0x000001f73b7a9030: ; ImmutableOopMap {[144]=Oop [152]=Oop [160]=Oop [168]=Oop [184]=Oop }
                      ;*invokevirtual getProtectionDomain0 {reexecute=0 rethrow=0 return_oop=0}
                      ; - java.lang.Class::protectionDomain@1
                      ; - java.lang.System$2::protectionDomain@1
                      ; - java.lang.invoke.MethodHandles$Lookup::lookupClassProtectionDomain@17
                      ; - java.lang.invoke.MethodHandles$Lookup$ClassDefiner::defineClass@23
  0x000001f73b7a9030: a410 6d07 

  0x000001f73b7a9034: ;   {other}
  0x000001f73b7a9034: 0f1f 8400 | 2406 0000 

  0x000001f73b7a903c: ;   {metadata(method data for {method} {0x000001f74e019b08} 'protectionDomain' '()Ljava/security/ProtectionDomain;' in 'java/lang/Class')}
  0x000001f73b7a903c: 4885 c049 | b8b0 bb38 | 4ff7 0100 | 0049 c7c1 | 4801 0000 | 7507 49c7 | c158 0100 | 004b 8b3c 
  0x000001f73b7a905c: 0848 8d7f | 014b 893c | 080f 8521 | 0000 000f | 1f44 0000 

  0x000001f73b7a9070: ;   {no_reloc}
  0x000001f73b7a9070: e99d 0500 | 0000 0000 | 0000 660f | 1f44 0000 

  0x000001f73b7a9080: ; implicit exception: dispatches to 0x000001f73b7a961c
  0x000001f73b7a9080: e9a8 0500 | 0090 90e9 | 0300 0000 | 4c8b c048 | 8bb4 2490 | 0000 0045 | 0fbe 4f40 | 4585 c90f 
  0x000001f73b7a90a0: 8592 0500 | 004d 8bd0 | 4489 5618 | f083 4424 | c000 4c8b | ce4d 33c8 | 49c1 e914 | 4983 f900 
  0x000001f73b7a90c0: 0f85 8d05 | 0000 498b 

  0x000001f73b7a90c8: ;   {metadata(method data for {method} {0x000001f74e4154f0} 'defineClass' '(ZLjava/lang/Object;)Ljava/lang/Class;' in 'java/lang/invoke/MethodHandles$Lookup$ClassDefiner')}
  0x000001f73b7a90c8: c049 b818 | b138 4ff7 | 0100 0041 | ff80 d801 | 0000 e912 | 0000 0048 | 899c 24a0 

  0x000001f73b7a90e4: ;   {oop(nullptr)}
  0x000001f73b7a90e4: 0000 0048 | b800 0000 | 0000 0000 | 0048 8b9c | 24a0 0000 | 0048 8bbc | 24a8 0000 | 0048 8b94 
  0x000001f73b7a9104: 2498 0000 

  0x000001f73b7a9108: ;   {metadata(method data for {method} {0x000001f74e4154f0} 'defineClass' '(ZLjava/lang/Object;)Ljava/lang/Class;' in 'java/lang/invoke/MethodHandles$Lookup$ClassDefiner')}
  0x000001f73b7a9108: 0049 b818 | b138 4ff7 | 0100 0049 | 8380 f001 

  0x000001f73b7a9118: ;   {metadata(method data for {method} {0x000001f74e169f10} 'getJavaLangAccess' '()Ljdk/internal/access/JavaLangAccess;' in 'jdk/internal/access/SharedSecrets')}
  0x000001f73b7a9118: 0000 0149 | b888 e496 | 4ef7 0100 | 0045 8b88 | cc00 0000 | 4183 c102 | 4589 88cc | 0000 0041 
  0x000001f73b7a9138: 81e1 feff | 1f00 4585 | c90f 8424 

  0x000001f73b7a9144: ;   {oop(a 'java/lang/Class'{0x00000000e063ff78} = 'jdk/internal/access/SharedSecrets')}
  0x000001f73b7a9144: 0500 0049 | b878 ff63 | e000 0000 | 0045 8b70 | 7c8b 7214 | 8b4a 1844 | 8b4a 0c4d | 85f6 0f84 
  0x000001f73b7a9164: 2100 0000 

  0x000001f73b7a9168: ;   {metadata('java/lang/System$2')}
  0x000001f73b7a9168: 49bb e827 | 0600 0100 | 0000 458b | 6e08 49c1 | e503 4d3b | 5d38 0f85 | 0805 0000 | e900 0000 
  0x000001f73b7a9188: 004d 8bc6 

  0x000001f73b7a918c: ; implicit exception: dispatches to 0x000001f73b7a9691
  0x000001f73b7a918c: 493b 064d 

  0x000001f73b7a9190: ;   {metadata(method data for {method} {0x000001f74e4154f0} 'defineClass' '(ZLjava/lang/Object;)Ljava/lang/Class;' in 'java/lang/invoke/MethodHandles$Lookup$ClassDefiner')}
  0x000001f73b7a9190: 8bc6 48ba | 18b1 384f | f701 0000 

  0x000001f73b7a919c: ;   {metadata('java/lang/System$2')}
  0x000001f73b7a919c: 49ba e827 | 0600 0100 | 0000 4c89 | 9210 0200 | 0048 8382 | 1802 0000 | 014c 8bc3 | 498b d14c 
  0x000001f73b7a91bc: 8bcf 488b | fe48 8bf1 | 488b c88b | 8424 b000 | 0000 8904 | 2489 5424 | 0848 8b94 | 24b8 0000 
  0x000001f73b7a91dc: 0048 8954 | 2410 498b 

  0x000001f73b7a91e4: ;   {optimized virtual_call}
  0x000001f73b7a91e4: d666 90e8 

  0x000001f73b7a91e8: ; ImmutableOopMap {[152]=Oop [168]=Oop }
                      ;*invokeinterface defineClass {reexecute=0 rethrow=0 return_oop=0}
                      ; - java.lang.invoke.MethodHandles$Lookup$ClassDefiner::defineClass@57
  0x000001f73b7a91e8: 74aa f4ff 

  0x000001f73b7a91ec: ;   {other}
  0x000001f73b7a91ec: 0f1f 8400 | dc07 0001 

  0x000001f73b7a91f4: ;   {metadata(method data for {method} {0x000001f74e4154f0} 'defineClass' '(ZLjava/lang/Object;)Ljava/lang/Class;' in 'java/lang/invoke/MethodHandles$Lookup$ClassDefiner')}
  0x000001f73b7a91f4: 49b8 18b1 | 384f f701 | 0000 41ff | 8038 0200 | 0048 8b94 | 2498 0000 | 008b 721c 

  0x000001f73b7a9210: ; implicit exception: dispatches to 0x000001f73b7a9696
  0x000001f73b7a9210: 483b 064c 

  0x000001f73b7a9214: ;   {metadata(method data for {method} {0x000001f74e4154f0} 'defineClass' '(ZLjava/lang/Object;)Ljava/lang/Class;' in 'java/lang/invoke/MethodHandles$Lookup$ClassDefiner')}
  0x000001f73b7a9214: 8bc6 49b9 | 18b1 384f | f701 0000 | 4983 8150 | 0300 0001 | 440f be46 | 0c41 83e0 | 0145 85c0 
  0x000001f73b7a9234: ;   {metadata(method data for {method} {0x000001f74e4154f0} 'defineClass' '(ZLjava/lang/Object;)Ljava/lang/Class;' in 'java/lang/invoke/MethodHandles$Lookup$ClassDefiner')}
  0x000001f73b7a9234: 49b8 18b1 | 384f f701 | 0000 49c7 | c188 0300 | 0074 0749 | c7c1 9803 | 0000 4b8b | 3c08 488d 
  0x000001f73b7a9254: 7f01 4b89 | 3c08 0f84 | c401 0000 

  0x000001f73b7a9260: ;   {metadata(method data for {method} {0x000001f74e4154f0} 'defineClass' '(ZLjava/lang/Object;)Ljava/lang/Class;' in 'java/lang/invoke/MethodHandles$Lookup$ClassDefiner')}
  0x000001f73b7a9260: 4c8b c249 | b918 b138 | 4ff7 0100 

  0x000001f73b7a926c: ;   {metadata('java/lang/invoke/MethodHandles$Lookup$ClassDefiner')}
  0x000001f73b7a926c: 0049 baf0 | e803 0001 | 0000 004d | 8991 b803 | 0000 4983 | 81c0 0300 | 0001 8b7a | 1448 85c0 
  0x000001f73b7a928c: ;   {metadata(method data for {method} {0x000001f74e4154f0} 'defineClass' '(ZLjava/lang/Object;)Ljava/lang/Class;' in 'java/lang/invoke/MethodHandles$Lookup$ClassDefiner')}
  0x000001f73b7a928c: 49b8 18b1 | 384f f701 | 0000 49c7 | c1e0 0300 | 0074 0749 | c7c1 f003 | 0000 4b8b | 1c08 488d 
  0x000001f73b7a92ac: 5b01 4b89 | 1c08 0f84 | 2b01 0000 | e9bd 0000 | 0048 8b94 | 2498 0000 | 0049 8b87 | 0005 0000 
  0x000001f73b7a92cc: 4d33 d24d | 8997 0005 | 0000 4d33 | d24d 8997 | 0805 0000 | 8b72 1c48 | 3b06 4c8b 

  0x000001f73b7a92e8: ;   {metadata(method data for {method} {0x000001f74e4154f0} 'defineClass' '(ZLjava/lang/Object;)Ljava/lang/Class;' in 'java/lang/invoke/MethodHandles$Lookup$ClassDefiner')}
  0x000001f73b7a92e8: c649 b918 | b138 4ff7 | 0100 0049 | 8381 8804 | 0000 0144 | 0fbe 460c | 4183 e001 

  0x000001f73b7a9304: ;   {metadata(method data for {method} {0x000001f74e4154f0} 'defineClass' '(ZLjava/lang/Object;)Ljava/lang/Class;' in 'java/lang/invoke/MethodHandles$Lookup$ClassDefiner')}
  0x000001f73b7a9304: 4585 c049 | b818 b138 | 4ff7 0100 | 0049 c7c1 | c004 0000 | 7407 49c7 | c1d0 0400 | 004b 8b3c 
  0x000001f73b7a9324: 0848 8d7f | 014b 893c | 080f 8441 | 0100 004c 

  0x000001f73b7a9334: ;   {metadata(method data for {method} {0x000001f74e4154f0} 'defineClass' '(ZLjava/lang/Object;)Ljava/lang/Class;' in 'java/lang/invoke/MethodHandles$Lookup$ClassDefiner')}
  0x000001f73b7a9334: 8bc2 49b9 | 18b1 384f | f701 0000 

  0x000001f73b7a9340: ;   {metadata('java/lang/invoke/MethodHandles$Lookup$ClassDefiner')}
  0x000001f73b7a9340: 49ba f0e8 | 0300 0100 | 0000 4d89 | 91f0 0400 | 0049 8381 | f804 0000 | 018b 7a14 

  0x000001f73b7a935c: ;   {metadata(method data for {method} {0x000001f74e4154f0} 'defineClass' '(ZLjava/lang/Object;)Ljava/lang/Class;' in 'java/lang/invoke/MethodHandles$Lookup$ClassDefiner')}
  0x000001f73b7a935c: 49b8 18b1 | 384f f701 | 0000 41ff | 8018 0500 | 0048 8984 | 24c8 0000 | 00e9 c000 | 0000 8b52 
  0x000001f73b7a937c: 184c 8bc6 

  0x000001f73b7a9380: ;   {metadata(method data for {method} {0x000001f74e4154f0} 'defineClass' '(ZLjava/lang/Object;)Ljava/lang/Class;' in 'java/lang/invoke/MethodHandles$Lookup$ClassDefiner')}
  0x000001f73b7a9380: 49b9 18b1 | 384f f701 | 0000 4983 | 8100 0400 | 0001 4c8b | c74c 8bc8 | 488b fa48 | 8bd6 4889 
  0x000001f73b7a93a0: 8424 c000 

  0x000001f73b7a93a4: ;   {optimized virtual_call}
  0x000001f73b7a93a4: 0000 90e8 

  0x000001f73b7a93a8: ; ImmutableOopMap {[192]=Oop }
                      ;*invokevirtual dumpClass {reexecute=0 rethrow=0 return_oop=0}
                      ; - java.lang.invoke.MethodHandles$Lookup$ClassDefiner::defineClass@134
  0x000001f73b7a93a8: d456 0307 

  0x000001f73b7a93ac: ;   {other}
  0x000001f73b7a93ac: 0f1f 8400 | 9c09 0002 

  0x000001f73b7a93b4: ;   {metadata(method data for {method} {0x000001f74e4154f0} 'defineClass' '(ZLjava/lang/Object;)Ljava/lang/Class;' in 'java/lang/invoke/MethodHandles$Lookup$ClassDefiner')}
  0x000001f73b7a93b4: 49b8 18b1 | 384f f701 | 0000 41ff | 8038 0400 | 0048 8b84 | 24c0 0000 | 0048 81c4 | e000 0000 
  0x000001f73b7a93d4: ;   {poll_return}
  0x000001f73b7a93d4: 5d49 3ba7 | 5004 0000 | 0f87 be02 | 0000 c348 | 8984 24c0 | 0000 0044 | 8b4a 184c 

  0x000001f73b7a93f0: ;   {metadata(method data for {method} {0x000001f74e4154f0} 'defineClass' '(ZLjava/lang/Object;)Ljava/lang/Class;' in 'java/lang/invoke/MethodHandles$Lookup$ClassDefiner')}
  0x000001f73b7a93f0: 8bc6 48ba | 18b1 384f | f701 0000 | 4883 8250 | 0400 0001 | 4c8b c748 | 8bd6 0f1f 

  0x000001f73b7a940c: ;   {optimized virtual_call}
  0x000001f73b7a940c: 4400 00e8 

  0x000001f73b7a9410: ; ImmutableOopMap {[192]=Oop }
                      ;*invokevirtual dumpFailedClass {reexecute=0 rethrow=0 return_oop=0}
                      ; - java.lang.invoke.MethodHandles$Lookup$ClassDefiner::defineClass@150
  0x000001f73b7a9410: 6c56 0307 

  0x000001f73b7a9414: ;   {other}
  0x000001f73b7a9414: 0f1f 8400 | 040a 0003 | 488b 8424 | c000 0000 | 4881 c4e0 | 0000 005d 

  0x000001f73b7a942c: ;   {poll_return}
  0x000001f73b7a942c: 493b a750 | 0400 000f | 877d 0200 | 00c3 448b | 4a18 4c8b 

  0x000001f73b7a9440: ;   {metadata(method data for {method} {0x000001f74e4154f0} 'defineClass' '(ZLjava/lang/Object;)Ljava/lang/Class;' in 'java/lang/invoke/MethodHandles$Lookup$ClassDefiner')}
  0x000001f73b7a9440: c648 ba18 | b138 4ff7 | 0100 0048 | 8382 8805 | 0000 014c | 8bc7 488b | d666 0f1f 

  0x000001f73b7a945c: ;   {optimized virtual_call}
  0x000001f73b7a945c: 4400 00e8 

  0x000001f73b7a9460: ; ImmutableOopMap {[200]=Oop }
                      ;*invokevirtual dumpFailedClass {reexecute=0 rethrow=0 return_oop=0}
                      ; - java.lang.invoke.MethodHandles$Lookup$ClassDefiner::defineClass@207
  0x000001f73b7a9460: 1c56 0307 

  0x000001f73b7a9464: ;   {other}
  0x000001f73b7a9464: 0f1f 8400 | 540a 0004 | 488b 8424 | c800 0000 | e970 0200 

  0x000001f73b7a9478: ;   {metadata({method} {0x000001f74e4154f0} 'defineClass' '(ZLjava/lang/Object;)Ljava/lang/Class;' in 'java/lang/invoke/MethodHandles$Lookup$ClassDefiner')}
  0x000001f73b7a9478: 0049 bae8 | 5441 4ef7 | 0100 004c | 8954 2408 | 48c7 0424 | ffff ffff 

  0x000001f73b7a9490: ;   {runtime_call counter_overflow Runtime1 stub}
  0x000001f73b7a9490: e86b e810 

  0x000001f73b7a9494: ; ImmutableOopMap {rdx=Oop r9=Oop [152]=Oop [184]=Oop }
                      ;*synchronization entry
                      ; - java.lang.invoke.MethodHandles$Lookup$ClassDefiner::defineClass@-1
  0x000001f73b7a9494: 07e9 84f8 

  0x000001f73b7a9498: ;   {runtime_call throw_null_pointer_exception Runtime1 stub}
  0x000001f73b7a9498: ffff e861 

  0x000001f73b7a949c: ; ImmutableOopMap {rdx=Oop r9=Oop rsi=Oop [144]=Oop [152]=Oop [184]=Oop }
                      ;*invokevirtual lookupClass {reexecute=0 rethrow=0 return_oop=0}
                      ; - java.lang.invoke.MethodHandles$Lookup$ClassDefiner::defineClass@4
                      ;   {runtime_call throw_null_pointer_exception Runtime1 stub}
  0x000001f73b7a949c: 9710 07e8 

  0x000001f73b7a94a0: ; ImmutableOopMap {rdx=Oop r9=Oop rsi=Oop rdi=Oop [144]=Oop [152]=Oop [168]=Oop [184]=Oop }
                      ;*invokevirtual getClassLoader {reexecute=0 rethrow=0 return_oop=0}
                      ; - java.lang.invoke.MethodHandles$Lookup$ClassDefiner::defineClass@9
  0x000001f73b7a94a0: 5c97 1007 

  0x000001f73b7a94a4: ;   {metadata({method} {0x000001f74e016660} 'getClassLoader' '()Ljava/lang/ClassLoader;' in 'java/lang/Class')}
  0x000001f73b7a94a4: 49ba 5866 | 014e f701 | 0000 4c89 | 5424 0848 | c704 24ff 

  0x000001f73b7a94b8: ;   {runtime_call counter_overflow Runtime1 stub}
  0x000001f73b7a94b8: ffff ffe8 

  0x000001f73b7a94bc: ; ImmutableOopMap {rdx=Oop r9=Oop rsi=Oop rdi=Oop [144]=Oop [152]=Oop [168]=Oop [184]=Oop }
                      ;*synchronization entry
                      ; - java.lang.Class::getClassLoader@-1
                      ; - java.lang.invoke.MethodHandles$Lookup$ClassDefiner::defineClass@9
  0x000001f73b7a94bc: 40e8 1007 | e9c5 f8ff 

  0x000001f73b7a94c4: ;   {metadata({method} {0x000001f74e028e00} 'getSecurityManager' '()Ljava/lang/SecurityManager;' in 'java/lang/System')}
  0x000001f73b7a94c4: ff49 baf8 | 8d02 4ef7 | 0100 004c | 8954 2408 | 48c7 0424 | ffff ffff 

  0x000001f73b7a94dc: ;   {runtime_call counter_overflow Runtime1 stub}
  0x000001f73b7a94dc: e81f e810 

  0x000001f73b7a94e0: ; ImmutableOopMap {rdx=Oop r9=Oop rsi=Oop rdi=Oop rbx=Oop [144]=Oop [152]=Oop [168]=Oop [184]=Oop }
                      ;*synchronization entry
                      ; - java.lang.System::getSecurityManager@-1
                      ; - java.lang.Class::getClassLoader@11
                      ; - java.lang.invoke.MethodHandles$Lookup$ClassDefiner::defineClass@9
  0x000001f73b7a94e0: 07e9 1ef9 

  0x000001f73b7a94e4: ;   {metadata({method} {0x000001f74e028388} 'allowSecurityManager' '()Z' in 'java/lang/System')}
  0x000001f73b7a94e4: ffff 49ba | 8083 024e | f701 0000 | 4c89 5424 | 0848 c704 | 24ff ffff 

  0x000001f73b7a94fc: ;   {runtime_call counter_overflow Runtime1 stub}
  0x000001f73b7a94fc: ffe8 fee7 

  0x000001f73b7a9500: ; ImmutableOopMap {rdx=Oop r9=Oop rsi=Oop rdi=Oop rbx=Oop [144]=Oop [152]=Oop [168]=Oop [184]=Oop }
                      ;*synchronization entry
                      ; - java.lang.System::allowSecurityManager@-1
                      ; - java.lang.System::getSecurityManager@0
                      ; - java.lang.Class::getClassLoader@11
                      ; - java.lang.invoke.MethodHandles$Lookup$ClassDefiner::defineClass@9
  0x000001f73b7a9500: 1007 e936 

  0x000001f73b7a9504: ;   {metadata({method} {0x000001f74e28b268} 'lookupClassProtectionDomain' '()Ljava/security/ProtectionDomain;' in 'java/lang/invoke/MethodHandles$Lookup')}
  0x000001f73b7a9504: f9ff ff49 | ba60 b228 | 4ef7 0100 | 004c 8954 | 2408 48c7 | 0424 ffff 

  0x000001f73b7a951c: ;   {runtime_call counter_overflow Runtime1 stub}
  0x000001f73b7a951c: ffff e8dd 

  0x000001f73b7a9520: ; ImmutableOopMap {rdx=Oop r9=Oop rsi=Oop rdi=Oop rbx=Oop [144]=Oop [152]=Oop [168]=Oop [184]=Oop }
                      ;*synchronization entry
                      ; - java.lang.invoke.MethodHandles$Lookup::lookupClassProtectionDomain@-1
                      ; - java.lang.invoke.MethodHandles$Lookup$ClassDefiner::defineClass@23
  0x000001f73b7a9520: e710 07e9 | b0f9 ffff 

  0x000001f73b7a9528: ;   {metadata({method} {0x000001f74e169f10} 'getJavaLangAccess' '()Ljdk/internal/access/JavaLangAccess;' in 'jdk/internal/access/SharedSecrets')}
  0x000001f73b7a9528: 49ba 089f | 164e f701 | 0000 4c89 | 5424 0848 | c704 24ff 

  0x000001f73b7a953c: ;   {runtime_call counter_overflow Runtime1 stub}
  0x000001f73b7a953c: ffff ffe8 

  0x000001f73b7a9540: ; ImmutableOopMap {rsi=Oop [144]=Oop [152]=Oop [160]=Oop [168]=Oop [184]=Oop }
                      ;*synchronization entry
                      ; - jdk.internal.access.SharedSecrets::getJavaLangAccess@-1
                      ; - java.lang.invoke.MethodHandles$Lookup::lookupClassProtectionDomain@10
                      ; - java.lang.invoke.MethodHandles$Lookup$ClassDefiner::defineClass@23
  0x000001f73b7a9540: bce7 1007 | e902 faff 

  0x000001f73b7a9548: ;   {runtime_call throw_incompatible_class_change_error Runtime1 stub}
  0x000001f73b7a9548: ffe8 b2bd 

  0x000001f73b7a954c: ; ImmutableOopMap {rax=Oop rcx=Oop [144]=Oop [152]=Oop [160]=Oop [168]=Oop [184]=Oop }
                      ;*invokeinterface protectionDomain {reexecute=0 rethrow=0 return_oop=0}
                      ; - java.lang.invoke.MethodHandles$Lookup::lookupClassProtectionDomain@17
                      ; - java.lang.invoke.MethodHandles$Lookup$ClassDefiner::defineClass@23
                      ;   {runtime_call throw_null_pointer_exception Runtime1 stub}
  0x000001f73b7a954c: 1007 e8ad 

  0x000001f73b7a9550: ; ImmutableOopMap {rax=Oop rcx=Oop [144]=Oop [152]=Oop [160]=Oop [168]=Oop [184]=Oop }
                      ;*invokeinterface protectionDomain {reexecute=0 rethrow=0 return_oop=0}
                      ; - java.lang.invoke.MethodHandles$Lookup::lookupClassProtectionDomain@17
                      ; - java.lang.invoke.MethodHandles$Lookup$ClassDefiner::defineClass@23
                      ;   {metadata({method} {0x000001f74e18cc28} 'protectionDomain' '(Ljava/lang/Class;)Ljava/security/ProtectionDomain;' in 'java/lang/System$2')}
  0x000001f73b7a9550: 9610 0749 | ba20 cc18 | 4ef7 0100 | 004c 8954 | 2408 48c7 | 0424 ffff 

  0x000001f73b7a9568: ;   {runtime_call counter_overflow Runtime1 stub}
  0x000001f73b7a9568: ffff e891 

  0x000001f73b7a956c: ; ImmutableOopMap {rcx=Oop [144]=Oop [152]=Oop [160]=Oop [168]=Oop [184]=Oop }
                      ;*synchronization entry
                      ; - java.lang.System$2::protectionDomain@-1
                      ; - java.lang.invoke.MethodHandles$Lookup::lookupClassProtectionDomain@17
                      ; - java.lang.invoke.MethodHandles$Lookup$ClassDefiner::defineClass@23
  0x000001f73b7a956c: e710 07e9 | 60fa ffff 

  0x000001f73b7a9574: ;   {runtime_call throw_null_pointer_exception Runtime1 stub}
  0x000001f73b7a9574: e887 9610 

  0x000001f73b7a9578: ; ImmutableOopMap {rcx=Oop [144]=Oop [152]=Oop [160]=Oop [168]=Oop [184]=Oop }
                      ;*invokevirtual protectionDomain {reexecute=0 rethrow=0 return_oop=0}
                      ; - java.lang.System$2::protectionDomain@1
                      ; - java.lang.invoke.MethodHandles$Lookup::lookupClassProtectionDomain@17
                      ; - java.lang.invoke.MethodHandles$Lookup$ClassDefiner::defineClass@23
                      ;   {metadata({method} {0x000001f74e019b08} 'protectionDomain' '()Ljava/security/ProtectionDomain;' in 'java/lang/Class')}
  0x000001f73b7a9578: 0749 ba00 | 9b01 4ef7 | 0100 004c | 8954 2408 | 48c7 0424 | ffff ffff 

  0x000001f73b7a9590: ;   {runtime_call counter_overflow Runtime1 stub}
  0x000001f73b7a9590: e86b e710 

  0x000001f73b7a9594: ; ImmutableOopMap {rcx=Oop [144]=Oop [152]=Oop [160]=Oop [168]=Oop [184]=Oop }
                      ;*synchronization entry
                      ; - java.lang.Class::protectionDomain@-1
                      ; - java.lang.System$2::protectionDomain@1
                      ; - java.lang.invoke.MethodHandles$Lookup::lookupClassProtectionDomain@17
                      ; - java.lang.invoke.MethodHandles$Lookup$ClassDefiner::defineClass@23
  0x000001f73b7a9594: 07e9 78fa 

  0x000001f73b7a9598: ;   {oop(nullptr)}
  0x000001f73b7a9598: ffff 49b8 | 0000 0000 | 0000 0000 | 5053 498b | 5810 5756 | 5251 4150 | 4151 4152 | 4153 4883 
  0x000001f73b7a95b8: ec20 40f6 | c40f 0f84 | 1900 0000 | 4883 ec08 

  0x000001f73b7a95c8: ;   {runtime_call}
  0x000001f73b7a95c8: 48b8 a0a0 | 8b82 fe7f | 0000 ffd0 | 4883 c408 | e90c 0000 

  0x000001f73b7a95dc: ;   {runtime_call}
  0x000001f73b7a95dc: 0048 b8a0 | a08b 82fe | 7f00 00ff | d048 83c4 | 2041 5b41 | 5a41 5941 | 5859 5a5e | 5f48 3b83 
  0x000001f73b7a95fc: 3801 0000 | 5b58 0f85 | 0a00 0000 | e96d faff | ffb8 0078 

  0x000001f73b7a9610: ;   {runtime_call load_mirror_patching Runtime1 stub}
  0x000001f73b7a9610: 6e0a e8e9 

  0x000001f73b7a9614: ; ImmutableOopMap {[144]=Oop [152]=Oop [160]=Oop [168]=Oop [184]=Oop }
                      ;*getstatic allPermDomain {reexecute=1 rethrow=0 return_oop=0}
                      ; - (reexecute) java.lang.Class::protectionDomain@9
                      ; - java.lang.System$2::protectionDomain@1
                      ; - java.lang.invoke.MethodHandles$Lookup::lookupClassProtectionDomain@17
                      ; - java.lang.invoke.MethodHandles$Lookup$ClassDefiner::defineClass@23
  0x000001f73b7a9614: da10 07e9 | 54fa ffff 

  0x000001f73b7a961c: ;   {runtime_call throw_null_pointer_exception Runtime1 stub}
  0x000001f73b7a961c: e8df 9510 

  0x000001f73b7a9620: ; ImmutableOopMap {r8=Oop [144]=Oop [152]=Oop [160]=Oop [168]=Oop [184]=Oop }
                      ;*getstatic allPermDomain {reexecute=1 rethrow=0 return_oop=0}
                      ; - (reexecute) java.lang.Class::protectionDomain@9
                      ; - java.lang.System$2::protectionDomain@1
                      ; - java.lang.invoke.MethodHandles$Lookup::lookupClassProtectionDomain@17
                      ; - java.lang.invoke.MethodHandles$Lookup$ClassDefiner::defineClass@23
  0x000001f73b7a9620: 0745 8b80 | 0000 0000 | b800 0c05 

  0x000001f73b7a962c: ;   {runtime_call access_field_patching Runtime1 stub}
  0x000001f73b7a962c: 07e8 ced1 

  0x000001f73b7a9630: ; ImmutableOopMap {r8=Oop [144]=Oop [152]=Oop [160]=Oop [168]=Oop [184]=Oop }
                      ;*getstatic allPermDomain {reexecute=1 rethrow=0 return_oop=0}
                      ; - (reexecute) java.lang.Class::protectionDomain@9
                      ; - java.lang.System$2::protectionDomain@1
                      ; - java.lang.invoke.MethodHandles$Lookup::lookupClassProtectionDomain@17
                      ; - java.lang.invoke.MethodHandles$Lookup$ClassDefiner::defineClass@23
  0x000001f73b7a9630: 1007 e949 | faff ff44 | 8b4e 1849 | 83f9 000f | 8460 faff | ff4c 890c 

  0x000001f73b7a9648: ;   {runtime_call g1_pre_barrier_slow}
  0x000001f73b7a9648: 24e8 b2ec | 1007 e952 | faff ff49 | 83f8 000f | 8469 faff | ff48 8934 

  0x000001f73b7a9660: ;   {runtime_call g1_post_barrier_slow}
  0x000001f73b7a9660: 24e8 9aef | 1007 e95b 

  0x000001f73b7a9668: ;   {metadata({method} {0x000001f74e169f10} 'getJavaLangAccess' '()Ljdk/internal/access/JavaLangAccess;' in 'jdk/internal/access/SharedSecrets')}
  0x000001f73b7a9668: faff ff49 | ba08 9f16 | 4ef7 0100 | 004c 8954 | 2408 48c7 | 0424 ffff 

  0x000001f73b7a9680: ;   {runtime_call counter_overflow Runtime1 stub}
  0x000001f73b7a9680: ffff e879 

  0x000001f73b7a9684: ; ImmutableOopMap {rax=Oop rdi=Oop rbx=Oop rdx=Oop [152]=Oop [168]=Oop [184]=Oop }
                      ;*synchronization entry
                      ; - jdk.internal.access.SharedSecrets::getJavaLangAccess@-1
                      ; - java.lang.invoke.MethodHandles$Lookup$ClassDefiner::defineClass@35
  0x000001f73b7a9684: e610 07e9 | bbfa ffff 

  0x000001f73b7a968c: ;   {runtime_call throw_incompatible_class_change_error Runtime1 stub}
  0x000001f73b7a968c: e86f bc10 

  0x000001f73b7a9690: ; ImmutableOopMap {rax=Oop rdi=Oop rbx=Oop r14=Oop rsi=Oop rcx=Oop [152]=Oop [168]=Oop [184]=Oop }
                      ;*invokeinterface defineClass {reexecute=0 rethrow=0 return_oop=0}
                      ; - java.lang.invoke.MethodHandles$Lookup$ClassDefiner::defineClass@57
                      ;   {runtime_call throw_null_pointer_exception Runtime1 stub}
  0x000001f73b7a9690: 07e8 6a95 

  0x000001f73b7a9694: ; ImmutableOopMap {rax=Oop rdi=Oop rbx=Oop r14=Oop rsi=Oop rcx=Oop [152]=Oop [168]=Oop [184]=Oop }
                      ;*invokeinterface defineClass {reexecute=0 rethrow=0 return_oop=0}
                      ; - java.lang.invoke.MethodHandles$Lookup$ClassDefiner::defineClass@57
                      ;   {runtime_call throw_null_pointer_exception Runtime1 stub}
  0x000001f73b7a9694: 1007 e865 

  0x000001f73b7a9698: ; ImmutableOopMap {rax=Oop rdx=Oop rsi=Oop [152]=Oop }
                      ;*invokevirtual isEnabled {reexecute=0 rethrow=0 return_oop=0}
                      ; - java.lang.invoke.MethodHandles$Lookup$ClassDefiner::defineClass@105
                      ;   {runtime_call throw_null_pointer_exception Runtime1 stub}
  0x000001f73b7a9698: 9510 07e8 

  0x000001f73b7a969c: ; ImmutableOopMap {rdx=Oop rax=Oop rsi=Oop [152]=Oop }
                      ;*invokevirtual isEnabled {reexecute=0 rethrow=0 return_oop=0}
                      ; - java.lang.invoke.MethodHandles$Lookup$ClassDefiner::defineClass@162
  0x000001f73b7a969c: 6095 1007 

  0x000001f73b7a96a0: ;   {internal_word}
  0x000001f73b7a96a0: 49ba d593 | 7a3b f701 | 0000 4d89 | 9768 0400 

  0x000001f73b7a96b0: ;   {runtime_call SafepointBlob}
  0x000001f73b7a96b0: 00e9 4abd 

  0x000001f73b7a96b4: ;   {internal_word}
  0x000001f73b7a96b4: 0307 49ba | 2c94 7a3b | f701 0000 | 4d89 9768 

  0x000001f73b7a96c4: ;   {runtime_call SafepointBlob}
  0x000001f73b7a96c4: 0400 00e9 | 34bd 0307 | 498b 8700 | 0500 0049 | c787 0005 | 0000 0000 | 0000 49c7 | 8708 0500 
  0x000001f73b7a96e4: 0000 0000 | 0048 81c4 | e000 0000 

  0x000001f73b7a96f0: ;   {runtime_call unwind_exception Runtime1 stub}
  0x000001f73b7a96f0: 5de9 0a86 | 1007 f4f4 
[Stub Code]
  0x000001f73b7a96f8: ;   {no_reloc}
  0x000001f73b7a96f8: 0f1f 4400 

  0x000001f73b7a96fc: ;   {static_stub}
  0x000001f73b7a96fc: 0048 bb00 | 0000 0000 

  0x000001f73b7a9704: ;   {runtime_call nmethod}
  0x000001f73b7a9704: 0000 00e9 | fbff ffff 

  0x000001f73b7a970c: ;   {static_stub}
  0x000001f73b7a970c: 48bb a09b | 014e f701 

  0x000001f73b7a9714: ;   {runtime_call I2C/C2I adapters}
  0x000001f73b7a9714: 0000 e93f 

  0x000001f73b7a9718: ;   {static_stub}
  0x000001f73b7a9718: 9d03 0748 | bb00 0000 | 0000 0000 

  0x000001f73b7a9724: ;   {runtime_call nmethod}
  0x000001f73b7a9724: 00e9 fbff 

  0x000001f73b7a9728: ;   {static_stub}
  0x000001f73b7a9728: ffff 48bb | 0000 0000 | 0000 0000 

  0x000001f73b7a9734: ;   {runtime_call nmethod}
  0x000001f73b7a9734: e9fb ffff 

  0x000001f73b7a9738: ;   {runtime_call handle_exception_from_callee Runtime1 stub}
  0x000001f73b7a9738: ffe8 c2b2 

  0x000001f73b7a973c: ;   {external_word}
  0x000001f73b7a973c: 1007 48b9 | 5063 2b83 | fe7f 0000 | 4883 e4f0 

  0x000001f73b7a974c: ;   {runtime_call}
  0x000001f73b7a974c: 48b8 c0c9 | ed82 fe7f | 0000 ffd0 

  0x000001f73b7a9758: ;   {section_word}
  0x000001f73b7a9758: f449 ba59 | 977a 3bf7 | 0100 0041 

  0x000001f73b7a9764: ;   {runtime_call DeoptimizationBlob}
  0x000001f73b7a9764: 52e9 36af | 0307 f4f4 | f4f4 f4f4 
[/MachCode]


---------------  P R O C E S S  ---------------

Threads class SMR info:
_java_thread_list=0x000001f7549b6d60, length=33, elements={
0x000001f73805ded0, 0x000001f7520d68c0, 0x000001f7520b6fd0, 0x000001f7520b7640,
0x000001f7520b80a0, 0x000001f7520b8b00, 0x000001f7520b9560, 0x000001f7520b9fc0,
0x000001f7520badc0, 0x000001f7523966a0, 0x000001f75249a230, 0x000001f752fe7840,
0x000001f752270e60, 0x000001f75253aef0, 0x000001f7522b1270, 0x000001f7520d5110,
0x000001f753b8e920, 0x000001f753b8efb0, 0x000001f753b8f640, 0x000001f753b8fcd0,
0x000001f753b90360, 0x000001f753b909f0, 0x000001f753b91080, 0x000001f753b8dc00,
0x000001f7544e4bc0, 0x000001f7544e6c90, 0x000001f7544e58e0, 0x000001f7544e5250,
0x000001f7544e5f70, 0x000001f7544e6600, 0x000001f7544e7320, 0x000001f7544e3ea0,
0x000001f7544e79b0
}

Java Threads: ( => current thread )
  0x000001f73805ded0 JavaThread "main"                              [_thread_blocked, id=64260, stack(0x0000003e39b00000,0x0000003e39c00000) (1024K)]
  0x000001f7520d68c0 JavaThread "Reference Handler"          daemon [_thread_blocked, id=21224, stack(0x0000003e3a300000,0x0000003e3a400000) (1024K)]
  0x000001f7520b6fd0 JavaThread "Finalizer"                  daemon [_thread_blocked, id=16800, stack(0x0000003e3a400000,0x0000003e3a500000) (1024K)]
  0x000001f7520b7640 JavaThread "Signal Dispatcher"          daemon [_thread_blocked, id=21216, stack(0x0000003e3a500000,0x0000003e3a600000) (1024K)]
  0x000001f7520b80a0 JavaThread "Attach Listener"            daemon [_thread_blocked, id=20068, stack(0x0000003e3a600000,0x0000003e3a700000) (1024K)]
  0x000001f7520b8b00 JavaThread "Service Thread"             daemon [_thread_blocked, id=2080, stack(0x0000003e3a700000,0x0000003e3a800000) (1024K)]
  0x000001f7520b9560 JavaThread "Monitor Deflation Thread"   daemon [_thread_blocked, id=12600, stack(0x0000003e3a800000,0x0000003e3a900000) (1024K)]
  0x000001f7520b9fc0 JavaThread "C2 CompilerThread0"         daemon [_thread_blocked, id=52176, stack(0x0000003e3a900000,0x0000003e3aa00000) (1024K)]
  0x000001f7520badc0 JavaThread "C1 CompilerThread0"         daemon [_thread_blocked, id=56448, stack(0x0000003e3aa00000,0x0000003e3ab00000) (1024K)]
  0x000001f7523966a0 JavaThread "Common-Cleaner"             daemon [_thread_blocked, id=65344, stack(0x0000003e3ab00000,0x0000003e3ac00000) (1024K)]
  0x000001f75249a230 JavaThread "Notification Thread"        daemon [_thread_blocked, id=10700, stack(0x0000003e3ac00000,0x0000003e3ad00000) (1024K)]
  0x000001f752fe7840 JavaThread "Daemon health stats"               [_thread_blocked, id=62152, stack(0x0000003e3b200000,0x0000003e3b300000) (1024K)]
  0x000001f752270e60 JavaThread "Incoming local TCP Connector on port 62474"        [_thread_in_native, id=6652, stack(0x0000003e3b300000,0x0000003e3b400000) (1024K)]
  0x000001f75253aef0 JavaThread "Daemon periodic checks"            [_thread_blocked, id=63020, stack(0x0000003e3b400000,0x0000003e3b500000) (1024K)]
  0x000001f7522b1270 JavaThread "Daemon"                            [_thread_blocked, id=29280, stack(0x0000003e3b500000,0x0000003e3b600000) (1024K)]
=>0x000001f7520d5110 JavaThread "Daemon worker"                     [_thread_in_vm, id=58892, stack(0x0000003e3b800000,0x0000003e3b900000) (1024K)]
  0x000001f753b8e920 JavaThread "Handler for socket connection from /127.0.0.1:62474 to /127.0.0.1:62905"        [_thread_in_native, id=57328, stack(0x0000003e3b600000,0x0000003e3b700000) (1024K)]
  0x000001f753b8efb0 JavaThread "Cancel handler"                    [_thread_blocked, id=61172, stack(0x0000003e3b700000,0x0000003e3b800000) (1024K)]
  0x000001f753b8f640 JavaThread "Asynchronous log dispatcher for DefaultDaemonConnection: socket connection from /127.0.0.1:62474 to /127.0.0.1:62905"        [_thread_blocked, id=9300, stack(0x0000003e3b900000,0x0000003e3ba00000) (1024K)]
  0x000001f753b8fcd0 JavaThread "Stdin handler"                     [_thread_blocked, id=44740, stack(0x0000003e3ba00000,0x0000003e3bb00000) (1024K)]
  0x000001f753b90360 JavaThread "Daemon client event forwarder"        [_thread_blocked, id=29588, stack(0x0000003e3bb00000,0x0000003e3bc00000) (1024K)]
  0x000001f753b909f0 JavaThread "Cache worker for journal cache (C:\Users\ishas\.gradle\caches\journal-1)"        [_thread_blocked, id=51180, stack(0x0000003e3c200000,0x0000003e3c300000) (1024K)]
  0x000001f753b91080 JavaThread "File lock request listener"        [_thread_in_native, id=37148, stack(0x0000003e3c300000,0x0000003e3c400000) (1024K)]
  0x000001f753b8dc00 JavaThread "Cache worker for file hash cache (C:\Users\ishas\.gradle\caches\8.9\fileHashes)"        [_thread_blocked, id=29700, stack(0x0000003e3c400000,0x0000003e3c500000) (1024K)]
  0x000001f7544e4bc0 JavaThread "File lock release action executor"        [_thread_blocked, id=65096, stack(0x0000003e3c500000,0x0000003e3c600000) (1024K)]
  0x000001f7544e6c90 JavaThread "Cache worker for file hash cache (C:\Users\ishas\Downloads\ai-yoga-assistant-razorpay-v9\yoga3\node_modules\@capacitor\android\capacitor\.gradle\8.9\fileHashes)"        [_thread_blocked, id=15520, stack(0x0000003e3c600000,0x0000003e3c700000) (1024K)]
  0x000001f7544e58e0 JavaThread "Cache worker for Build Output Cleanup Cache (C:\Users\ishas\Downloads\ai-yoga-assistant-razorpay-v9\yoga3\node_modules\@capacitor\android\capacitor\.gradle\buildOutputCleanup)"        [_thread_blocked, id=26076, stack(0x0000003e3c700000,0x0000003e3c800000) (1024K)]
  0x000001f7544e5250 JavaThread "File watcher server"        daemon [_thread_in_native, id=64296, stack(0x0000003e3c800000,0x0000003e3c900000) (1024K)]
  0x000001f7544e5f70 JavaThread "File watcher consumer"      daemon [_thread_blocked, id=52408, stack(0x0000003e3c900000,0x0000003e3ca00000) (1024K)]
  0x000001f7544e6600 JavaThread "Cache worker for checksums cache (C:\Users\ishas\Downloads\ai-yoga-assistant-razorpay-v9\yoga3\node_modules\@capacitor\android\capacitor\.gradle\8.9\checksums)"        [_thread_blocked, id=45364, stack(0x0000003e3ca00000,0x0000003e3cb00000) (1024K)]
  0x000001f7544e7320 JavaThread "Cache worker for file content cache (C:\Users\ishas\.gradle\caches\8.9\fileContent)"        [_thread_blocked, id=39760, stack(0x0000003e3cb00000,0x0000003e3cc00000) (1024K)]
  0x000001f7544e3ea0 JavaThread "Cache worker for cache directory md-rule (C:\Users\ishas\.gradle\caches\8.9\md-rule)"        [_thread_blocked, id=41384, stack(0x0000003e3cc00000,0x0000003e3cd00000) (1024K)]
  0x000001f7544e79b0 JavaThread "Cache worker for cache directory md-supplier (C:\Users\ishas\.gradle\caches\8.9\md-supplier)"        [_thread_blocked, id=47272, stack(0x0000003e3cd00000,0x0000003e3ce00000) (1024K)]
Total: 33

Other Threads:
  0x000001f752034e40 VMThread "VM Thread"                           [id=8020, stack(0x0000003e3a200000,0x0000003e3a300000) (1024K)]
  0x000001f74de238b0 WatcherThread "VM Periodic Task Thread"        [id=31616, stack(0x0000003e3a100000,0x0000003e3a200000) (1024K)]
  0x000001f738088fa0 WorkerThread "GC Thread#0"                     [id=62556, stack(0x0000003e39c00000,0x0000003e39d00000) (1024K)]
  0x000001f752d7b020 WorkerThread "GC Thread#1"                     [id=64136, stack(0x0000003e3ad00000,0x0000003e3ae00000) (1024K)]
  0x000001f75294f440 WorkerThread "GC Thread#2"                     [id=27556, stack(0x0000003e3ae00000,0x0000003e3af00000) (1024K)]
  0x000001f7528ed8b0 WorkerThread "GC Thread#3"                     [id=59840, stack(0x0000003e3af00000,0x0000003e3b000000) (1024K)]
  0x000001f752e62d90 WorkerThread "GC Thread#4"                     [id=32092, stack(0x0000003e3b000000,0x0000003e3b100000) (1024K)]
  0x000001f752e63140 WorkerThread "GC Thread#5"                     [id=64984, stack(0x0000003e3b100000,0x0000003e3b200000) (1024K)]
  0x000001f753070080 WorkerThread "GC Thread#6"                     [id=60912, stack(0x0000003e3bc00000,0x0000003e3bd00000) (1024K)]
  0x000001f753070b90 WorkerThread "GC Thread#7"                     [id=30456, stack(0x0000003e3bd00000,0x0000003e3be00000) (1024K)]
  0x000001f753070430 WorkerThread "GC Thread#8"                     [id=8332, stack(0x0000003e3be00000,0x0000003e3bf00000) (1024K)]
  0x000001f753070f40 WorkerThread "GC Thread#9"                     [id=44256, stack(0x0000003e3bf00000,0x0000003e3c000000) (1024K)]
  0x000001f73808dea0 ConcurrentGCThread "G1 Main Marker"            [id=32096, stack(0x0000003e39d00000,0x0000003e39e00000) (1024K)]
  0x000001f73808e8c0 WorkerThread "G1 Conc#0"                       [id=36452, stack(0x0000003e39e00000,0x0000003e39f00000) (1024K)]
  0x000001f7530707e0 WorkerThread "G1 Conc#1"                       [id=30812, stack(0x0000003e3c000000,0x0000003e3c100000) (1024K)]
  0x000001f7530712f0 WorkerThread "G1 Conc#2"                       [id=32712, stack(0x0000003e3c100000,0x0000003e3c200000) (1024K)]
  0x000001f73811e480 ConcurrentGCThread "G1 Refine#0"               [id=30240, stack(0x0000003e39f00000,0x0000003e3a000000) (1024K)]
  0x000001f74dcf4600 ConcurrentGCThread "G1 Service"                [id=36604, stack(0x0000003e3a000000,0x0000003e3a100000) (1024K)]
Total: 18

Threads with active compile tasks:
Total: 0

VM state: not at safepoint (normal execution)

VM Mutex/Monitor currently owned by a thread:  ([mutex/lock_event])
[0x00007ffe8356d530] Metaspace_lock - owner thread: 0x000001f7520d5110

Heap address: 0x00000000e0000000, size: 512 MB, Compressed Oops mode: 32-bit

CDS archive(s) not mapped
Compressed class space mapped at: 0x0000000100000000-0x0000000114000000, reserved size: 335544320
Narrow klass base: 0x0000000000000000, Narrow klass shift: 3, Narrow klass range: 0x114000000

GC Precious Log:
 CardTable entry size: 512
 Card Set container configuration: InlinePtr #cards 5 size 8 Array Of Cards #cards 12 size 40 Howl #buckets 4 coarsen threshold 1843 Howl Bitmap #cards 512 size 80 coarsen threshold 460 Card regions per heap region 1 cards per card region 2048
 CPUs: 12 total, 12 available
 Memory: 16076M
 Large Page Support: Disabled
 NUMA Support: Disabled
 Compressed Oops: Enabled (32-bit)
 Heap Region Size: 1M
 Heap Min Capacity: 256M
 Heap Initial Capacity: 256M
 Heap Max Capacity: 512M
 Pre-touch: Disabled
 Parallel Workers: 10
 Concurrent Workers: 3
 Concurrent Refinement Workers: 10
 Periodic GC: Disabled

Heap:
 garbage-first heap   total 262144K, used 53938K [0x00000000e0000000, 0x0000000100000000)
  region size 1024K, 34 young (34816K), 7 survivors (7168K)
 Metaspace       used 39140K, committed 40384K, reserved 393216K
  class space    used 5446K, committed 6016K, reserved 327680K

Heap Regions: E=young(eden), S=young(survivor), O=old, HS=humongous(starts), HC=humongous(continues), CS=collection set, F=free, TAMS=top-at-mark-start, PB=parsable bottom
|   0|0x00000000e0000000, 0x00000000e0100000, 0x00000000e0100000|100%|HS|  |TAMS 0x00000000e0000000| PB 0x00000000e0000000| Complete 
|   1|0x00000000e0100000, 0x00000000e0200000, 0x00000000e0200000|100%|HC|  |TAMS 0x00000000e0100000| PB 0x00000000e0100000| Complete 
|   2|0x00000000e0200000, 0x00000000e0300000, 0x00000000e0300000|100%|HC|  |TAMS 0x00000000e0200000| PB 0x00000000e0200000| Complete 
|   3|0x00000000e0300000, 0x00000000e0400000, 0x00000000e0400000|100%|HC|  |TAMS 0x00000000e0300000| PB 0x00000000e0300000| Complete 
|   4|0x00000000e0400000, 0x00000000e0500000, 0x00000000e0500000|100%| O|  |TAMS 0x00000000e0400000| PB 0x00000000e0400000| Untracked 
|   5|0x00000000e0500000, 0x00000000e0600000, 0x00000000e0600000|100%| O|  |TAMS 0x00000000e0500000| PB 0x00000000e0500000| Untracked 
|   6|0x00000000e0600000, 0x00000000e0700000, 0x00000000e0700000|100%| O|  |TAMS 0x00000000e0600000| PB 0x00000000e0600000| Untracked 
|   7|0x00000000e0700000, 0x00000000e0800000, 0x00000000e0800000|100%| O|Cm|TAMS 0x00000000e0700000| PB 0x00000000e0700000| Complete 
|   8|0x00000000e0800000, 0x00000000e0800000, 0x00000000e0900000|  0%| F|  |TAMS 0x00000000e0800000| PB 0x00000000e0800000| Untracked 
|   9|0x00000000e0900000, 0x00000000e0a00000, 0x00000000e0a00000|100%| O|  |TAMS 0x00000000e0900000| PB 0x00000000e0900000| Untracked 
|  10|0x00000000e0a00000, 0x00000000e0b00000, 0x00000000e0b00000|100%| O|  |TAMS 0x00000000e0a00000| PB 0x00000000e0a00000| Untracked 
|  11|0x00000000e0b00000, 0x00000000e0c00000, 0x00000000e0c00000|100%|HS|  |TAMS 0x00000000e0b00000| PB 0x00000000e0b00000| Complete 
|  12|0x00000000e0c00000, 0x00000000e0d00000, 0x00000000e0d00000|100%| O|  |TAMS 0x00000000e0c00000| PB 0x00000000e0c00000| Untracked 
|  13|0x00000000e0d00000, 0x00000000e0e00000, 0x00000000e0e00000|100%| O|  |TAMS 0x00000000e0d00000| PB 0x00000000e0d00000| Untracked 
|  14|0x00000000e0e00000, 0x00000000e0f00000, 0x00000000e0f00000|100%| O|  |TAMS 0x00000000e0e00000| PB 0x00000000e0e00000| Untracked 
|  15|0x00000000e0f00000, 0x00000000e1000000, 0x00000000e1000000|100%| O|  |TAMS 0x00000000e0f00000| PB 0x00000000e0f00000| Untracked 
|  16|0x00000000e1000000, 0x00000000e1100000, 0x00000000e1100000|100%| O|  |TAMS 0x00000000e1000000| PB 0x00000000e1000000| Untracked 
|  17|0x00000000e1100000, 0x00000000e1200000, 0x00000000e1200000|100%| O|  |TAMS 0x00000000e1100000| PB 0x00000000e1100000| Untracked 
|  18|0x00000000e1200000, 0x00000000e1300000, 0x00000000e1300000|100%| O|  |TAMS 0x00000000e1200000| PB 0x00000000e1200000| Untracked 
|  19|0x00000000e1300000, 0x00000000e1400000, 0x00000000e1400000|100%| O|  |TAMS 0x00000000e1300000| PB 0x00000000e1300000| Untracked 
|  20|0x00000000e1400000, 0x00000000e1500000, 0x00000000e1500000|100%| O|  |TAMS 0x00000000e1400000| PB 0x00000000e1400000| Untracked 
|  21|0x00000000e1500000, 0x00000000e1589100, 0x00000000e1600000| 53%| O|  |TAMS 0x00000000e1500000| PB 0x00000000e1500000| Untracked 
|  22|0x00000000e1600000, 0x00000000e1600000, 0x00000000e1700000|  0%| F|  |TAMS 0x00000000e1600000| PB 0x00000000e1600000| Untracked 
|  23|0x00000000e1700000, 0x00000000e1700000, 0x00000000e1800000|  0%| F|  |TAMS 0x00000000e1700000| PB 0x00000000e1700000| Untracked 
|  24|0x00000000e1800000, 0x00000000e1800000, 0x00000000e1900000|  0%| F|  |TAMS 0x00000000e1800000| PB 0x00000000e1800000| Untracked 
|  25|0x00000000e1900000, 0x00000000e1900000, 0x00000000e1a00000|  0%| F|  |TAMS 0x00000000e1900000| PB 0x00000000e1900000| Untracked 
|  26|0x00000000e1a00000, 0x00000000e1a00000, 0x00000000e1b00000|  0%| F|  |TAMS 0x00000000e1a00000| PB 0x00000000e1a00000| Untracked 
|  27|0x00000000e1b00000, 0x00000000e1b00000, 0x00000000e1c00000|  0%| F|  |TAMS 0x00000000e1b00000| PB 0x00000000e1b00000| Untracked 
|  28|0x00000000e1c00000, 0x00000000e1c00000, 0x00000000e1d00000|  0%| F|  |TAMS 0x00000000e1c00000| PB 0x00000000e1c00000| Untracked 
|  29|0x00000000e1d00000, 0x00000000e1d00000, 0x00000000e1e00000|  0%| F|  |TAMS 0x00000000e1d00000| PB 0x00000000e1d00000| Untracked 
|  30|0x00000000e1e00000, 0x00000000e1e00000, 0x00000000e1f00000|  0%| F|  |TAMS 0x00000000e1e00000| PB 0x00000000e1e00000| Untracked 
|  31|0x00000000e1f00000, 0x00000000e1f00000, 0x00000000e2000000|  0%| F|  |TAMS 0x00000000e1f00000| PB 0x00000000e1f00000| Untracked 
|  32|0x00000000e2000000, 0x00000000e2000000, 0x00000000e2100000|  0%| F|  |TAMS 0x00000000e2000000| PB 0x00000000e2000000| Untracked 
|  33|0x00000000e2100000, 0x00000000e2100000, 0x00000000e2200000|  0%| F|  |TAMS 0x00000000e2100000| PB 0x00000000e2100000| Untracked 
|  34|0x00000000e2200000, 0x00000000e2200000, 0x00000000e2300000|  0%| F|  |TAMS 0x00000000e2200000| PB 0x00000000e2200000| Untracked 
|  35|0x00000000e2300000, 0x00000000e2300000, 0x00000000e2400000|  0%| F|  |TAMS 0x00000000e2300000| PB 0x00000000e2300000| Untracked 
|  36|0x00000000e2400000, 0x00000000e2400000, 0x00000000e2500000|  0%| F|  |TAMS 0x00000000e2400000| PB 0x00000000e2400000| Untracked 
|  37|0x00000000e2500000, 0x00000000e2500000, 0x00000000e2600000|  0%| F|  |TAMS 0x00000000e2500000| PB 0x00000000e2500000| Untracked 
|  38|0x00000000e2600000, 0x00000000e2600000, 0x00000000e2700000|  0%| F|  |TAMS 0x00000000e2600000| PB 0x00000000e2600000| Untracked 
|  39|0x00000000e2700000, 0x00000000e2700000, 0x00000000e2800000|  0%| F|  |TAMS 0x00000000e2700000| PB 0x00000000e2700000| Untracked 
|  40|0x00000000e2800000, 0x00000000e2800000, 0x00000000e2900000|  0%| F|  |TAMS 0x00000000e2800000| PB 0x00000000e2800000| Untracked 
|  41|0x00000000e2900000, 0x00000000e2900000, 0x00000000e2a00000|  0%| F|  |TAMS 0x00000000e2900000| PB 0x00000000e2900000| Untracked 
|  42|0x00000000e2a00000, 0x00000000e2a00000, 0x00000000e2b00000|  0%| F|  |TAMS 0x00000000e2a00000| PB 0x00000000e2a00000| Untracked 
|  43|0x00000000e2b00000, 0x00000000e2b00000, 0x00000000e2c00000|  0%| F|  |TAMS 0x00000000e2b00000| PB 0x00000000e2b00000| Untracked 
|  44|0x00000000e2c00000, 0x00000000e2c00000, 0x00000000e2d00000|  0%| F|  |TAMS 0x00000000e2c00000| PB 0x00000000e2c00000| Untracked 
|  45|0x00000000e2d00000, 0x00000000e2d00000, 0x00000000e2e00000|  0%| F|  |TAMS 0x00000000e2d00000| PB 0x00000000e2d00000| Untracked 
|  46|0x00000000e2e00000, 0x00000000e2e00000, 0x00000000e2f00000|  0%| F|  |TAMS 0x00000000e2e00000| PB 0x00000000e2e00000| Untracked 
|  47|0x00000000e2f00000, 0x00000000e2f00000, 0x00000000e3000000|  0%| F|  |TAMS 0x00000000e2f00000| PB 0x00000000e2f00000| Untracked 
|  48|0x00000000e3000000, 0x00000000e3000000, 0x00000000e3100000|  0%| F|  |TAMS 0x00000000e3000000| PB 0x00000000e3000000| Untracked 
|  49|0x00000000e3100000, 0x00000000e3100000, 0x00000000e3200000|  0%| F|  |TAMS 0x00000000e3100000| PB 0x00000000e3100000| Untracked 
|  50|0x00000000e3200000, 0x00000000e3200000, 0x00000000e3300000|  0%| F|  |TAMS 0x00000000e3200000| PB 0x00000000e3200000| Untracked 
|  51|0x00000000e3300000, 0x00000000e3300000, 0x00000000e3400000|  0%| F|  |TAMS 0x00000000e3300000| PB 0x00000000e3300000| Untracked 
|  52|0x00000000e3400000, 0x00000000e3400000, 0x00000000e3500000|  0%| F|  |TAMS 0x00000000e3400000| PB 0x00000000e3400000| Untracked 
|  53|0x00000000e3500000, 0x00000000e3500000, 0x00000000e3600000|  0%| F|  |TAMS 0x00000000e3500000| PB 0x00000000e3500000| Untracked 
|  54|0x00000000e3600000, 0x00000000e3600000, 0x00000000e3700000|  0%| F|  |TAMS 0x00000000e3600000| PB 0x00000000e3600000| Untracked 
|  55|0x00000000e3700000, 0x00000000e3700000, 0x00000000e3800000|  0%| F|  |TAMS 0x00000000e3700000| PB 0x00000000e3700000| Untracked 
|  56|0x00000000e3800000, 0x00000000e3800000, 0x00000000e3900000|  0%| F|  |TAMS 0x00000000e3800000| PB 0x00000000e3800000| Untracked 
|  57|0x00000000e3900000, 0x00000000e3900000, 0x00000000e3a00000|  0%| F|  |TAMS 0x00000000e3900000| PB 0x00000000e3900000| Untracked 
|  58|0x00000000e3a00000, 0x00000000e3a00000, 0x00000000e3b00000|  0%| F|  |TAMS 0x00000000e3a00000| PB 0x00000000e3a00000| Untracked 
|  59|0x00000000e3b00000, 0x00000000e3b00000, 0x00000000e3c00000|  0%| F|  |TAMS 0x00000000e3b00000| PB 0x00000000e3b00000| Untracked 
|  60|0x00000000e3c00000, 0x00000000e3c00000, 0x00000000e3d00000|  0%| F|  |TAMS 0x00000000e3c00000| PB 0x00000000e3c00000| Untracked 
|  61|0x00000000e3d00000, 0x00000000e3d00000, 0x00000000e3e00000|  0%| F|  |TAMS 0x00000000e3d00000| PB 0x00000000e3d00000| Untracked 
|  62|0x00000000e3e00000, 0x00000000e3e00000, 0x00000000e3f00000|  0%| F|  |TAMS 0x00000000e3e00000| PB 0x00000000e3e00000| Untracked 
|  63|0x00000000e3f00000, 0x00000000e3f00000, 0x00000000e4000000|  0%| F|  |TAMS 0x00000000e3f00000| PB 0x00000000e3f00000| Untracked 
|  64|0x00000000e4000000, 0x00000000e4000000, 0x00000000e4100000|  0%| F|  |TAMS 0x00000000e4000000| PB 0x00000000e4000000| Untracked 
|  65|0x00000000e4100000, 0x00000000e4100000, 0x00000000e4200000|  0%| F|  |TAMS 0x00000000e4100000| PB 0x00000000e4100000| Untracked 
|  66|0x00000000e4200000, 0x00000000e4200000, 0x00000000e4300000|  0%| F|  |TAMS 0x00000000e4200000| PB 0x00000000e4200000| Untracked 
|  67|0x00000000e4300000, 0x00000000e4300000, 0x00000000e4400000|  0%| F|  |TAMS 0x00000000e4300000| PB 0x00000000e4300000| Untracked 
|  68|0x00000000e4400000, 0x00000000e4400000, 0x00000000e4500000|  0%| F|  |TAMS 0x00000000e4400000| PB 0x00000000e4400000| Untracked 
|  69|0x00000000e4500000, 0x00000000e4500000, 0x00000000e4600000|  0%| F|  |TAMS 0x00000000e4500000| PB 0x00000000e4500000| Untracked 
|  70|0x00000000e4600000, 0x00000000e4600000, 0x00000000e4700000|  0%| F|  |TAMS 0x00000000e4600000| PB 0x00000000e4600000| Untracked 
|  71|0x00000000e4700000, 0x00000000e4700000, 0x00000000e4800000|  0%| F|  |TAMS 0x00000000e4700000| PB 0x00000000e4700000| Untracked 
|  72|0x00000000e4800000, 0x00000000e4800000, 0x00000000e4900000|  0%| F|  |TAMS 0x00000000e4800000| PB 0x00000000e4800000| Untracked 
|  73|0x00000000e4900000, 0x00000000e4900000, 0x00000000e4a00000|  0%| F|  |TAMS 0x00000000e4900000| PB 0x00000000e4900000| Untracked 
|  74|0x00000000e4a00000, 0x00000000e4a00000, 0x00000000e4b00000|  0%| F|  |TAMS 0x00000000e4a00000| PB 0x00000000e4a00000| Untracked 
|  75|0x00000000e4b00000, 0x00000000e4b00000, 0x00000000e4c00000|  0%| F|  |TAMS 0x00000000e4b00000| PB 0x00000000e4b00000| Untracked 
|  76|0x00000000e4c00000, 0x00000000e4c00000, 0x00000000e4d00000|  0%| F|  |TAMS 0x00000000e4c00000| PB 0x00000000e4c00000| Untracked 
|  77|0x00000000e4d00000, 0x00000000e4d00000, 0x00000000e4e00000|  0%| F|  |TAMS 0x00000000e4d00000| PB 0x00000000e4d00000| Untracked 
|  78|0x00000000e4e00000, 0x00000000e4e00000, 0x00000000e4f00000|  0%| F|  |TAMS 0x00000000e4e00000| PB 0x00000000e4e00000| Untracked 
|  79|0x00000000e4f00000, 0x00000000e4f00000, 0x00000000e5000000|  0%| F|  |TAMS 0x00000000e4f00000| PB 0x00000000e4f00000| Untracked 
|  80|0x00000000e5000000, 0x00000000e5000000, 0x00000000e5100000|  0%| F|  |TAMS 0x00000000e5000000| PB 0x00000000e5000000| Untracked 
|  81|0x00000000e5100000, 0x00000000e5100000, 0x00000000e5200000|  0%| F|  |TAMS 0x00000000e5100000| PB 0x00000000e5100000| Untracked 
|  82|0x00000000e5200000, 0x00000000e5200000, 0x00000000e5300000|  0%| F|  |TAMS 0x00000000e5200000| PB 0x00000000e5200000| Untracked 
|  83|0x00000000e5300000, 0x00000000e5300000, 0x00000000e5400000|  0%| F|  |TAMS 0x00000000e5300000| PB 0x00000000e5300000| Untracked 
|  84|0x00000000e5400000, 0x00000000e5400000, 0x00000000e5500000|  0%| F|  |TAMS 0x00000000e5400000| PB 0x00000000e5400000| Untracked 
|  85|0x00000000e5500000, 0x00000000e5500000, 0x00000000e5600000|  0%| F|  |TAMS 0x00000000e5500000| PB 0x00000000e5500000| Untracked 
|  86|0x00000000e5600000, 0x00000000e5600000, 0x00000000e5700000|  0%| F|  |TAMS 0x00000000e5600000| PB 0x00000000e5600000| Untracked 
|  87|0x00000000e5700000, 0x00000000e5700000, 0x00000000e5800000|  0%| F|  |TAMS 0x00000000e5700000| PB 0x00000000e5700000| Untracked 
|  88|0x00000000e5800000, 0x00000000e5800000, 0x00000000e5900000|  0%| F|  |TAMS 0x00000000e5800000| PB 0x00000000e5800000| Untracked 
|  89|0x00000000e5900000, 0x00000000e5900000, 0x00000000e5a00000|  0%| F|  |TAMS 0x00000000e5900000| PB 0x00000000e5900000| Untracked 
|  90|0x00000000e5a00000, 0x00000000e5a00000, 0x00000000e5b00000|  0%| F|  |TAMS 0x00000000e5a00000| PB 0x00000000e5a00000| Untracked 
|  91|0x00000000e5b00000, 0x00000000e5b00000, 0x00000000e5c00000|  0%| F|  |TAMS 0x00000000e5b00000| PB 0x00000000e5b00000| Untracked 
|  92|0x00000000e5c00000, 0x00000000e5c00000, 0x00000000e5d00000|  0%| F|  |TAMS 0x00000000e5c00000| PB 0x00000000e5c00000| Untracked 
|  93|0x00000000e5d00000, 0x00000000e5d00000, 0x00000000e5e00000|  0%| F|  |TAMS 0x00000000e5d00000| PB 0x00000000e5d00000| Untracked 
|  94|0x00000000e5e00000, 0x00000000e5e00000, 0x00000000e5f00000|  0%| F|  |TAMS 0x00000000e5e00000| PB 0x00000000e5e00000| Untracked 
|  95|0x00000000e5f00000, 0x00000000e5f00000, 0x00000000e6000000|  0%| F|  |TAMS 0x00000000e5f00000| PB 0x00000000e5f00000| Untracked 
|  96|0x00000000e6000000, 0x00000000e6000000, 0x00000000e6100000|  0%| F|  |TAMS 0x00000000e6000000| PB 0x00000000e6000000| Untracked 
|  97|0x00000000e6100000, 0x00000000e6100000, 0x00000000e6200000|  0%| F|  |TAMS 0x00000000e6100000| PB 0x00000000e6100000| Untracked 
|  98|0x00000000e6200000, 0x00000000e6200000, 0x00000000e6300000|  0%| F|  |TAMS 0x00000000e6200000| PB 0x00000000e6200000| Untracked 
|  99|0x00000000e6300000, 0x00000000e6300000, 0x00000000e6400000|  0%| F|  |TAMS 0x00000000e6300000| PB 0x00000000e6300000| Untracked 
| 100|0x00000000e6400000, 0x00000000e6400000, 0x00000000e6500000|  0%| F|  |TAMS 0x00000000e6400000| PB 0x00000000e6400000| Untracked 
| 101|0x00000000e6500000, 0x00000000e6500000, 0x00000000e6600000|  0%| F|  |TAMS 0x00000000e6500000| PB 0x00000000e6500000| Untracked 
| 102|0x00000000e6600000, 0x00000000e6600000, 0x00000000e6700000|  0%| F|  |TAMS 0x00000000e6600000| PB 0x00000000e6600000| Untracked 
| 103|0x00000000e6700000, 0x00000000e6700000, 0x00000000e6800000|  0%| F|  |TAMS 0x00000000e6700000| PB 0x00000000e6700000| Untracked 
| 104|0x00000000e6800000, 0x00000000e6800000, 0x00000000e6900000|  0%| F|  |TAMS 0x00000000e6800000| PB 0x00000000e6800000| Untracked 
| 105|0x00000000e6900000, 0x00000000e6900000, 0x00000000e6a00000|  0%| F|  |TAMS 0x00000000e6900000| PB 0x00000000e6900000| Untracked 
| 106|0x00000000e6a00000, 0x00000000e6a00000, 0x00000000e6b00000|  0%| F|  |TAMS 0x00000000e6a00000| PB 0x00000000e6a00000| Untracked 
| 107|0x00000000e6b00000, 0x00000000e6b00000, 0x00000000e6c00000|  0%| F|  |TAMS 0x00000000e6b00000| PB 0x00000000e6b00000| Untracked 
| 108|0x00000000e6c00000, 0x00000000e6c00000, 0x00000000e6d00000|  0%| F|  |TAMS 0x00000000e6c00000| PB 0x00000000e6c00000| Untracked 
| 109|0x00000000e6d00000, 0x00000000e6d00000, 0x00000000e6e00000|  0%| F|  |TAMS 0x00000000e6d00000| PB 0x00000000e6d00000| Untracked 
| 110|0x00000000e6e00000, 0x00000000e6e00000, 0x00000000e6f00000|  0%| F|  |TAMS 0x00000000e6e00000| PB 0x00000000e6e00000| Untracked 
| 111|0x00000000e6f00000, 0x00000000e6f00000, 0x00000000e7000000|  0%| F|  |TAMS 0x00000000e6f00000| PB 0x00000000e6f00000| Untracked 
| 112|0x00000000e7000000, 0x00000000e7000000, 0x00000000e7100000|  0%| F|  |TAMS 0x00000000e7000000| PB 0x00000000e7000000| Untracked 
| 113|0x00000000e7100000, 0x00000000e7100000, 0x00000000e7200000|  0%| F|  |TAMS 0x00000000e7100000| PB 0x00000000e7100000| Untracked 
| 114|0x00000000e7200000, 0x00000000e7200000, 0x00000000e7300000|  0%| F|  |TAMS 0x00000000e7200000| PB 0x00000000e7200000| Untracked 
| 115|0x00000000e7300000, 0x00000000e7300000, 0x00000000e7400000|  0%| F|  |TAMS 0x00000000e7300000| PB 0x00000000e7300000| Untracked 
| 116|0x00000000e7400000, 0x00000000e7400000, 0x00000000e7500000|  0%| F|  |TAMS 0x00000000e7400000| PB 0x00000000e7400000| Untracked 
| 117|0x00000000e7500000, 0x00000000e7500000, 0x00000000e7600000|  0%| F|  |TAMS 0x00000000e7500000| PB 0x00000000e7500000| Untracked 
| 118|0x00000000e7600000, 0x00000000e7600000, 0x00000000e7700000|  0%| F|  |TAMS 0x00000000e7600000| PB 0x00000000e7600000| Untracked 
| 119|0x00000000e7700000, 0x00000000e7700000, 0x00000000e7800000|  0%| F|  |TAMS 0x00000000e7700000| PB 0x00000000e7700000| Untracked 
| 120|0x00000000e7800000, 0x00000000e7800000, 0x00000000e7900000|  0%| F|  |TAMS 0x00000000e7800000| PB 0x00000000e7800000| Untracked 
| 121|0x00000000e7900000, 0x00000000e7900000, 0x00000000e7a00000|  0%| F|  |TAMS 0x00000000e7900000| PB 0x00000000e7900000| Untracked 
| 122|0x00000000e7a00000, 0x00000000e7a00000, 0x00000000e7b00000|  0%| F|  |TAMS 0x00000000e7a00000| PB 0x00000000e7a00000| Untracked 
| 123|0x00000000e7b00000, 0x00000000e7b00000, 0x00000000e7c00000|  0%| F|  |TAMS 0x00000000e7b00000| PB 0x00000000e7b00000| Untracked 
| 124|0x00000000e7c00000, 0x00000000e7c00000, 0x00000000e7d00000|  0%| F|  |TAMS 0x00000000e7c00000| PB 0x00000000e7c00000| Untracked 
| 125|0x00000000e7d00000, 0x00000000e7d00000, 0x00000000e7e00000|  0%| F|  |TAMS 0x00000000e7d00000| PB 0x00000000e7d00000| Untracked 
| 126|0x00000000e7e00000, 0x00000000e7e00000, 0x00000000e7f00000|  0%| F|  |TAMS 0x00000000e7e00000| PB 0x00000000e7e00000| Untracked 
| 127|0x00000000e7f00000, 0x00000000e7f00000, 0x00000000e8000000|  0%| F|  |TAMS 0x00000000e7f00000| PB 0x00000000e7f00000| Untracked 
| 128|0x00000000e8000000, 0x00000000e8000000, 0x00000000e8100000|  0%| F|  |TAMS 0x00000000e8000000| PB 0x00000000e8000000| Untracked 
| 129|0x00000000e8100000, 0x00000000e8100000, 0x00000000e8200000|  0%| F|  |TAMS 0x00000000e8100000| PB 0x00000000e8100000| Untracked 
| 130|0x00000000e8200000, 0x00000000e8200000, 0x00000000e8300000|  0%| F|  |TAMS 0x00000000e8200000| PB 0x00000000e8200000| Untracked 
| 131|0x00000000e8300000, 0x00000000e8300000, 0x00000000e8400000|  0%| F|  |TAMS 0x00000000e8300000| PB 0x00000000e8300000| Untracked 
| 132|0x00000000e8400000, 0x00000000e8400000, 0x00000000e8500000|  0%| F|  |TAMS 0x00000000e8400000| PB 0x00000000e8400000| Untracked 
| 133|0x00000000e8500000, 0x00000000e8500000, 0x00000000e8600000|  0%| F|  |TAMS 0x00000000e8500000| PB 0x00000000e8500000| Untracked 
| 134|0x00000000e8600000, 0x00000000e8600000, 0x00000000e8700000|  0%| F|  |TAMS 0x00000000e8600000| PB 0x00000000e8600000| Untracked 
| 135|0x00000000e8700000, 0x00000000e8700000, 0x00000000e8800000|  0%| F|  |TAMS 0x00000000e8700000| PB 0x00000000e8700000| Untracked 
| 136|0x00000000e8800000, 0x00000000e8800000, 0x00000000e8900000|  0%| F|  |TAMS 0x00000000e8800000| PB 0x00000000e8800000| Untracked 
| 137|0x00000000e8900000, 0x00000000e8900000, 0x00000000e8a00000|  0%| F|  |TAMS 0x00000000e8900000| PB 0x00000000e8900000| Untracked 
| 138|0x00000000e8a00000, 0x00000000e8a00000, 0x00000000e8b00000|  0%| F|  |TAMS 0x00000000e8a00000| PB 0x00000000e8a00000| Untracked 
| 139|0x00000000e8b00000, 0x00000000e8b00000, 0x00000000e8c00000|  0%| F|  |TAMS 0x00000000e8b00000| PB 0x00000000e8b00000| Untracked 
| 140|0x00000000e8c00000, 0x00000000e8c00000, 0x00000000e8d00000|  0%| F|  |TAMS 0x00000000e8c00000| PB 0x00000000e8c00000| Untracked 
| 141|0x00000000e8d00000, 0x00000000e8d00000, 0x00000000e8e00000|  0%| F|  |TAMS 0x00000000e8d00000| PB 0x00000000e8d00000| Untracked 
| 142|0x00000000e8e00000, 0x00000000e8e00000, 0x00000000e8f00000|  0%| F|  |TAMS 0x00000000e8e00000| PB 0x00000000e8e00000| Untracked 
| 143|0x00000000e8f00000, 0x00000000e8f00000, 0x00000000e9000000|  0%| F|  |TAMS 0x00000000e8f00000| PB 0x00000000e8f00000| Untracked 
| 144|0x00000000e9000000, 0x00000000e9000000, 0x00000000e9100000|  0%| F|  |TAMS 0x00000000e9000000| PB 0x00000000e9000000| Untracked 
| 145|0x00000000e9100000, 0x00000000e9100000, 0x00000000e9200000|  0%| F|  |TAMS 0x00000000e9100000| PB 0x00000000e9100000| Untracked 
| 146|0x00000000e9200000, 0x00000000e9200000, 0x00000000e9300000|  0%| F|  |TAMS 0x00000000e9200000| PB 0x00000000e9200000| Untracked 
| 147|0x00000000e9300000, 0x00000000e9300000, 0x00000000e9400000|  0%| F|  |TAMS 0x00000000e9300000| PB 0x00000000e9300000| Untracked 
| 148|0x00000000e9400000, 0x00000000e9400000, 0x00000000e9500000|  0%| F|  |TAMS 0x00000000e9400000| PB 0x00000000e9400000| Untracked 
| 149|0x00000000e9500000, 0x00000000e9500000, 0x00000000e9600000|  0%| F|  |TAMS 0x00000000e9500000| PB 0x00000000e9500000| Untracked 
| 150|0x00000000e9600000, 0x00000000e9600000, 0x00000000e9700000|  0%| F|  |TAMS 0x00000000e9600000| PB 0x00000000e9600000| Untracked 
| 151|0x00000000e9700000, 0x00000000e9700000, 0x00000000e9800000|  0%| F|  |TAMS 0x00000000e9700000| PB 0x00000000e9700000| Untracked 
| 152|0x00000000e9800000, 0x00000000e9800000, 0x00000000e9900000|  0%| F|  |TAMS 0x00000000e9800000| PB 0x00000000e9800000| Untracked 
| 153|0x00000000e9900000, 0x00000000e9900000, 0x00000000e9a00000|  0%| F|  |TAMS 0x00000000e9900000| PB 0x00000000e9900000| Untracked 
| 154|0x00000000e9a00000, 0x00000000e9a00000, 0x00000000e9b00000|  0%| F|  |TAMS 0x00000000e9a00000| PB 0x00000000e9a00000| Untracked 
| 155|0x00000000e9b00000, 0x00000000e9b00000, 0x00000000e9c00000|  0%| F|  |TAMS 0x00000000e9b00000| PB 0x00000000e9b00000| Untracked 
| 156|0x00000000e9c00000, 0x00000000e9c00000, 0x00000000e9d00000|  0%| F|  |TAMS 0x00000000e9c00000| PB 0x00000000e9c00000| Untracked 
| 157|0x00000000e9d00000, 0x00000000e9d00000, 0x00000000e9e00000|  0%| F|  |TAMS 0x00000000e9d00000| PB 0x00000000e9d00000| Untracked 
| 158|0x00000000e9e00000, 0x00000000e9e00000, 0x00000000e9f00000|  0%| F|  |TAMS 0x00000000e9e00000| PB 0x00000000e9e00000| Untracked 
| 159|0x00000000e9f00000, 0x00000000e9f00000, 0x00000000ea000000|  0%| F|  |TAMS 0x00000000e9f00000| PB 0x00000000e9f00000| Untracked 
| 160|0x00000000ea000000, 0x00000000ea000000, 0x00000000ea100000|  0%| F|  |TAMS 0x00000000ea000000| PB 0x00000000ea000000| Untracked 
| 161|0x00000000ea100000, 0x00000000ea100000, 0x00000000ea200000|  0%| F|  |TAMS 0x00000000ea100000| PB 0x00000000ea100000| Untracked 
| 162|0x00000000ea200000, 0x00000000ea200000, 0x00000000ea300000|  0%| F|  |TAMS 0x00000000ea200000| PB 0x00000000ea200000| Untracked 
| 163|0x00000000ea300000, 0x00000000ea300000, 0x00000000ea400000|  0%| F|  |TAMS 0x00000000ea300000| PB 0x00000000ea300000| Untracked 
| 164|0x00000000ea400000, 0x00000000ea400000, 0x00000000ea500000|  0%| F|  |TAMS 0x00000000ea400000| PB 0x00000000ea400000| Untracked 
| 165|0x00000000ea500000, 0x00000000ea500000, 0x00000000ea600000|  0%| F|  |TAMS 0x00000000ea500000| PB 0x00000000ea500000| Untracked 
| 166|0x00000000ea600000, 0x00000000ea600000, 0x00000000ea700000|  0%| F|  |TAMS 0x00000000ea600000| PB 0x00000000ea600000| Untracked 
| 167|0x00000000ea700000, 0x00000000ea700000, 0x00000000ea800000|  0%| F|  |TAMS 0x00000000ea700000| PB 0x00000000ea700000| Untracked 
| 168|0x00000000ea800000, 0x00000000ea800000, 0x00000000ea900000|  0%| F|  |TAMS 0x00000000ea800000| PB 0x00000000ea800000| Untracked 
| 169|0x00000000ea900000, 0x00000000ea900000, 0x00000000eaa00000|  0%| F|  |TAMS 0x00000000ea900000| PB 0x00000000ea900000| Untracked 
| 170|0x00000000eaa00000, 0x00000000eaa00000, 0x00000000eab00000|  0%| F|  |TAMS 0x00000000eaa00000| PB 0x00000000eaa00000| Untracked 
| 171|0x00000000eab00000, 0x00000000eab00000, 0x00000000eac00000|  0%| F|  |TAMS 0x00000000eab00000| PB 0x00000000eab00000| Untracked 
| 172|0x00000000eac00000, 0x00000000eac00000, 0x00000000ead00000|  0%| F|  |TAMS 0x00000000eac00000| PB 0x00000000eac00000| Untracked 
| 173|0x00000000ead00000, 0x00000000ead00000, 0x00000000eae00000|  0%| F|  |TAMS 0x00000000ead00000| PB 0x00000000ead00000| Untracked 
| 174|0x00000000eae00000, 0x00000000eae00000, 0x00000000eaf00000|  0%| F|  |TAMS 0x00000000eae00000| PB 0x00000000eae00000| Untracked 
| 175|0x00000000eaf00000, 0x00000000eaf00000, 0x00000000eb000000|  0%| F|  |TAMS 0x00000000eaf00000| PB 0x00000000eaf00000| Untracked 
| 176|0x00000000eb000000, 0x00000000eb000000, 0x00000000eb100000|  0%| F|  |TAMS 0x00000000eb000000| PB 0x00000000eb000000| Untracked 
| 177|0x00000000eb100000, 0x00000000eb100000, 0x00000000eb200000|  0%| F|  |TAMS 0x00000000eb100000| PB 0x00000000eb100000| Untracked 
| 178|0x00000000eb200000, 0x00000000eb200000, 0x00000000eb300000|  0%| F|  |TAMS 0x00000000eb200000| PB 0x00000000eb200000| Untracked 
| 179|0x00000000eb300000, 0x00000000eb300000, 0x00000000eb400000|  0%| F|  |TAMS 0x00000000eb300000| PB 0x00000000eb300000| Untracked 
| 180|0x00000000eb400000, 0x00000000eb400000, 0x00000000eb500000|  0%| F|  |TAMS 0x00000000eb400000| PB 0x00000000eb400000| Untracked 
| 181|0x00000000eb500000, 0x00000000eb500000, 0x00000000eb600000|  0%| F|  |TAMS 0x00000000eb500000| PB 0x00000000eb500000| Untracked 
| 182|0x00000000eb600000, 0x00000000eb600000, 0x00000000eb700000|  0%| F|  |TAMS 0x00000000eb600000| PB 0x00000000eb600000| Untracked 
| 183|0x00000000eb700000, 0x00000000eb700000, 0x00000000eb800000|  0%| F|  |TAMS 0x00000000eb700000| PB 0x00000000eb700000| Untracked 
| 184|0x00000000eb800000, 0x00000000eb800000, 0x00000000eb900000|  0%| F|  |TAMS 0x00000000eb800000| PB 0x00000000eb800000| Untracked 
| 185|0x00000000eb900000, 0x00000000eb900000, 0x00000000eba00000|  0%| F|  |TAMS 0x00000000eb900000| PB 0x00000000eb900000| Untracked 
| 186|0x00000000eba00000, 0x00000000eba00000, 0x00000000ebb00000|  0%| F|  |TAMS 0x00000000eba00000| PB 0x00000000eba00000| Untracked 
| 187|0x00000000ebb00000, 0x00000000ebb00000, 0x00000000ebc00000|  0%| F|  |TAMS 0x00000000ebb00000| PB 0x00000000ebb00000| Untracked 
| 188|0x00000000ebc00000, 0x00000000ebc00000, 0x00000000ebd00000|  0%| F|  |TAMS 0x00000000ebc00000| PB 0x00000000ebc00000| Untracked 
| 189|0x00000000ebd00000, 0x00000000ebd00000, 0x00000000ebe00000|  0%| F|  |TAMS 0x00000000ebd00000| PB 0x00000000ebd00000| Untracked 
| 190|0x00000000ebe00000, 0x00000000ebe00000, 0x00000000ebf00000|  0%| F|  |TAMS 0x00000000ebe00000| PB 0x00000000ebe00000| Untracked 
| 191|0x00000000ebf00000, 0x00000000ebf00000, 0x00000000ec000000|  0%| F|  |TAMS 0x00000000ebf00000| PB 0x00000000ebf00000| Untracked 
| 192|0x00000000ec000000, 0x00000000ec000000, 0x00000000ec100000|  0%| F|  |TAMS 0x00000000ec000000| PB 0x00000000ec000000| Untracked 
| 193|0x00000000ec100000, 0x00000000ec100000, 0x00000000ec200000|  0%| F|  |TAMS 0x00000000ec100000| PB 0x00000000ec100000| Untracked 
| 194|0x00000000ec200000, 0x00000000ec200000, 0x00000000ec300000|  0%| F|  |TAMS 0x00000000ec200000| PB 0x00000000ec200000| Untracked 
| 195|0x00000000ec300000, 0x00000000ec300000, 0x00000000ec400000|  0%| F|  |TAMS 0x00000000ec300000| PB 0x00000000ec300000| Untracked 
| 196|0x00000000ec400000, 0x00000000ec400000, 0x00000000ec500000|  0%| F|  |TAMS 0x00000000ec400000| PB 0x00000000ec400000| Untracked 
| 197|0x00000000ec500000, 0x00000000ec500000, 0x00000000ec600000|  0%| F|  |TAMS 0x00000000ec500000| PB 0x00000000ec500000| Untracked 
| 198|0x00000000ec600000, 0x00000000ec600000, 0x00000000ec700000|  0%| F|  |TAMS 0x00000000ec600000| PB 0x00000000ec600000| Untracked 
| 199|0x00000000ec700000, 0x00000000ec700000, 0x00000000ec800000|  0%| F|  |TAMS 0x00000000ec700000| PB 0x00000000ec700000| Untracked 
| 200|0x00000000ec800000, 0x00000000ec800000, 0x00000000ec900000|  0%| F|  |TAMS 0x00000000ec800000| PB 0x00000000ec800000| Untracked 
| 201|0x00000000ec900000, 0x00000000ec900000, 0x00000000eca00000|  0%| F|  |TAMS 0x00000000ec900000| PB 0x00000000ec900000| Untracked 
| 202|0x00000000eca00000, 0x00000000eca00000, 0x00000000ecb00000|  0%| F|  |TAMS 0x00000000eca00000| PB 0x00000000eca00000| Untracked 
| 203|0x00000000ecb00000, 0x00000000ecb00000, 0x00000000ecc00000|  0%| F|  |TAMS 0x00000000ecb00000| PB 0x00000000ecb00000| Untracked 
| 204|0x00000000ecc00000, 0x00000000ecc00000, 0x00000000ecd00000|  0%| F|  |TAMS 0x00000000ecc00000| PB 0x00000000ecc00000| Untracked 
| 205|0x00000000ecd00000, 0x00000000ecd00000, 0x00000000ece00000|  0%| F|  |TAMS 0x00000000ecd00000| PB 0x00000000ecd00000| Untracked 
| 206|0x00000000ece00000, 0x00000000ece00000, 0x00000000ecf00000|  0%| F|  |TAMS 0x00000000ece00000| PB 0x00000000ece00000| Untracked 
| 207|0x00000000ecf00000, 0x00000000ecf00000, 0x00000000ed000000|  0%| F|  |TAMS 0x00000000ecf00000| PB 0x00000000ecf00000| Untracked 
| 208|0x00000000ed000000, 0x00000000ed000000, 0x00000000ed100000|  0%| F|  |TAMS 0x00000000ed000000| PB 0x00000000ed000000| Untracked 
| 209|0x00000000ed100000, 0x00000000ed100000, 0x00000000ed200000|  0%| F|  |TAMS 0x00000000ed100000| PB 0x00000000ed100000| Untracked 
| 210|0x00000000ed200000, 0x00000000ed200000, 0x00000000ed300000|  0%| F|  |TAMS 0x00000000ed200000| PB 0x00000000ed200000| Untracked 
| 211|0x00000000ed300000, 0x00000000ed300000, 0x00000000ed400000|  0%| F|  |TAMS 0x00000000ed300000| PB 0x00000000ed300000| Untracked 
| 212|0x00000000ed400000, 0x00000000ed400000, 0x00000000ed500000|  0%| F|  |TAMS 0x00000000ed400000| PB 0x00000000ed400000| Untracked 
| 213|0x00000000ed500000, 0x00000000ed500000, 0x00000000ed600000|  0%| F|  |TAMS 0x00000000ed500000| PB 0x00000000ed500000| Untracked 
| 214|0x00000000ed600000, 0x00000000ed600000, 0x00000000ed700000|  0%| F|  |TAMS 0x00000000ed600000| PB 0x00000000ed600000| Untracked 
| 215|0x00000000ed700000, 0x00000000ed700000, 0x00000000ed800000|  0%| F|  |TAMS 0x00000000ed700000| PB 0x00000000ed700000| Untracked 
| 216|0x00000000ed800000, 0x00000000ed800000, 0x00000000ed900000|  0%| F|  |TAMS 0x00000000ed800000| PB 0x00000000ed800000| Untracked 
| 217|0x00000000ed900000, 0x00000000ed900000, 0x00000000eda00000|  0%| F|  |TAMS 0x00000000ed900000| PB 0x00000000ed900000| Untracked 
| 218|0x00000000eda00000, 0x00000000eda00000, 0x00000000edb00000|  0%| F|  |TAMS 0x00000000eda00000| PB 0x00000000eda00000| Untracked 
| 219|0x00000000edb00000, 0x00000000edb00000, 0x00000000edc00000|  0%| F|  |TAMS 0x00000000edb00000| PB 0x00000000edb00000| Untracked 
| 220|0x00000000edc00000, 0x00000000edc00000, 0x00000000edd00000|  0%| F|  |TAMS 0x00000000edc00000| PB 0x00000000edc00000| Untracked 
| 221|0x00000000edd00000, 0x00000000edd00000, 0x00000000ede00000|  0%| F|  |TAMS 0x00000000edd00000| PB 0x00000000edd00000| Untracked 
| 222|0x00000000ede00000, 0x00000000edec7550, 0x00000000edf00000| 77%| E|  |TAMS 0x00000000ede00000| PB 0x00000000ede00000| Complete 
| 223|0x00000000edf00000, 0x00000000ee000000, 0x00000000ee000000|100%| E|CS|TAMS 0x00000000edf00000| PB 0x00000000edf00000| Complete 
| 224|0x00000000ee000000, 0x00000000ee100000, 0x00000000ee100000|100%| E|CS|TAMS 0x00000000ee000000| PB 0x00000000ee000000| Complete 
| 225|0x00000000ee100000, 0x00000000ee200000, 0x00000000ee200000|100%| E|CS|TAMS 0x00000000ee100000| PB 0x00000000ee100000| Complete 
| 226|0x00000000ee200000, 0x00000000ee300000, 0x00000000ee300000|100%| E|CS|TAMS 0x00000000ee200000| PB 0x00000000ee200000| Complete 
| 227|0x00000000ee300000, 0x00000000ee400000, 0x00000000ee400000|100%| E|CS|TAMS 0x00000000ee300000| PB 0x00000000ee300000| Complete 
| 228|0x00000000ee400000, 0x00000000ee500000, 0x00000000ee500000|100%| E|CS|TAMS 0x00000000ee400000| PB 0x00000000ee400000| Complete 
| 229|0x00000000ee500000, 0x00000000ee600000, 0x00000000ee600000|100%| E|CS|TAMS 0x00000000ee500000| PB 0x00000000ee500000| Complete 
| 230|0x00000000ee600000, 0x00000000ee700000, 0x00000000ee700000|100%| E|CS|TAMS 0x00000000ee600000| PB 0x00000000ee600000| Complete 
| 231|0x00000000ee700000, 0x00000000ee800000, 0x00000000ee800000|100%| E|CS|TAMS 0x00000000ee700000| PB 0x00000000ee700000| Complete 
| 232|0x00000000ee800000, 0x00000000ee900000, 0x00000000ee900000|100%| E|CS|TAMS 0x00000000ee800000| PB 0x00000000ee800000| Complete 
| 233|0x00000000ee900000, 0x00000000eea00000, 0x00000000eea00000|100%| E|CS|TAMS 0x00000000ee900000| PB 0x00000000ee900000| Complete 
| 234|0x00000000eea00000, 0x00000000eeb00000, 0x00000000eeb00000|100%| E|CS|TAMS 0x00000000eea00000| PB 0x00000000eea00000| Complete 
| 235|0x00000000eeb00000, 0x00000000eec00000, 0x00000000eec00000|100%| E|CS|TAMS 0x00000000eeb00000| PB 0x00000000eeb00000| Complete 
| 236|0x00000000eec00000, 0x00000000eed00000, 0x00000000eed00000|100%| E|CS|TAMS 0x00000000eec00000| PB 0x00000000eec00000| Complete 
| 237|0x00000000eed00000, 0x00000000eee00000, 0x00000000eee00000|100%| E|CS|TAMS 0x00000000eed00000| PB 0x00000000eed00000| Complete 
| 238|0x00000000eee00000, 0x00000000eee23788, 0x00000000eef00000| 13%| S|CS|TAMS 0x00000000eee00000| PB 0x00000000eee00000| Complete 
| 239|0x00000000eef00000, 0x00000000ef000000, 0x00000000ef000000|100%| S|CS|TAMS 0x00000000eef00000| PB 0x00000000eef00000| Complete 
| 240|0x00000000ef000000, 0x00000000ef100000, 0x00000000ef100000|100%| S|CS|TAMS 0x00000000ef000000| PB 0x00000000ef000000| Complete 
| 241|0x00000000ef100000, 0x00000000ef200000, 0x00000000ef200000|100%| S|CS|TAMS 0x00000000ef100000| PB 0x00000000ef100000| Complete 
| 242|0x00000000ef200000, 0x00000000ef300000, 0x00000000ef300000|100%| S|CS|TAMS 0x00000000ef200000| PB 0x00000000ef200000| Complete 
| 243|0x00000000ef300000, 0x00000000ef400000, 0x00000000ef400000|100%| S|CS|TAMS 0x00000000ef300000| PB 0x00000000ef300000| Complete 
| 244|0x00000000ef400000, 0x00000000ef500000, 0x00000000ef500000|100%| S|CS|TAMS 0x00000000ef400000| PB 0x00000000ef400000| Complete 
| 245|0x00000000ef500000, 0x00000000ef600000, 0x00000000ef600000|100%| E|CS|TAMS 0x00000000ef500000| PB 0x00000000ef500000| Complete 
| 246|0x00000000ef600000, 0x00000000ef700000, 0x00000000ef700000|100%| E|CS|TAMS 0x00000000ef600000| PB 0x00000000ef600000| Complete 
| 247|0x00000000ef700000, 0x00000000ef800000, 0x00000000ef800000|100%| E|CS|TAMS 0x00000000ef700000| PB 0x00000000ef700000| Complete 
| 248|0x00000000ef800000, 0x00000000ef900000, 0x00000000ef900000|100%| E|CS|TAMS 0x00000000ef800000| PB 0x00000000ef800000| Complete 
| 249|0x00000000ef900000, 0x00000000efa00000, 0x00000000efa00000|100%| E|CS|TAMS 0x00000000ef900000| PB 0x00000000ef900000| Complete 
| 250|0x00000000efa00000, 0x00000000efb00000, 0x00000000efb00000|100%| E|CS|TAMS 0x00000000efa00000| PB 0x00000000efa00000| Complete 
| 251|0x00000000efb00000, 0x00000000efc00000, 0x00000000efc00000|100%| E|CS|TAMS 0x00000000efb00000| PB 0x00000000efb00000| Complete 
| 252|0x00000000efc00000, 0x00000000efd00000, 0x00000000efd00000|100%| E|CS|TAMS 0x00000000efc00000| PB 0x00000000efc00000| Complete 
| 253|0x00000000efd00000, 0x00000000efe00000, 0x00000000efe00000|100%| E|CS|TAMS 0x00000000efd00000| PB 0x00000000efd00000| Complete 
| 254|0x00000000efe00000, 0x00000000eff00000, 0x00000000eff00000|100%| E|CS|TAMS 0x00000000efe00000| PB 0x00000000efe00000| Complete 
| 255|0x00000000eff00000, 0x00000000f0000000, 0x00000000f0000000|100%| E|CS|TAMS 0x00000000eff00000| PB 0x00000000eff00000| Complete 

Card table byte_map: [0x000001f74a8b0000,0x000001f74a9b0000] _byte_map_base: 0x000001f74a1b0000

Marking Bits: (CMBitMap*) 0x000001f7380895c0
 Bits: [0x000001f74a9b0000, 0x000001f74b1b0000)

Polling page: 0x000001f735ee0000

Metaspace:

Usage:
  Non-class:     32.90 MB used.
      Class:      5.32 MB used.
       Both:     38.22 MB used.

Virtual space:
  Non-class space:       64.00 MB reserved,      33.56 MB ( 52%) committed,  1 nodes.
      Class space:      320.00 MB reserved,       5.88 MB (  2%) committed,  1 nodes.
             Both:      384.00 MB reserved,      39.44 MB ( 10%) committed. 

Chunk freelists:
   Non-Class:  13.92 MB
       Class:  10.11 MB
        Both:  24.03 MB

MaxMetaspaceSize: 384.00 MB
CompressedClassSpaceSize: 320.00 MB
Initial GC threshold: 21.00 MB
Current GC threshold: 59.94 MB
CDS: off
 - commit_granule_bytes: 65536.
 - commit_granule_words: 8192.
 - virtual_space_node_default_size: 8388608.
 - enlarge_chunks_in_place: 1.
 - use_allocation_guard: 0.


Internal statistics:

num_allocs_failed_limit: 12.
num_arena_births: 2154.
num_arena_deaths: 0.
num_vsnodes_births: 2.
num_vsnodes_deaths: 0.
num_space_committed: 631.
num_space_uncommitted: 0.
num_chunks_returned_to_freelist: 12.
num_chunks_taken_from_freelist: 3629.
num_chunk_merges: 12.
num_chunk_splits: 2314.
num_chunks_enlarged: 1405.
num_inconsistent_stats: 0.

CodeHeap 'non-profiled nmethods': size=120000Kb used=1871Kb max_used=1977Kb free=118128Kb
 bounds [0x000001f742d30000, 0x000001f742fa0000, 0x000001f74a260000]
CodeHeap 'profiled nmethods': size=120000Kb used=6965Kb max_used=7403Kb free=113035Kb
 bounds [0x000001f73b260000, 0x000001f73b9a0000, 0x000001f742790000]
CodeHeap 'non-nmethods': size=5760Kb used=1436Kb max_used=1465Kb free=4323Kb
 bounds [0x000001f742790000, 0x000001f742a00000, 0x000001f742d30000]
CodeCache: size=245760Kb, used=10272Kb, max_used=10845Kb, free=235486Kb
 total_blobs=4147, nmethods=3556, adapters=495, full_count=0
Compilation: enabled, stopped_count=0, restarted_count=0

Compilation events (20 events):
Event: 46.381 Thread 0x000001f7520badc0 3972       1       org.gradle.cache.internal.filelock.FileLockOutcome::isLockWasAcquired (2 bytes)
Event: 46.381 Thread 0x000001f7520badc0 nmethod 3972 0x000001f742e27990 code [0x000001f742e27b20, 0x000001f742e27be8]
Event: 46.382 Thread 0x000001f7520badc0 3973       1       org.gradle.internal.time.ExponentialBackoff$Result$2::isSuccessful (2 bytes)
Event: 46.382 Thread 0x000001f7520badc0 nmethod 3973 0x000001f742e27690 code [0x000001f742e27820, 0x000001f742e278e8]
Event: 46.694 Thread 0x000001f7520badc0 3974       3       org.gradle.internal.remote.internal.inet.MultiChoiceAddress::hashCode (8 bytes)
Event: 46.695 Thread 0x000001f7520badc0 nmethod 3974 0x000001f73b29e810 code [0x000001f73b29e9c0, 0x000001f73b29eb70]
Event: 46.695 Thread 0x000001f7520badc0 3975       3       java.util.UUID::hashCode (13 bytes)
Event: 46.695 Thread 0x000001f7520badc0 nmethod 3975 0x000001f73b29e490 code [0x000001f73b29e640, 0x000001f73b29e788]
Event: 46.697 Thread 0x000001f7520badc0 3976       3       java.net.InetAddress::<init> (21 bytes)
Event: 46.697 Thread 0x000001f7520badc0 nmethod 3976 0x000001f73b29de90 code [0x000001f73b29e040, 0x000001f73b29e348]
Event: 46.697 Thread 0x000001f7520badc0 3977       3       java.net.InetAddress$InetAddressHolder::<init> (5 bytes)
Event: 46.697 Thread 0x000001f7520badc0 nmethod 3977 0x000001f73b29da90 code [0x000001f73b29dc40, 0x000001f73b29dda8]
Event: 46.697 Thread 0x000001f7520badc0 3978       3       org.gradle.launcher.daemon.registry.DaemonRegistryContent::access$400 (4 bytes)
Event: 46.697 Thread 0x000001f7520badc0 nmethod 3978 0x000001f73b321d10 code [0x000001f73b321ea0, 0x000001f73b321f98]
Event: 47.139 Thread 0x000001f7520badc0 3979       3       jdk.internal.misc.VM::isModuleSystemInited (13 bytes)
Event: 47.139 Thread 0x000001f7520badc0 nmethod 3979 0x000001f73b29d590 code [0x000001f73b29d720, 0x000001f73b29d870]
Event: 47.139 Thread 0x000001f7520badc0 3980       3       java.lang.ModuleLayer::boot (4 bytes)
Event: 47.139 Thread 0x000001f7520badc0 nmethod 3980 0x000001f73b43a790 code [0x000001f73b43a920, 0x000001f73b43aa18]
Event: 47.159 Thread 0x000001f7520badc0 3985       3       java.lang.invoke.InvokerBytecodeGenerator::resolveFrom (81 bytes)
Event: 47.159 Thread 0x000001f7520badc0 nmethod 3985 0x000001f73b350f90 code [0x000001f73b351160, 0x000001f73b351428]

GC Heap History (12 events):
Event: 3.211 GC heap before
{Heap before GC invocations=0 (full 0):
 garbage-first heap   total 262144K, used 26624K [0x00000000e0000000, 0x0000000100000000)
  region size 1024K, 23 young (23552K), 0 survivors (0K)
 Metaspace       used 7641K, committed 7808K, reserved 393216K
  class space    used 692K, committed 768K, reserved 327680K
}
Event: 3.294 GC heap after
{Heap after GC invocations=1 (full 0):
 garbage-first heap   total 262144K, used 10029K [0x00000000e0000000, 0x0000000100000000)
  region size 1024K, 3 young (3072K), 3 survivors (3072K)
 Metaspace       used 7641K, committed 7808K, reserved 393216K
  class space    used 692K, committed 768K, reserved 327680K
}
Event: 5.306 GC heap before
{Heap before GC invocations=1 (full 0):
 garbage-first heap   total 262144K, used 40749K [0x00000000e0000000, 0x0000000100000000)
  region size 1024K, 33 young (33792K), 3 survivors (3072K)
 Metaspace       used 11527K, committed 11776K, reserved 393216K
  class space    used 1235K, committed 1344K, reserved 327680K
}
Event: 5.310 GC heap after
{Heap after GC invocations=2 (full 0):
 garbage-first heap   total 262144K, used 12340K [0x00000000e0000000, 0x0000000100000000)
  region size 1024K, 2 young (2048K), 2 survivors (2048K)
 Metaspace       used 11527K, committed 11776K, reserved 393216K
  class space    used 1235K, committed 1344K, reserved 327680K
}
Event: 21.065 GC heap before
{Heap before GC invocations=2 (full 0):
 garbage-first heap   total 262144K, used 85044K [0x00000000e0000000, 0x0000000100000000)
  region size 1024K, 72 young (73728K), 2 survivors (2048K)
 Metaspace       used 21146K, committed 21504K, reserved 393216K
  class space    used 2460K, committed 2624K, reserved 327680K
}
Event: 21.079 GC heap after
{Heap after GC invocations=3 (full 0):
 garbage-first heap   total 262144K, used 21641K [0x00000000e0000000, 0x0000000100000000)
  region size 1024K, 10 young (10240K), 10 survivors (10240K)
 Metaspace       used 21146K, committed 21504K, reserved 393216K
  class space    used 2460K, committed 2624K, reserved 327680K
}
Event: 28.698 GC heap before
{Heap before GC invocations=4 (full 0):
 garbage-first heap   total 262144K, used 121993K [0x00000000e0000000, 0x0000000100000000)
  region size 1024K, 110 young (112640K), 10 survivors (10240K)
 Metaspace       used 35130K, committed 36096K, reserved 393216K
  class space    used 4772K, committed 5248K, reserved 327680K
}
Event: 28.714 GC heap after
{Heap after GC invocations=5 (full 0):
 garbage-first heap   total 262144K, used 27446K [0x00000000e0000000, 0x0000000100000000)
  region size 1024K, 16 young (16384K), 16 survivors (16384K)
 Metaspace       used 35130K, committed 36096K, reserved 393216K
  class space    used 4772K, committed 5248K, reserved 327680K
}
Event: 28.889 GC heap before
{Heap before GC invocations=5 (full 0):
 garbage-first heap   total 262144K, used 29494K [0x00000000e0000000, 0x0000000100000000)
  region size 1024K, 19 young (19456K), 16 survivors (16384K)
 Metaspace       used 35424K, committed 36416K, reserved 393216K
  class space    used 4822K, committed 5312K, reserved 327680K
}
Event: 28.902 GC heap after
{Heap after GC invocations=6 (full 0):
 garbage-first heap   total 262144K, used 27625K [0x00000000e0000000, 0x0000000100000000)
  region size 1024K, 7 young (7168K), 7 survivors (7168K)
 Metaspace       used 35424K, committed 36416K, reserved 393216K
  class space    used 4822K, committed 5312K, reserved 327680K
}
Event: 29.010 GC heap before
{Heap before GC invocations=6 (full 0):
 garbage-first heap   total 262144K, used 30697K [0x00000000e0000000, 0x0000000100000000)
  region size 1024K, 11 young (11264K), 7 survivors (7168K)
 Metaspace       used 35714K, committed 36736K, reserved 393216K
  class space    used 4863K, committed 5376K, reserved 327680K
}
Event: 29.016 GC heap after
{Heap after GC invocations=7 (full 0):
 garbage-first heap   total 262144K, used 27314K [0x00000000e0000000, 0x0000000100000000)
  region size 1024K, 7 young (7168K), 7 survivors (7168K)
 Metaspace       used 35714K, committed 36736K, reserved 393216K
  class space    used 4863K, committed 5376K, reserved 327680K
}

Dll operation events (20 events):
Event: 0.828 Attempting to load shared library C:\Users\ishas\.vscode\extensions\redhat.java-1.56.0-win32-x64\jre\21.0.12.1-win32-x86_64\bin\nio.dll
Event: 0.828 Loaded shared library C:\Users\ishas\.vscode\extensions\redhat.java-1.56.0-win32-x64\jre\21.0.12.1-win32-x86_64\bin\nio.dll
Event: 0.843 Attempting to load shared library C:\Users\ishas\.vscode\extensions\redhat.java-1.56.0-win32-x64\jre\21.0.12.1-win32-x86_64\bin\zip.dll
Event: 0.843 Loaded shared library C:\Users\ishas\.vscode\extensions\redhat.java-1.56.0-win32-x64\jre\21.0.12.1-win32-x86_64\bin\zip.dll
Event: 1.944 Attempting to load shared library C:\Users\ishas\.vscode\extensions\redhat.java-1.56.0-win32-x64\jre\21.0.12.1-win32-x86_64\bin\jimage.dll
Event: 1.944 Loaded shared library C:\Users\ishas\.vscode\extensions\redhat.java-1.56.0-win32-x64\jre\21.0.12.1-win32-x86_64\bin\jimage.dll
Event: 3.311 Attempting to load shared library C:\Users\ishas\.vscode\extensions\redhat.java-1.56.0-win32-x64\jre\21.0.12.1-win32-x86_64\bin\verify.dll
Event: 3.311 Loaded shared library C:\Users\ishas\.vscode\extensions\redhat.java-1.56.0-win32-x64\jre\21.0.12.1-win32-x86_64\bin\verify.dll
Event: 3.694 Attempting to load shared library C:\Users\ishas\.gradle\native\c067742578af261105cb4f569cf0c3c89f3d7b1fecec35dd04571415982c5e48\windows-amd64\native-platform.dll
Event: 3.695 Loaded shared library C:\Users\ishas\.gradle\native\c067742578af261105cb4f569cf0c3c89f3d7b1fecec35dd04571415982c5e48\windows-amd64\native-platform.dll
Event: 3.707 Attempting to load shared library C:\Users\ishas\.gradle\native\100fb08df4bc3b14c8652ba06237920a3bd2aa13389f12d3474272988ae205f9\windows-amd64\native-platform-file-events.dll
Event: 3.727 Loaded shared library C:\Users\ishas\.gradle\native\100fb08df4bc3b14c8652ba06237920a3bd2aa13389f12d3474272988ae205f9\windows-amd64\native-platform-file-events.dll
Event: 8.565 Attempting to load shared library C:\Users\ishas\.vscode\extensions\redhat.java-1.56.0-win32-x64\jre\21.0.12.1-win32-x86_64\bin\management.dll
Event: 8.570 Loaded shared library C:\Users\ishas\.vscode\extensions\redhat.java-1.56.0-win32-x64\jre\21.0.12.1-win32-x86_64\bin\management.dll
Event: 8.577 Attempting to load shared library C:\Users\ishas\.vscode\extensions\redhat.java-1.56.0-win32-x64\jre\21.0.12.1-win32-x86_64\bin\management_ext.dll
Event: 8.580 Loaded shared library C:\Users\ishas\.vscode\extensions\redhat.java-1.56.0-win32-x64\jre\21.0.12.1-win32-x86_64\bin\management_ext.dll
Event: 12.620 Attempting to load shared library C:\Users\ishas\.vscode\extensions\redhat.java-1.56.0-win32-x64\jre\21.0.12.1-win32-x86_64\bin\extnet.dll
Event: 12.622 Loaded shared library C:\Users\ishas\.vscode\extensions\redhat.java-1.56.0-win32-x64\jre\21.0.12.1-win32-x86_64\bin\extnet.dll
Event: 15.951 Attempting to load shared library C:\Users\ishas\.vscode\extensions\redhat.java-1.56.0-win32-x64\jre\21.0.12.1-win32-x86_64\bin\sunmscapi.dll
Event: 16.016 Loaded shared library C:\Users\ishas\.vscode\extensions\redhat.java-1.56.0-win32-x64\jre\21.0.12.1-win32-x86_64\bin\sunmscapi.dll

Deoptimization events (20 events):
Event: 30.732 Thread 0x000001f753b909f0 Uncommon trap: trap_request=0xffffffde fr.pc=0x000001f742e2974c relative=0x0000000000000aec
Event: 30.732 Thread 0x000001f753b909f0 Uncommon trap: reason=class_check action=maybe_recompile pc=0x000001f742e2974c method=java.io.BufferedInputStream.implRead([BII)I @ 100 c2
Event: 30.732 Thread 0x000001f753b909f0 DEOPT PACKING pc=0x000001f742e2974c sp=0x0000003e3c2fe130
Event: 30.733 Thread 0x000001f753b909f0 DEOPT UNPACKING pc=0x000001f7427e43a2 sp=0x0000003e3c2fe0f8 mode 2
Event: 30.792 Thread 0x000001f753b8dc00 Uncommon trap: trap_request=0xffffffde fr.pc=0x000001f742e2974c relative=0x0000000000000aec
Event: 30.792 Thread 0x000001f753b8dc00 Uncommon trap: reason=class_check action=maybe_recompile pc=0x000001f742e2974c method=java.io.BufferedInputStream.implRead([BII)I @ 100 c2
Event: 30.792 Thread 0x000001f753b8dc00 DEOPT PACKING pc=0x000001f742e2974c sp=0x0000003e3c4fe3e0
Event: 30.792 Thread 0x000001f753b8dc00 DEOPT UNPACKING pc=0x000001f7427e43a2 sp=0x0000003e3c4fe3a8 mode 2
Event: 47.142 Thread 0x000001f7520d5110 Uncommon trap: trap_request=0x0000002f fr.pc=0x000001f742ed91ac relative=0x00000000000083ec
Event: 47.142 Thread 0x000001f7520d5110 Uncommon trap: reason=unloaded action=reinterpret pc=0x000001f742ed91ac method=java.net.URLClassLoader$1.run()Ljava/lang/Class; @ 48 c2
Event: 47.142 Thread 0x000001f7520d5110 DEOPT PACKING pc=0x000001f742ed91ac sp=0x0000003e3b8f8180
Event: 47.142 Thread 0x000001f7520d5110 DEOPT UNPACKING pc=0x000001f7427e43a2 sp=0x0000003e3b8f81a8 mode 2
Event: 47.142 Thread 0x000001f7520d5110 Uncommon trap: trap_request=0x00000091 fr.pc=0x000001f742f00590 relative=0x0000000000000230
Event: 47.142 Thread 0x000001f7520d5110 Uncommon trap: reason=unloaded action=reinterpret pc=0x000001f742f00590 method=java.security.AccessController.wrapException(Ljava/lang/Exception;)Ljava/security/PrivilegedActionException; @ 0 c2
Event: 47.142 Thread 0x000001f7520d5110 DEOPT PACKING pc=0x000001f742f00590 sp=0x0000003e3b8f82b0
Event: 47.142 Thread 0x000001f7520d5110 DEOPT UNPACKING pc=0x000001f7427e43a2 sp=0x0000003e3b8f8160 mode 2
Event: 47.144 Thread 0x000001f7520d5110 Uncommon trap: trap_request=0xffffffde fr.pc=0x000001f742f179b4 relative=0x00000000000005d4
Event: 47.144 Thread 0x000001f7520d5110 Uncommon trap: reason=class_check action=maybe_recompile pc=0x000001f742f179b4 method=java.lang.Throwable.<init>(Ljava/lang/String;Ljava/lang/Throwable;)V @ 24 c2
Event: 47.144 Thread 0x000001f7520d5110 DEOPT PACKING pc=0x000001f742f179b4 sp=0x0000003e3b8f8050
Event: 47.144 Thread 0x000001f7520d5110 DEOPT UNPACKING pc=0x000001f7427e43a2 sp=0x0000003e3b8f8018 mode 2

Classes loaded (20 events):
Event: 30.715 Loading class java/nio/file/FileTreeWalker$DirectoryNode
Event: 30.715 Loading class java/nio/file/FileTreeWalker$DirectoryNode done
Event: 30.715 Loading class java/nio/file/FileTreeWalker$Event
Event: 30.715 Loading class java/nio/file/FileTreeWalker$Event done
Event: 30.715 Loading class java/nio/file/FileTreeWalker$EventType
Event: 30.715 Loading class java/nio/file/FileTreeWalker$EventType done
Event: 30.715 Loading class java/nio/file/Files$3
Event: 30.715 Loading class java/nio/file/Files$3 done
Event: 30.718 Loading class java/nio/file/FileVisitResult
Event: 30.718 Loading class java/nio/file/FileVisitResult done
Event: 30.873 Loading class java/util/stream/Streams$RangeIntSpliterator
Event: 30.873 Loading class java/util/stream/Streams$RangeIntSpliterator done
Event: 30.873 Loading class java/util/stream/IntPipeline$Head
Event: 30.873 Loading class java/util/stream/IntPipeline
Event: 30.874 Loading class java/util/stream/IntPipeline done
Event: 30.874 Loading class java/util/stream/IntPipeline$Head done
Event: 30.880 Loading class java/util/function/IntConsumer
Event: 30.880 Loading class java/util/function/IntConsumer done
Event: 47.141 Loading class java/util/zip/DataFormatException
Event: 47.142 Loading class java/util/zip/DataFormatException done

Classes unloaded (0 events):
No events

Classes redefined (0 events):
No events

Internal exceptions (20 events):
Event: 29.986 Thread 0x000001f7520d5110 Exception <a 'java/lang/NoSuchMethodError'{0x00000000eeb77f38}: 'java.lang.Object java.lang.invoke.DirectMethodHandle$Holder.invokeStatic(java.lang.Object, java.lang.Object, java.lang.Object, java.lang.Object, java.lang.Object, java.lang.Object, java.lang.Object, java.lang.Object, java.lang.Object, java.lang.Object, java.lang.Object, java.lang.Object, java.lang.Object, java.lang.Object, java.lang.Object, java.lang.Object, java.lang.Object, java.lang.Object, java.lang.Object, java.lang.Object, java.lang.Obj
Event: 29.990 Thread 0x000001f7520d5110 Exception <a 'java/lang/NoSuchMethodError'{0x00000000eebb0f18}: 'java.lang.Object java.lang.invoke.DirectMethodHandle$Holder.invokeStatic(java.lang.Object, java.lang.Object, java.lang.Object, java.lang.Object, java.lang.Object, java.lang.Object, java.lang.Object, java.lang.Object, java.lang.Object, java.lang.Object, java.lang.Object, java.lang.Object, java.lang.Object, java.lang.Object, java.lang.Object, java.lang.Object, java.lang.Object, java.lang.Object, java.lang.Object, java.lang.Object, java.lang.Obj
Event: 30.035 Thread 0x000001f7520d5110 Exception <a 'java/lang/NoSuchMethodError'{0x00000000eea55998}: 'java.lang.Object java.lang.invoke.DirectMethodHandle$Holder.newInvokeSpecial(java.lang.Object, java.lang.Object, java.lang.Object, java.lang.Object, java.lang.Object, java.lang.Object, java.lang.Object, java.lang.Object, java.lang.Object, java.lang.Object, java.lang.Object, java.lang.Object, java.lang.Object, java.lang.Object, java.lang.Object, java.lang.Object, java.lang.Object, java.lang.Object, java.lang.Object, java.lang.Object)'> (0x0000
Event: 30.037 Thread 0x000001f7520d5110 Exception <a 'java/lang/NoSuchMethodError'{0x00000000eea5c630}: 'java.lang.Object java.lang.invoke.DirectMethodHandle$Holder.invokeSpecial(java.lang.Object, java.lang.Object, java.lang.Object, java.lang.Object, java.lang.Object, java.lang.Object, java.lang.Object, java.lang.Object, java.lang.Object, java.lang.Object, java.lang.Object, java.lang.Object, java.lang.Object, java.lang.Object, java.lang.Object, java.lang.Object, java.lang.Object, java.lang.Object, java.lang.Object, java.lang.Object, java.lang.Ob
Event: 30.037 Thread 0x000001f7520d5110 Exception <a 'java/lang/NoSuchMethodError'{0x00000000eea61dd0}: 'java.lang.Object java.lang.invoke.DelegatingMethodHandle$Holder.reinvoke_L(java.lang.Object, java.lang.Object, java.lang.Object, java.lang.Object, java.lang.Object, java.lang.Object, java.lang.Object, java.lang.Object, java.lang.Object, java.lang.Object, java.lang.Object, java.lang.Object, java.lang.Object, java.lang.Object, java.lang.Object, java.lang.Object, java.lang.Object, java.lang.Object, java.lang.Object, java.lang.Object)'> (0x000000
Event: 30.176 Thread 0x000001f7520d5110 Exception <a 'java/lang/NoSuchMethodError'{0x00000000ee9acd00}: 'java.lang.Object java.lang.invoke.DirectMethodHandle$Holder.newInvokeSpecial(java.lang.Object, java.lang.Object, java.lang.Object, java.lang.Object, java.lang.Object, java.lang.Object, java.lang.Object, java.lang.Object, java.lang.Object, java.lang.Object, java.lang.Object, java.lang.Object)'> (0x00000000ee9acd00) 
thrown [s\src\hotspot\share\interpreter\linkResolver.cpp, line 773]
Event: 30.575 Thread 0x000001f7520d5110 Exception <a 'java/lang/IncompatibleClassChangeError'{0x00000000ee5f78e8}: Found class java.lang.Object, but interface was expected> (0x00000000ee5f78e8) 
thrown [s\src\hotspot\share\interpreter\linkResolver.cpp, line 840]
Event: 30.684 Thread 0x000001f7520d5110 Exception <a 'java/lang/NoSuchMethodError'{0x00000000ee3307e0}: 'java.lang.Object java.lang.invoke.DirectMethodHandle$Holder.newInvokeSpecial(java.lang.Object, java.lang.Object, long)'> (0x00000000ee3307e0) 
thrown [s\src\hotspot\share\interpreter\linkResolver.cpp, line 773]
Event: 30.685 Thread 0x000001f7520d5110 Exception <a 'java/lang/NoSuchMethodError'{0x00000000ee334b18}: 'java.lang.Object java.lang.invoke.Invokers$Holder.linkToTargetMethod(java.lang.Object, long, java.lang.Object)'> (0x00000000ee334b18) 
thrown [s\src\hotspot\share\interpreter\linkResolver.cpp, line 773]
Event: 30.725 Thread 0x000001f753b909f0 Implicit null exception at 0x000001f742ee074f to 0x000001f742ee0acc
Event: 30.827 Thread 0x000001f7520d5110 Exception <a 'java/lang/NoSuchMethodError'{0x00000000ee138678}: 'int java.lang.invoke.DirectMethodHandle$Holder.invokeInterface(java.lang.Object, java.lang.Object)'> (0x00000000ee138678) 
thrown [s\src\hotspot\share\interpreter\linkResolver.cpp, line 773]
Event: 30.866 Thread 0x000001f7520d5110 Exception <a 'java/lang/NoSuchMethodError'{0x00000000ee199728}: 'java.lang.Object java.lang.invoke.DirectMethodHandle$Holder.invokeVirtual(java.lang.Object, java.lang.Object, int)'> (0x00000000ee199728) 
thrown [s\src\hotspot\share\interpreter\linkResolver.cpp, line 773]
Event: 47.087 Thread 0x000001f7520d5110 Exception <a 'java/io/IOException'{0x00000000edf841e8}> (0x00000000edf841e8) 
thrown [s\src\hotspot\share\prims\jni.cpp, line 520]
Event: 47.141 Thread 0x000001f7520d5110 Exception <a 'java/io/IOException'{0x00000000edfe2d88}> (0x00000000edfe2d88) 
thrown [s\src\hotspot\share\prims\jni.cpp, line 520]
Event: 47.144 Thread 0x000001f7520d5110 Exception <a 'java/lang/NoClassDefFoundError'{0x00000000edfe51c0}: org/gradle/internal/problems/failure/Failure> (0x00000000edfe51c0) 
thrown [s\src\hotspot\share\classfile\systemDictionary.cpp, line 302]
Event: 47.154 Thread 0x000001f7520d5110 Exception <a 'java/lang/NoSuchMethodError'{0x00000000ede4feb0}: 'void java.lang.invoke.DirectMethodHandle$Holder.invokeVirtual(java.lang.Object, java.lang.Object)'> (0x00000000ede4feb0) 
thrown [s\src\hotspot\share\interpreter\linkResolver.cpp, line 773]
Event: 47.159 Thread 0x000001f7520d5110 Exception <a 'java/lang/NoSuchMethodError'{0x00000000ede69a20}: 'java.lang.Object java.lang.invoke.Invokers$Holder.linkToTargetMethod(java.lang.Object, java.lang.Object, java.lang.Object, int, java.lang.Object, java.lang.Object)'> (0x00000000ede69a20) 
thrown [s\src\hotspot\share\interpreter\linkResolver.cpp, line 773]
Event: 47.164 Thread 0x000001f7520d5110 Exception <a 'java/lang/NoSuchMethodError'{0x00000000ede888a0}: 'java.lang.Object java.lang.invoke.DirectMethodHandle$Holder.newInvokeSpecial(java.lang.Object, java.lang.Object, java.lang.Object, int)'> (0x00000000ede888a0) 
thrown [s\src\hotspot\share\interpreter\linkResolver.cpp, line 773]
Event: 47.170 Thread 0x000001f7520d5110 Exception <a 'java/lang/NoSuchMethodError'{0x00000000ede8cf08}: 'java.lang.Object java.lang.invoke.DirectMethodHandle$Holder.invokeSpecial(java.lang.Object, java.lang.Object, java.lang.Object, java.lang.Object, int)'> (0x00000000ede8cf08) 
thrown [s\src\hotspot\share\interpreter\linkResolver.cpp, line 773]
Event: 47.172 Thread 0x000001f7520d5110 Exception <a 'java/lang/NoSuchMethodError'{0x00000000ede90d50}: 'java.lang.Object java.lang.invoke.Invokers$Holder.linkToTargetMethod(java.lang.Object, java.lang.Object, int, java.lang.Object)'> (0x00000000ede90d50) 
thrown [s\src\hotspot\share\interpreter\linkResolver.cpp, line 773]

ZGC Phase Switch (0 events):
No events

VM Operations (20 events):
Event: 30.721 Executing non-safepoint VM operation: HandshakeAllThreads (Deoptimize)
Event: 30.721 Executing non-safepoint VM operation: HandshakeAllThreads (Deoptimize) done
Event: 31.728 Executing safepoint VM operation: Cleanup
Event: 31.728 Executing safepoint VM operation: Cleanup done
Event: 32.735 Executing safepoint VM operation: Cleanup
Event: 32.735 Executing safepoint VM operation: Cleanup done
Event: 33.738 Executing safepoint VM operation: Cleanup
Event: 33.738 Executing safepoint VM operation: Cleanup done
Event: 34.752 Executing safepoint VM operation: Cleanup
Event: 34.752 Executing safepoint VM operation: Cleanup done
Event: 36.781 Executing safepoint VM operation: Cleanup
Event: 36.781 Executing safepoint VM operation: Cleanup done
Event: 37.789 Executing safepoint VM operation: Cleanup
Event: 37.789 Executing safepoint VM operation: Cleanup done
Event: 45.867 Executing safepoint VM operation: Cleanup
Event: 45.867 Executing safepoint VM operation: Cleanup done
Event: 46.876 Executing safepoint VM operation: Cleanup
Event: 46.876 Executing safepoint VM operation: Cleanup done
Event: 47.143 Executing non-safepoint VM operation: HandshakeAllThreads (Deoptimize)
Event: 47.143 Executing non-safepoint VM operation: HandshakeAllThreads (Deoptimize) done

Memory protections (0 events):
No events

Nmethod flushes (20 events):
Event: 29.032 Thread 0x000001f752034e40 flushing  nmethod 0x000001f73b311a90
Event: 29.032 Thread 0x000001f752034e40 flushing  nmethod 0x000001f73b36c690
Event: 29.032 Thread 0x000001f752034e40 flushing  nmethod 0x000001f73b371d10
Event: 29.032 Thread 0x000001f752034e40 flushing  nmethod 0x000001f73b3c3810
Event: 29.032 Thread 0x000001f752034e40 flushing  nmethod 0x000001f73b3c8b10
Event: 29.032 Thread 0x000001f752034e40 flushing  nmethod 0x000001f73b43a790
Event: 29.032 Thread 0x000001f752034e40 flushing  nmethod 0x000001f73b588710
Event: 29.032 Thread 0x000001f752034e40 flushing  nmethod 0x000001f73b5a7490
Event: 29.032 Thread 0x000001f752034e40 flushing  nmethod 0x000001f73b5ae310
Event: 29.032 Thread 0x000001f752034e40 flushing  nmethod 0x000001f73b654410
Event: 29.032 Thread 0x000001f752034e40 flushing  nmethod 0x000001f73b654710
Event: 29.032 Thread 0x000001f752034e40 flushing  nmethod 0x000001f73b655390
Event: 29.032 Thread 0x000001f752034e40 flushing  nmethod 0x000001f73b670410
Event: 29.032 Thread 0x000001f752034e40 flushing  nmethod 0x000001f73b670710
Event: 29.032 Thread 0x000001f752034e40 flushing  nmethod 0x000001f73b670f90
Event: 29.032 Thread 0x000001f752034e40 flushing  nmethod 0x000001f73b6ce510
Event: 29.033 Thread 0x000001f752034e40 flushing  nmethod 0x000001f73b6cef10
Event: 29.033 Thread 0x000001f752034e40 flushing  nmethod 0x000001f73b6cf410
Event: 29.033 Thread 0x000001f752034e40 flushing  nmethod 0x000001f73b6d2290
Event: 29.033 Thread 0x000001f752034e40 flushing  nmethod 0x000001f73b71b210

Events (20 events):
Event: 16.554 Thread 0x000001f753b91080 Thread exited: 0x000001f753b91080
Event: 16.674 Thread 0x000001f7520d5d50 Thread exited: 0x000001f7520d5d50
Event: 16.680 Thread 0x000001f75320d4f0 Thread exited: 0x000001f75320d4f0
Event: 20.738 Thread 0x000001f7522b1270 Thread added: 0x000001f753b8e920
Event: 20.752 Thread 0x000001f7522b1270 Thread added: 0x000001f753b8efb0
Event: 20.772 Thread 0x000001f7520d5110 Thread added: 0x000001f753b8f640
Event: 20.777 Thread 0x000001f7520d5110 Thread added: 0x000001f753b8fcd0
Event: 20.780 Thread 0x000001f7520d5110 Thread added: 0x000001f753b90360
Event: 22.311 Thread 0x000001f7520d5110 Thread added: 0x000001f753b909f0
Event: 22.344 Thread 0x000001f7520d5110 Thread added: 0x000001f753b91080
Event: 22.428 Thread 0x000001f7520d5110 Thread added: 0x000001f753b8dc00
Event: 23.684 Thread 0x000001f753b91080 Thread added: 0x000001f7544e4bc0
Event: 25.922 Thread 0x000001f7520d5110 Thread added: 0x000001f7544e6c90
Event: 26.051 Thread 0x000001f7520d5110 Thread added: 0x000001f7544e58e0
Event: 27.045 Thread 0x000001f7520d5110 Thread added: 0x000001f7544e5250
Event: 27.182 Thread 0x000001f7520d5110 Thread added: 0x000001f7544e5f70
Event: 28.072 Thread 0x000001f7520d5110 Thread added: 0x000001f7544e6600
Event: 28.326 Thread 0x000001f7520d5110 Thread added: 0x000001f7544e7320
Event: 29.068 Thread 0x000001f7520d5110 Thread added: 0x000001f7544e3ea0
Event: 29.659 Thread 0x000001f7520d5110 Thread added: 0x000001f7544e79b0


Dynamic libraries:
0x00007ff6906c0000 - 0x00007ff6906ce000 	C:\Users\ishas\.vscode\extensions\redhat.java-1.56.0-win32-x64\jre\21.0.12.1-win32-x86_64\bin\java.exe
0x00007fff22660000 - 0x00007fff228c7000 	C:\Windows\SYSTEM32\ntdll.dll
0x00007fff21bc0000 - 0x00007fff21c8b000 	C:\Windows\System32\KERNEL32.DLL
0x00007fff1fcd0000 - 0x00007fff200d2000 	C:\Windows\System32\KERNELBASE.dll
0x00007fff1fb70000 - 0x00007fff1fcbc000 	C:\Windows\System32\ucrtbase.dll
0x00007ffeb4c70000 - 0x00007ffeb4c88000 	C:\Users\ishas\.vscode\extensions\redhat.java-1.56.0-win32-x64\jre\21.0.12.1-win32-x86_64\bin\jli.dll
0x00007ffee06c0000 - 0x00007ffee06de000 	C:\Users\ishas\.vscode\extensions\redhat.java-1.56.0-win32-x64\jre\21.0.12.1-win32-x86_64\bin\VCRUNTIME140.dll
0x00007fff222b0000 - 0x00007fff2247f000 	C:\Windows\System32\USER32.dll
0x00007fff08e50000 - 0x00007fff090e0000 	C:\Windows\WinSxS\amd64_microsoft.windows.common-controls_6595b64144ccf1df_6.0.26100.9278_none_3e0d1ba8e3303201\COMCTL32.dll
0x00007fff20220000 - 0x00007fff20247000 	C:\Windows\System32\win32u.dll
0x00007fff20460000 - 0x00007fff20509000 	C:\Windows\System32\msvcrt.dll
0x00007fff21d20000 - 0x00007fff21d4b000 	C:\Windows\System32\GDI32.dll
0x00007fff20250000 - 0x00007fff20379000 	C:\Windows\System32\gdi32full.dll
0x00007fff200e0000 - 0x00007fff20183000 	C:\Windows\System32\msvcp_win.dll
0x00007fff21eb0000 - 0x00007fff21ee1000 	C:\Windows\System32\IMM32.DLL
0x00007fff1bf50000 - 0x00007fff1bf5c000 	C:\Users\ishas\.vscode\extensions\redhat.java-1.56.0-win32-x64\jre\21.0.12.1-win32-x86_64\bin\vcruntime140_1.dll
0x00007ffeac2d0000 - 0x00007ffeac35d000 	C:\Users\ishas\.vscode\extensions\redhat.java-1.56.0-win32-x64\jre\21.0.12.1-win32-x86_64\bin\msvcp140.dll
0x00007ffe828b0000 - 0x00007ffe83652000 	C:\Users\ishas\.vscode\extensions\redhat.java-1.56.0-win32-x64\jre\21.0.12.1-win32-x86_64\bin\server\jvm.dll
0x00007fff21ef0000 - 0x00007fff21fac000 	C:\Windows\System32\ADVAPI32.dll
0x00007fff21e00000 - 0x00007fff21ea9000 	C:\Windows\System32\sechost.dll
0x00007fff22500000 - 0x00007fff22618000 	C:\Windows\System32\RPCRT4.dll
0x00007fff21c90000 - 0x00007fff21d10000 	C:\Windows\System32\WS2_32.dll
0x00007fff1f6c0000 - 0x00007fff1f71e000 	C:\Windows\SYSTEM32\POWRPROF.dll
0x00007fff17580000 - 0x00007fff175b6000 	C:\Windows\SYSTEM32\WINMM.dll
0x00007fff0cde0000 - 0x00007fff0cdeb000 	C:\Windows\SYSTEM32\VERSION.dll
0x00007fff1f6a0000 - 0x00007fff1f6b5000 	C:\Windows\SYSTEM32\UMPDC.dll
0x00007fff1e530000 - 0x00007fff1e54b000 	C:\Windows\SYSTEM32\kernel.appcore.dll
0x00007fff17090000 - 0x00007fff1709a000 	C:\Users\ishas\.vscode\extensions\redhat.java-1.56.0-win32-x64\jre\21.0.12.1-win32-x86_64\bin\jimage.dll
0x00007fff1ce70000 - 0x00007fff1d0bc000 	C:\Windows\SYSTEM32\DBGHELP.DLL
0x00007fff20ed0000 - 0x00007fff21255000 	C:\Windows\System32\combase.dll
0x00007fff21a50000 - 0x00007fff21b29000 	C:\Windows\System32\OLEAUT32.dll
0x00007fff17540000 - 0x00007fff1757b000 	C:\Windows\SYSTEM32\dbgcore.DLL
0x00007fff1fab0000 - 0x00007fff1fb5c000 	C:\Windows\System32\bcryptPrimitives.dll
0x00007ffebe020000 - 0x00007ffebe02f000 	C:\Users\ishas\.vscode\extensions\redhat.java-1.56.0-win32-x64\jre\21.0.12.1-win32-x86_64\bin\instrument.dll
0x00007ffedcd90000 - 0x00007ffedcdb0000 	C:\Users\ishas\.vscode\extensions\redhat.java-1.56.0-win32-x64\jre\21.0.12.1-win32-x86_64\bin\java.dll
0x00007ffedcd70000 - 0x00007ffedcd88000 	C:\Users\ishas\.vscode\extensions\redhat.java-1.56.0-win32-x64\jre\21.0.12.1-win32-x86_64\bin\zip.dll
0x00007fff20510000 - 0x00007fff20ca8000 	C:\Windows\System32\SHELL32.dll
0x00007fff1d290000 - 0x00007fff1db3e000 	C:\Windows\SYSTEM32\windows.storage.dll
0x00007fff21fc0000 - 0x00007fff220bb000 	C:\Windows\System32\SHCORE.dll
0x00007fff22490000 - 0x00007fff224f6000 	C:\Windows\System32\shlwapi.dll
0x00007fff1f780000 - 0x00007fff1f7a9000 	C:\Windows\SYSTEM32\profapi.dll
0x00007ffee04e0000 - 0x00007ffee04f0000 	C:\Users\ishas\.vscode\extensions\redhat.java-1.56.0-win32-x64\jre\21.0.12.1-win32-x86_64\bin\net.dll
0x00007fff0dc00000 - 0x00007fff0dd2a000 	C:\Windows\SYSTEM32\WINHTTP.dll
0x00007fff1eaf0000 - 0x00007fff1eb5c000 	C:\Windows\system32\mswsock.dll
0x00007ffedcd50000 - 0x00007ffedcd66000 	C:\Users\ishas\.vscode\extensions\redhat.java-1.56.0-win32-x64\jre\21.0.12.1-win32-x86_64\bin\nio.dll
0x00007ffebc9a0000 - 0x00007ffebc9b0000 	C:\Users\ishas\.vscode\extensions\redhat.java-1.56.0-win32-x64\jre\21.0.12.1-win32-x86_64\bin\verify.dll
0x00007fff03f30000 - 0x00007fff03f57000 	C:\Users\ishas\.gradle\native\c067742578af261105cb4f569cf0c3c89f3d7b1fecec35dd04571415982c5e48\windows-amd64\native-platform.dll
0x00007ffeb8d00000 - 0x00007ffeb8e44000 	C:\Users\ishas\.gradle\native\100fb08df4bc3b14c8652ba06237920a3bd2aa13389f12d3474272988ae205f9\windows-amd64\native-platform-file-events.dll
0x00007ffebc890000 - 0x00007ffebc89a000 	C:\Users\ishas\.vscode\extensions\redhat.java-1.56.0-win32-x64\jre\21.0.12.1-win32-x86_64\bin\management.dll
0x00007ffebc430000 - 0x00007ffebc43c000 	C:\Users\ishas\.vscode\extensions\redhat.java-1.56.0-win32-x64\jre\21.0.12.1-win32-x86_64\bin\management_ext.dll
0x00007fff20380000 - 0x00007fff20388000 	C:\Windows\System32\PSAPI.DLL
0x00007fff1ede0000 - 0x00007fff1edfb000 	C:\Windows\SYSTEM32\CRYPTSP.dll
0x00007fff1e490000 - 0x00007fff1e4c9000 	C:\Windows\system32\rsaenh.dll
0x00007fff1eba0000 - 0x00007fff1ebd4000 	C:\Windows\SYSTEM32\USERENV.dll
0x00007fff1f750000 - 0x00007fff1f77a000 	C:\Windows\SYSTEM32\bcrypt.dll
0x00007fff1ee00000 - 0x00007fff1ee0c000 	C:\Windows\SYSTEM32\CRYPTBASE.dll
0x00007fff1df00000 - 0x00007fff1df33000 	C:\Windows\SYSTEM32\IPHLPAPI.DLL
0x00007fff22280000 - 0x00007fff2228a000 	C:\Windows\System32\NSI.dll
0x00007ffeb9d70000 - 0x00007ffeb9d79000 	C:\Users\ishas\.vscode\extensions\redhat.java-1.56.0-win32-x64\jre\21.0.12.1-win32-x86_64\bin\extnet.dll
0x00007ffeb9300000 - 0x00007ffeb930e000 	C:\Users\ishas\.vscode\extensions\redhat.java-1.56.0-win32-x64\jre\21.0.12.1-win32-x86_64\bin\sunmscapi.dll
0x00007fff1f860000 - 0x00007fff1f9de000 	C:\Windows\System32\CRYPT32.dll
0x00007fff1f020000 - 0x00007fff1f050000 	C:\Windows\SYSTEM32\ncrypt.dll
0x00007fff1efd0000 - 0x00007fff1f00f000 	C:\Windows\SYSTEM32\NTASN1.dll
0x00007fff01a10000 - 0x00007fff01a18000 	C:\Windows\system32\wshunix.dll

JVMTI agents:
C:\Users\ishas\.gradle\wrapper\dists\gradle-8.9-bin\90cnw93cvbtalezasaz0blq0a\gradle-8.9\lib\agents\gradle-instrumentation-agent-8.9.jar path:C:\Users\ishas\.vscode\extensions\redhat.java-1.56.0-win32-x64\jre\21.0.12.1-win32-x86_64\bin\instrument.dll, loaded, initialized, instrumentlib options:none

dbghelp: loaded successfully - version: 4.0.5 - missing functions: none
symbol engine: initialized successfully - sym options: 0x614 - pdb path: .;C:\Users\ishas\.vscode\extensions\redhat.java-1.56.0-win32-x64\jre\21.0.12.1-win32-x86_64\bin;C:\Windows\SYSTEM32;C:\Windows\WinSxS\amd64_microsoft.windows.common-controls_6595b64144ccf1df_6.0.26100.9278_none_3e0d1ba8e3303201;C:\Users\ishas\.vscode\extensions\redhat.java-1.56.0-win32-x64\jre\21.0.12.1-win32-x86_64\bin\server;C:\Users\ishas\.gradle\native\c067742578af261105cb4f569cf0c3c89f3d7b1fecec35dd04571415982c5e48\windows-amd64;C:\Users\ishas\.gradle\native\100fb08df4bc3b14c8652ba06237920a3bd2aa13389f12d3474272988ae205f9\windows-amd64

VM Arguments:
jvm_args: --add-opens=java.base/java.util=ALL-UNNAMED --add-opens=java.base/java.lang=ALL-UNNAMED --add-opens=java.base/java.lang.invoke=ALL-UNNAMED --add-opens=java.prefs/java.util.prefs=ALL-UNNAMED --add-exports=jdk.compiler/com.sun.tools.javac.api=ALL-UNNAMED --add-exports=jdk.compiler/com.sun.tools.javac.util=ALL-UNNAMED --add-opens=java.base/java.nio.charset=ALL-UNNAMED --add-opens=java.base/java.net=ALL-UNNAMED --add-opens=java.base/java.util.concurrent.atomic=ALL-UNNAMED -XX:MaxMetaspaceSize=384m -XX:+HeapDumpOnOutOfMemoryError -Xms256m -Xmx512m -Dfile.encoding=utf8 -Duser.country=IN -Duser.language=en -Duser.variant -javaagent:C:\Users\ishas\.gradle\wrapper\dists\gradle-8.9-bin\90cnw93cvbtalezasaz0blq0a\gradle-8.9\lib\agents\gradle-instrumentation-agent-8.9.jar 
java_command: org.gradle.launcher.daemon.bootstrap.GradleDaemon 8.9
java_class_path (initial): C:\Users\ishas\.gradle\wrapper\dists\gradle-8.9-bin\90cnw93cvbtalezasaz0blq0a\gradle-8.9\lib\gradle-daemon-main-8.9.jar
Launcher Type: SUN_STANDARD

[Global flags]
     intx CICompilerCount                          = 4                                         {product} {ergonomic}
   size_t CompressedClassSpaceSize                 = 335544320                                 {product} {ergonomic}
     uint ConcGCThreads                            = 3                                         {product} {ergonomic}
     uint G1ConcRefinementThreads                  = 10                                        {product} {ergonomic}
   size_t G1HeapRegionSize                         = 1048576                                   {product} {ergonomic}
    uintx GCDrainStackTargetSize                   = 64                                        {product} {ergonomic}
     bool HeapDumpOnOutOfMemoryError               = true                                   {manageable} {command line}
   size_t InitialHeapSize                          = 268435456                                 {product} {command line}
   size_t MarkStackSize                            = 4194304                                   {product} {ergonomic}
   size_t MaxHeapSize                              = 536870912                                 {product} {command line}
   size_t MaxMetaspaceSize                         = 402653184                                 {product} {command line}
   size_t MaxNewSize                               = 321912832                                 {product} {ergonomic}
   size_t MinHeapDeltaBytes                        = 1048576                                   {product} {ergonomic}
   size_t MinHeapSize                              = 268435456                                 {product} {command line}
    uintx NonNMethodCodeHeapSize                   = 5839372                                {pd product} {ergonomic}
    uintx NonProfiledCodeHeapSize                  = 122909434                              {pd product} {ergonomic}
    uintx ProfiledCodeHeapSize                     = 122909434                              {pd product} {ergonomic}
    uintx ReservedCodeCacheSize                    = 251658240                              {pd product} {ergonomic}
     bool SegmentedCodeCache                       = true                                      {product} {ergonomic}
   size_t SoftMaxHeapSize                          = 536870912                              {manageable} {ergonomic}
     bool UseCompressedOops                        = true                           {product lp64_product} {ergonomic}
     bool UseG1GC                                  = true                                      {product} {ergonomic}
     bool UseLargePagesIndividualAllocation        = false                                  {pd product} {ergonomic}

Logging:
Log output configuration:
 #0: stdout all=warning uptime,level,tags foldmultilines=false
 #1: stderr all=off uptime,level,tags foldmultilines=false

Release file:
JAVA_VERSION="21.0.12.1" 
MODULES="java.base java.compiler java.datatransfer java.xml java.prefs java.desktop java.instrument java.logging java.management java.security.sasl java.naming java.rmi java.management.rmi java.net.http java.scripting java.security.jgss java.transaction.xa java.sql java.sql.rowset java.xml.crypto java.se java.smartcardio jdk.accessibility jdk.internal.jvmstat jdk.attach jdk.charsets jdk.internal.opt jdk.zipfs jdk.compiler jdk.crypto.ec jdk.crypto.cryptoki jdk.crypto.mscapi jdk.dynalink jdk.internal.ed jdk.editpad jdk.hotspot.agent jdk.httpserver jdk.internal.le jdk.internal.vm.ci jdk.internal.vm.compiler jdk.internal.vm.compiler.management jdk.jartool jdk.javadoc jdk.jcmd jdk.management jdk.management.agent jdk.jconsole jdk.jdeps jdk.jdwp.agent jdk.jdi jdk.jfr jdk.jshell jdk.jsobject jdk.jstatd jdk.localedata jdk.management.jfr jdk.naming.dns jdk.naming.rmi jdk.net jdk.nio.mapmode jdk.random jdk.sctp jdk.security.auth jdk.security.jgss jdk.unsupported jdk.unsupported.desktop jdk.xml.dom" 

Environment Variables:
PATH=C:\Program Files\Microsoft\jdk-17.0.12.7-hotspot\bin;C:\Program Files\Eclipse Adoptium\jdk-17.0.17.10-hotspot\bin;C:\Windows\system32;C:\Windows;C:\Windows\System32\Wbem;C:\Windows\System32\WindowsPowerShell\v1.0\;C:\Windows\System32\OpenSSH\;C:\Program Files\nodejs\;C:\Users\ishas\Downloads\apache-maven-3.9.11-bin\apache-maven-3.9.11\bin;C:\Users\ishas\Downloads\apache-maven-3.9.11-bin\apache-maven-3.9.11\bin;C:\Program Files\MySQL\MySQL Server 8.0\bin;C:\Users\ishas\AppData\Local\Programs\Python\Python313;C:\Program Files\Git\cmd;C:\Users\ishas\AppData\Local\Programs\Python\Launcher\;C:\Program Files\MySQL\MySQL Shell 8.0\bin\;C:\Users\ishas\AppData\Local\Microsoft\WindowsApps;C:\Users\ishas\AppData\Local\Programs\Microsoft VS Code\bin;C:\Users\ishas\AppData\Roaming\npm
USERNAME=ishas
OS=Windows_NT
PROCESSOR_IDENTIFIER=Intel64 Family 6 Model 186 Stepping 2, GenuineIntel
TMP=C:\Users\ishas\AppData\Local\Temp
TEMP=C:\Users\ishas\AppData\Local\Temp




Periodic native trim disabled

---------------  S Y S T E M  ---------------

OS:
 Windows 11 , 64 bit Build 26100 (10.0.26100.9444)
OS uptime: 0 days 0:24 hours
Hyper-V role detected

CPU: total 12 (initial active 12) (6 cores per cpu, 2 threads per core) family 6 model 186 stepping 2 microcode 0x4122, cx8, cmov, fxsr, ht, mmx, 3dnowpref, sse, sse2, sse3, ssse3, sse4.1, sse4.2, popcnt, lzcnt, tsc, tscinvbit, avx, avx2, aes, erms, clmul, bmi1, bmi2, adx, sha, fma, vzeroupper, clflush, clflushopt, clwb, hv, serialize, rdtscp, rdpid, fsrm, f16c, cet_ibt, cet_ss
Processor Information for processor 0
  Max Mhz: 2100, Current Mhz: 2100, Mhz Limit: 2100
Processor Information for processor 1
  Max Mhz: 2100, Current Mhz: 2100, Mhz Limit: 2100
Processor Information for processor 2
  Max Mhz: 2100, Current Mhz: 2100, Mhz Limit: 2100
Processor Information for processor 3
  Max Mhz: 2100, Current Mhz: 2100, Mhz Limit: 2100
Processor Information for processor 4
  Max Mhz: 2100, Current Mhz: 1453, Mhz Limit: 2100
Processor Information for processor 5
  Max Mhz: 2100, Current Mhz: 2100, Mhz Limit: 2100
Processor Information for processor 6
  Max Mhz: 2100, Current Mhz: 1453, Mhz Limit: 2100
Processor Information for processor 7
  Max Mhz: 2100, Current Mhz: 1453, Mhz Limit: 2100
Processor Information for processor 8
  Max Mhz: 2100, Current Mhz: 1540, Mhz Limit: 2100
Processor Information for processor 9
  Max Mhz: 2100, Current Mhz: 1540, Mhz Limit: 2100
Processor Information for processor 10
  Max Mhz: 2100, Current Mhz: 1540, Mhz Limit: 2100
Processor Information for processor 11
  Max Mhz: 2100, Current Mhz: 1540, Mhz Limit: 2100

Memory: 4k page, system-wide physical 16076M (420M free)
TotalPageFile size 65228M (AvailPageFile size 426M)
current process WorkingSet (physical memory assigned to process): 241M, peak: 277M
current process commit charge ("private bytes"): 417M, peak: 432M

vm_info: OpenJDK 64-Bit Server VM (21.0.12.1+1-LTS) for windows-amd64 JRE (21.0.12.1+1-LTS), built on 2026-08-18T00:00:00Z by "admin" with MS VC++ 17.12 (VS2022)

END.
