#
# There is insufficient memory for the Java Runtime Environment to continue.
# Native memory allocation (malloc) failed to allocate 944960 bytes. Error detail: Chunk::new
# Possible reasons:
#   The system is out of physical RAM or swap space
#   This process is running with CompressedOops enabled, and the Java Heap may be blocking the growth of the native heap
# Possible solutions:
#   Reduce memory load on the system
#   Increase physical memory or swap space
#   Check if swap backing store is full
#   Decrease Java heap size (-Xmx/-Xms)
#   Decrease number of Java threads
#   Decrease Java thread stack sizes (-Xss)
#   Set larger code cache with -XX:ReservedCodeCacheSize=
#   JVM is running with Unscaled Compressed Oops mode in which the Java heap is
#     placed in the first 4GB address space. The Java Heap base address is the
#     maximum limit for the native heap growth. Please use -XX:HeapBaseMinAddress
#     to set the Java Heap base and to place the Java Heap above 4GB virtual address.
# This output file may be truncated or incomplete.
#
#  Out of Memory Error (arena.cpp:168), pid=12176, tid=6112
#
# JRE version: OpenJDK Runtime Environment Temurin-21.0.12.1+1 (21.0.12.1+1) (build 21.0.12.1+1-LTS)
# Java VM: OpenJDK 64-Bit Server VM Temurin-21.0.12.1+1 (21.0.12.1+1-LTS, mixed mode, sharing, tiered, compressed oops, compressed class ptrs, parallel gc, windows-amd64)
# No core dump will be written. Minidumps are not enabled by default on client versions of Windows
#

---------------  S U M M A R Y ------------

Command Line: --add-modules=ALL-SYSTEM --add-opens=java.base/java.util=ALL-UNNAMED --add-opens=java.base/java.lang=ALL-UNNAMED --add-opens=java.base/sun.nio.fs=ALL-UNNAMED -Declipse.application=org.eclipse.jdt.ls.core.id1 -Dosgi.bundles.defaultStartLevel=4 -Declipse.product=org.eclipse.jdt.ls.core.product -Djava.import.generatesMetadataFilesAtProjectRoot=false -Dm2e.project.cache.size=50 -DDetectVMInstallationsJob.disabled=true -Dfile.encoding=utf8 -XX:+UseParallelGC -XX:GCTimeRatio=4 -XX:AdaptiveSizePolicyWeight=90 -Dsun.zip.disableMemoryMapping=true -Xmx2G -Xms100m -Xlog:disable -javaagent:c:\Users\ishas\.vscode\extensions\redhat.java-1.56.0-win32-x64\lombok\lombok-1.18.39-4050.jar -XX:+HeapDumpOnOutOfMemoryError -XX:HeapDumpPath=c:\Users\ishas\AppData\Roaming\Code\User\workspaceStorage\6248e871424619cb14c6f791d1003452\redhat.java -Daether.dependencyCollector.impl=bf c:\Users\ishas\.vscode\extensions\redhat.java-1.56.0-win32-x64\server\plugins\org.eclipse.equinox.launcher_1.8.0.v20260804-1928.jar -configuration c:\Users\ishas\AppData\Roaming\Code\User\globalStorage\redhat.java\1.56.0\config_win -data c:\Users\ishas\AppData\Roaming\Code\User\workspaceStorage\6248e871424619cb14c6f791d1003452\redhat.java\jdt_ws --stdio

Host: 13th Gen Intel(R) Core(TM) i5-13420H, 12 cores, 15G,  Windows 11 , 64 bit Build 26100 (10.0.26100.9444)
Time: Tue Sep 15 19:14:12 2026 India Standard Time elapsed time: 683.569780 seconds (0d 0h 11m 23s)

---------------  T H R E A D  ---------------

Current thread (0x000002a5e1013e20):  JavaThread "C2 CompilerThread0" daemon [_thread_in_native, id=6112, stack(0x000000b23c500000,0x000000b23c600000) (1024K)]


Current CompileTask:
C2:683569 16475       4       org.gradle.tooling.internal.consumer.DistributionFactory$ZippedDistribution::determineSystemProperties (132 bytes)

Stack: [0x000000b23c500000,0x000000b23c600000]
Native frames: (J=compiled Java code, j=interpreted, Vv=VM code, C=native code)
V  [jvm.dll+0x6d83e9]
V  [jvm.dll+0x8b5736]
V  [jvm.dll+0x8b7cee]
V  [jvm.dll+0x8b83d3]
V  [jvm.dll+0x284596]
V  [jvm.dll+0xc685d]
V  [jvm.dll+0xc6da1]
V  [jvm.dll+0x3bf18b]
V  [jvm.dll+0x38b6d2]
V  [jvm.dll+0x38ab1a]
V  [jvm.dll+0x24c700]
V  [jvm.dll+0x24bce0]
V  [jvm.dll+0x1cb4ae]
V  [jvm.dll+0x25baad]
V  [jvm.dll+0x25a03a]
V  [jvm.dll+0x3f8aae]
V  [jvm.dll+0x8600cd]
V  [jvm.dll+0x6d6c1d]
C  [ucrtbase.dll+0x2cd30]
C  [KERNEL32.DLL+0x2cd87]
C  [ntdll.dll+0xacaec]


---------------  P R O C E S S  ---------------

Threads class SMR info:
_java_thread_list=0x000002a5e6b53380, length=919, elements={
0x000002a58827dc40, 0x000002a58822dbd0, 0x000002a5883262f0, 0x000002a5883280c0,
0x000002a588328b20, 0x000002a58832f630, 0x000002a58833a610, 0x000002a5e1013e20,
0x000002a5e103b5a0, 0x000002a5e12b6e30, 0x000002a5e136ea10, 0x000002a5e68cb850,
0x000002a5e68ab550, 0x000002a5e6af9220, 0x000002a5e6afa070, 0x000002a5e6e365e0,
0x000002a5e6e34b00, 0x000002a5e6bc1020, 0x000002a5e6ebfe90, 0x000002a5e6ebd730,
0x000002a5e6ebeae0, 0x000002a5e6ebddc0, 0x000002a5e6ebd0a0, 0x000002a5e6ebe450,
0x000002a5e6ebf170, 0x000002a5e885a570, 0x000002a5e885ac00, 0x000002a5e885bfb0,
0x000002a5e885c640, 0x000002a5e885b920, 0x000002a5e8859850, 0x000002a5e885d360,
0x000002a5e8859ee0, 0x000002a5e885d9f0, 0x000002a5e885e080, 0x000002a5e88591c0,
0x000002a5e885e710, 0x000002a5e885b290, 0x000002a5e885eda0, 0x000002a5e885f430,
0x000002a5e885fac0, 0x000002a5e88607e0, 0x000002a5e9602aa0, 0x000002a5e9604b70,
0x000002a5e9605200, 0x000002a5eaf2c390, 0x000002a5eaf2a2c0, 0x000002a5eaf2d0b0,
0x000002a5eaf29c30, 0x000002a5eaf2b670, 0x000002a5eaf2bd00, 0x000002a5eaf2eaf0,
0x000002a5eaf2f810, 0x000002a5eaf2ddd0, 0x000002a5eaf2e460, 0x000002a5eaf2fea0,
0x000002a5eaf30bc0, 0x000002a5eaf2afe0, 0x000002a5e9603130, 0x000002a5e9605890,
0x000002a5e96037c0, 0x000002a5e9603e50, 0x000002a5e96044e0, 0x000002a5e93cb410,
0x000002a5e93cad80, 0x000002a5e93cbaa0, 0x000002a5e93c8cb0, 0x000002a5e93cc130,
0x000002a5e93cc7c0, 0x000002a5e93c8620, 0x000002a5e93cd4e0, 0x000002a5e93ce890,
0x000002a5e93cdb70, 0x000002a5e93c99d0, 0x000002a5e93cef20, 0x000002a5eaf30530,
0x000002a5eaf31250, 0x000002a5eae98090, 0x000002a5eae98db0, 0x000002a5eae96650,
0x000002a5eae952a0, 0x000002a5eae96ce0, 0x000002a5eae99440, 0x000002a5eae9a7f0,
0x000002a5eae9ae80, 0x000002a5eae9c230, 0x000002a5e93c9340, 0x000002a5e93cce50,
0x000002a5e93ca060, 0x000002a5e93ca6f0, 0x000002a5e93ce200, 0x000002a5e9605f20,
0x000002a5e731b6b0, 0x000002a5e731bd40, 0x000002a5e731c3d0, 0x000002a5e731ca60,
0x000002a5e73195e0, 0x000002a5e731d780, 0x000002a5e731a990, 0x000002a5e731a300,
0x000002a5e731f850, 0x000002a5e7320570, 0x000002a5e731fee0, 0x000002a5eae98720,
0x000002a5e93cf5b0, 0x000002a5eaf2d740, 0x000002a5f3017dd0, 0x000002a5f3016390,
0x000002a5f3014950, 0x000002a5f3018460, 0x000002a5f3014fe0, 0x000002a5f3019ea0,
0x000002a5f3019180, 0x000002a5f301abc0, 0x000002a5f301a530, 0x000002a5f3019810,
0x000002a5f301b250, 0x000002a5f301bf70, 0x000002a5eae95930, 0x000002a5eae9b510,
0x000002a5e731eb30, 0x000002a5e75c0dc0, 0x000002a5e75bd940, 0x000002a5e75bf380,
0x000002a5e75be660, 0x000002a5f301b8e0, 0x000002a5e9b8bca0, 0x000002a5e9b8c330,
0x000002a5e9b8c9c0, 0x000002a5e9b8dd70, 0x000002a5e9b8b610, 0x000002a5e9b8d6e0,
0x000002a5e93c7f90, 0x000002a5e8860150, 0x000002a5f2f7d4b0, 0x000002a5f2f7f580,
0x000002a5f2f7e860, 0x000002a5f2f7fc10, 0x000002a5f2f7c790, 0x000002a5f2f7c100,
0x000002a5f2f7ce20, 0x000002a5f2f81ce0, 0x000002a5f2f82370, 0x000002a5f2f80930,
0x000002a5f2f802a0, 0x000002a5f2f80fc0, 0x000002a5f2f81650, 0x000002a5f2f83090,
0x000002a5e7319c70, 0x000002a5e731f1c0, 0x000002a5eae99ad0, 0x000002a5f3017740,
0x000002a5eacffc60, 0x000002a5eacfdb90, 0x000002a5eacfce70, 0x000002a5eacff5d0,
0x000002a5eacfe8b0, 0x000002a5eacfc150, 0x000002a5eacfef40, 0x000002a5eacfc7e0,
0x000002a5ead002f0, 0x000002a5ead016a0, 0x000002a5eacfe220, 0x000002a5ead01d30,
0x000002a5ead03770, 0x000002a5ead051b0, 0x000002a5ead05840, 0x000002a5ead02a50,
0x000002a5ead00980, 0x000002a5ead08630, 0x000002a5ead099e0, 0x000002a5ead06560,
0x000002a5ead07280, 0x000002a5ead06bf0, 0x000002a5ead0a700, 0x000002a5ead08cc0,
0x000002a5ead07fa0, 0x000002a5f3015670, 0x000002a5ea49b2a0, 0x000002a5ea49cce0,
0x000002a5ea49d370, 0x000002a5ea49da00, 0x000002a5ea49b930, 0x000002a5ea49fad0,
0x000002a5ea4a0e80, 0x000002a5ea49edb0, 0x000002a5ea4a1510, 0x000002a5ea4a0160,
0x000002a5ea4a07f0, 0x000002a5ea49e090, 0x000002a5ea4a4990, 0x000002a5ea4a2230,
0x000002a5ea4a35e0, 0x000002a5ea4a70f0, 0x000002a5ea4a63d0, 0x000002a5ea4a5d40,
0x000002a5ea4a9850, 0x000002a5ea4a3c70, 0x000002a5ea4aa570, 0x000002a5ea4a7780,
0x000002a5ea4a91c0, 0x000002a5ea4a84a0, 0x000002a5e75c0730, 0x000002a5ead0b420,
0x000002a5f2f7db40, 0x000002a5f2f7e1d0, 0x000002a5eae9c8c0, 0x000002a5ead01010,
0x000002a5ead04b20, 0x000002a5ead07910, 0x000002a5ead09350, 0x000002a5ea49bfc0,
0x000002a5ead030e0, 0x000002a5ead023c0, 0x000002a5ead05ed0, 0x000002a5ead03e00,
0x000002a5e9b8d050, 0x000002a5ead04490, 0x000002a5ead0ad90, 0x000002a5ea4a5020,
0x000002a5f3015d00, 0x000002a5ea49c650, 0x000002a5ea4a1ba0, 0x000002a5ea4a2f50,
0x000002a5ea49e720, 0x000002a5ea4a4300, 0x000002a5ea49f440, 0x000002a5e75bfa10,
0x000002a5f2f7eef0, 0x000002a5ea4a28c0, 0x000002a5ea4a56b0, 0x000002a5ea4a9ee0,
0x000002a5eae9a160, 0x000002a5eae9bba0, 0x000002a5e75bdfd0, 0x000002a5e9b8e400,
0x000002a5eacfd500, 0x000002a5ea4a6a60, 0x000002a5e731e4a0, 0x000002a5e731b020,
0x000002a5e9b8ea90, 0x000002a5f30170b0, 0x000002a5eacdb220, 0x000002a5eacdb8b0,
0x000002a5eacda500, 0x000002a5eacdd2f0, 0x000002a5eacdab90, 0x000002a5eacd8ac0,
0x000002a5eacdd980, 0x000002a5eacdfa50, 0x000002a5eacdc5d0, 0x000002a5eacde6a0,
0x000002a5eacdcc60, 0x000002a5eace00e0, 0x000002a5eace0e00, 0x000002a5eace1490,
0x000002a5eace1b20, 0x000002a5eace4910, 0x000002a5eacdbf40, 0x000002a5eace3bf0,
0x000002a5eace21b0, 0x000002a5eace5cc0, 0x000002a5eace2840, 0x000002a5eace6350,
0x000002a5eace2ed0, 0x000002a5eace3560, 0x000002a5eace0770, 0x000002a5eacd9e70,
0x000002a5eace69e0, 0x000002a5f2f83720, 0x000002a5eae95fc0, 0x000002a5e8ca6a90,
0x000002a5e8ca56e0, 0x000002a5e8ca49c0, 0x000002a5e8ca5d70, 0x000002a5e8ca6400,
0x000002a5e8ca4330, 0x000002a5e8ca7e40, 0x000002a5e8ca84d0, 0x000002a5e8ca5050,
0x000002a5e8ca91f0, 0x000002a5e8ca9f10, 0x000002a5e8ca8b60, 0x000002a5e8cac670,
0x000002a5e8ca9880, 0x000002a5e8cad390, 0x000002a5e8cab950, 0x000002a5e8cae740,
0x000002a5e8cb1530, 0x000002a5e8cb0ea0, 0x000002a5e8cafaf0, 0x000002a5e8caf460,
0x000002a5e8cb0180, 0x000002a5e8cb1bc0, 0x000002a5eacd97e0, 0x000002a5eacd9150,
0x000002a5ead0a070, 0x000002a5f2f82a00, 0x000002a5e8cb3600, 0x000002a5e75becf0,
0x000002a5ea7dad30, 0x000002a5ea7db3c0, 0x000002a5ea7de840, 0x000002a5ea7dc0e0,
0x000002a5ea7d92f0, 0x000002a5ea7dd490, 0x000002a5ea7da6a0, 0x000002a5ea7dfbf0,
0x000002a5ea7e0910, 0x000002a5ea7dc770, 0x000002a5ea7ddb20, 0x000002a5ea7e0fa0,
0x000002a5ea7de1b0, 0x000002a5ea7e1630, 0x000002a5ea7deed0, 0x000002a5ea7e3d90,
0x000002a5ea7e29e0, 0x000002a5ea7e5140, 0x000002a5ea7e57d0, 0x000002a5ea7e2350,
0x000002a5ea7e7210, 0x000002a5ea7e5e60, 0x000002a5ea7e78a0, 0x000002a5ea7e64f0,
0x000002a5ea7e85c0, 0x000002a5ea7e3700, 0x000002a5ea7eba40, 0x000002a5ea7ec0d0,
0x000002a5ea7e1cc0, 0x000002a5ea7e3070, 0x000002a5ea7e8c50, 0x000002a5ea7eb3b0,
0x000002a5ea7ec760, 0x000002a5ea7ecdf0, 0x000002a5ea7ed480, 0x000002a5ea7ee1a0,
0x000002a5ea7f0900, 0x000002a5ea7ee830, 0x000002a5ea7edb10, 0x000002a5ea7ead20,
0x000002a5ea7f2340, 0x000002a5ea7e9970, 0x000002a5ea7eeec0, 0x000002a5ea7efbe0,
0x000002a5ea7f1cb0, 0x000002a5ea7f4aa0, 0x000002a5ea7f0f90, 0x000002a5ea7f36f0,
0x000002a5ea7f3060, 0x000002a5ea7f5130, 0x000002a5ea7f7200, 0x000002a5ea7f4410,
0x000002a5ea7f7890, 0x000002a5ea7f7f20, 0x000002a5e8ca77b0, 0x000002a5e8cab2c0,
0x000002a5e8cb2250, 0x000002a5eace7700, 0x000002a5eace7d90, 0x000002a5e8cb0810,
0x000002a5e8caedd0, 0x000002a5ea7f6b70, 0x000002a5eace4fa0, 0x000002a5ea7f3d80,
0x000002a5e8cb28e0, 0x000002a5e8cb2f70, 0x000002a5ea7e4ab0, 0x000002a5ea7ea000,
0x000002a5ea7d8c60, 0x000002a5eacded30, 0x000002a5ea7f1620, 0x000002a5e8caa5a0,
0x000002a5f2f38f90, 0x000002a5f2f3b060, 0x000002a5f2f38270, 0x000002a5f2f3a340,
0x000002a5f2f3ff20, 0x000002a5f2f38900, 0x000002a5f2f3d7c0, 0x000002a5f2f3c410,
0x000002a5f2f3b6f0, 0x000002a5f2f405b0, 0x000002a5f2f40c40, 0x000002a5f2f3d130,
0x000002a5f2f3eb70, 0x000002a5f2f41ff0, 0x000002a5f2f45470, 0x000002a5f2f45b00,
0x000002a5f2f440c0, 0x000002a5f2f44750, 0x000002a5f2f44de0, 0x000002a5f2f433a0,
0x000002a5f2f41960, 0x000002a5f2f42680, 0x000002a5f2f46190, 0x000002a5f2f46eb0,
0x000002a5f2f42d10, 0x000002a5ea7da010, 0x000002a5ea7ea690, 0x000002a5ea7dba50,
0x000002a5ea7ef550, 0x000002a5f2f47540, 0x000002a5e87098b0, 0x000002a5e870b980,
0x000002a5e8708500, 0x000002a5e8709f40, 0x000002a5e870ac60, 0x000002a5e870e770,
0x000002a5e870da50, 0x000002a5e8708b90, 0x000002a5e870fb20, 0x000002a5e870e0e0,
0x000002a5e870f490, 0x000002a5e870c6a0, 0x000002a5e8711bf0, 0x000002a5e8712fa0,
0x000002a5e87101b0, 0x000002a5e8713cc0, 0x000002a5e8713630, 0x000002a5e8710840,
0x000002a5e8710ed0, 0x000002a5e8714350, 0x000002a5e8715700, 0x000002a5e8715d90,
0x000002a5e8716ab0, 0x000002a5ea7f57c0, 0x000002a5ea7f64e0, 0x000002a5ea7e6b80,
0x000002a5eacde010, 0x000002a5eacdf3c0, 0x000002a5ea7f5e50, 0x000002a5e8712280,
0x000002a5ea7e92e0, 0x000002a5e8715070, 0x000002a5ea7e7f30, 0x000002a5f2f46820,
0x000002a5e75c00a0, 0x000002a5e8709220, 0x000002a5ea4a8b30, 0x000002a5e8cacd00,
0x000002a5f3180060, 0x000002a5f3182e50, 0x000002a5f3183b70, 0x000002a5f31834e0,
0x000002a5f3180d80, 0x000002a5f31806f0, 0x000002a5f3184200, 0x000002a5f3184890,
0x000002a5f3184f20, 0x000002a5f31855b0, 0x000002a5f3182130, 0x000002a5f3187d10,
0x000002a5f3181410, 0x000002a5f3185c40, 0x000002a5f318b820, 0x000002a5f3186960,
0x000002a5f318c540, 0x000002a5f318beb0, 0x000002a5f318cbd0, 0x000002a5f3189750,
0x000002a5f318ab00, 0x000002a5f318d8f0, 0x000002a5f3190050, 0x000002a5f3191a90,
0x000002a5f31906e0, 0x000002a5f318eca0, 0x000002a5f318d260, 0x000002a5f318df80,
0x000002a5f318f330, 0x000002a5f3191400, 0x000002a5f318f9c0, 0x000002a5f318e610,
0x000002a5f31934d0, 0x000002a5f318b190, 0x000002a5f3192e40, 0x000002a5f3196950,
0x000002a5f3197670, 0x000002a5f31962c0, 0x000002a5f31927b0, 0x000002a5f3194f10,
0x000002a5f3196fe0, 0x000002a5f319c530, 0x000002a5f3198a20, 0x000002a5f3199dd0,
0x000002a5f3198390, 0x000002a5f319a460, 0x000002a5f319aaf0, 0x000002a5f319df70,
0x000002a5f319d250, 0x000002a5f319e600, 0x000002a5f319ec90, 0x000002a5f31883a0,
0x000002a5f319b180, 0x000002a5f3188a30, 0x000002a5f3186ff0, 0x000002a5f318a470,
0x000002a5e870ee00, 0x000002a5e870c010, 0x000002a5e870a5d0, 0x000002a5e870cd30,
0x000002a5e870d3c0, 0x000002a5e87149e0, 0x000002a5e8712910, 0x000002a5e870b2f0,
0x000002a5f2f3bd80, 0x000002a5f2f39620, 0x000002a5f2f39cb0, 0x000002a5f2f3caa0,
0x000002a5f2f3de50, 0x000002a5f2f3e4e0, 0x000002a5f3187680, 0x000002a5f31827c0,
0x000002a5f3181aa0, 0x000002a5f31862d0, 0x000002a5f3192120, 0x000002a5f3189de0,
0x000002a5f31890c0, 0x000002a5f3190d70, 0x000002a5f3194880, 0x000002a5f31990b0,
0x000002a5f31941f0, 0x000002a5f319f320, 0x000002a5f3193b60, 0x000002a5f319d8e0,
0x000002a5f3199740, 0x000002a5eace5630, 0x000002a5f2f3a9d0, 0x000002a5f2f3f200,
0x000002a5e8ca7120, 0x000002a5f319bea0, 0x000002a5ea7dce00, 0x000002a5ea4a7e10,
0x000002a5e8711560, 0x000002a5e8cada20, 0x000002a5ea7f29d0, 0x000002a5ea2b3770,
0x000002a5ea2b4b20, 0x000002a5ea2b23c0, 0x000002a5ea2b4490, 0x000002a5ea2b16a0,
0x000002a5ea2b5ed0, 0x000002a5ea2b5840, 0x000002a5ea2b99e0, 0x000002a5ea2b6560,
0x000002a5ea2b6bf0, 0x000002a5ea2b7280, 0x000002a5ea2b7fa0, 0x000002a5ea2b8630,
0x000002a5ea2b51b0, 0x000002a5ea2b30e0, 0x000002a5ea2ba700, 0x000002a5ea2b9350,
0x000002a5ea2bc140, 0x000002a5ea2bbab0, 0x000002a5ea2bd4f0, 0x000002a5ea2bc7d0,
0x000002a5ea2bce60, 0x000002a5ea2ba070, 0x000002a5ea2bad90, 0x000002a5e8717140,
0x000002a5ea2c02e0, 0x000002a5ea7e0280, 0x000002a5eace7070, 0x000002a5f2def680,
0x000002a5f2df10c0, 0x000002a5f2df03a0, 0x000002a5f2df0a30, 0x000002a5f2deeff0,
0x000002a5f2df4540, 0x000002a5f2df3eb0, 0x000002a5f2df1750, 0x000002a5f2df58f0,
0x000002a5f2df3190, 0x000002a5f2df79c0, 0x000002a5f2df86e0, 0x000002a5f2df7330,
0x000002a5f2df8050, 0x000002a5f2df5260, 0x000002a5f2df5f80, 0x000002a5f2dfa7b0,
0x000002a5f2df4bd0, 0x000002a5f2df8d70, 0x000002a5f2df9400, 0x000002a5f2dfc1f0,
0x000002a5f2dfc880, 0x000002a5f2df9a90, 0x000002a5f2dfe950, 0x000002a5f2dfefe0,
0x000002a5f2dfb4d0, 0x000002a5f2e01dd0, 0x000002a5f2e00390, 0x000002a5f2e03180,
0x000002a5f2dfd5a0, 0x000002a5f2e04530, 0x000002a5f2e086d0, 0x000002a5f2e06600,
0x000002a5f2e0c870, 0x000002a5f2e06c90, 0x000002a5f2dfbb60, 0x000002a5f2dfcf10,
0x000002a5f2e09a80, 0x000002a5f2e0dc20, 0x000002a5f2e0ae30, 0x000002a5f2e01740,
0x000002a5f2e058e0, 0x000002a5f2e0a110, 0x000002a5f2e0b4c0, 0x000002a5f2e0a7a0,
0x000002a5f2e0bb50, 0x000002a5ea2b1d30, 0x000002a5ea2b2a50, 0x000002a5ea2b3e00,
0x000002a5ea2bef30, 0x000002a5ea7d9980, 0x000002a5f2e0e2b0, 0x000002a5ea2b1010,
0x000002a5f3423eb0, 0x000002a5f34258f0, 0x000002a5f3422470, 0x000002a5f3426610,
0x000002a5f3423190, 0x000002a5f3425260, 0x000002a5f3422b00, 0x000002a5f3426ca0,
0x000002a5f3427330, 0x000002a5f3429400, 0x000002a5f3428d70, 0x000002a5f3425f80,
0x000002a5f342a7b0, 0x000002a5f3428050, 0x000002a5f3429a90, 0x000002a5f342b4d0,
0x000002a5f3423820, 0x000002a5f342a120, 0x000002a5f34279c0, 0x000002a5f34286e0,
0x000002a5f342ae40, 0x000002a5f33ee990, 0x000002a5f33f1780, 0x000002a5f33f0a60,
0x000002a5f33f5290, 0x000002a5f33ef020, 0x000002a5f33f24a0, 0x000002a5f33f6cd0,
0x000002a5f33f2b30, 0x000002a5f33f79f0, 0x000002a5f33f8da0, 0x000002a5f33f8080,
0x000002a5f33fa7e0, 0x000002a5f33fdc60, 0x000002a5f33f9430, 0x000002a5f33f9ac0,
0x000002a5f3400a50, 0x000002a5f34031b0, 0x000002a5f3401770, 0x000002a5f3405910,
0x000002a5f3405fa0, 0x000002a5f3405280, 0x000002a5f3407350, 0x000002a5f3403840,
0x000002a5f3402b20, 0x000002a5f3406cc0, 0x000002a5f3403ed0, 0x000002a5f3404bf0,
0x000002a5f3406630, 0x000002a5f3408d90, 0x000002a5f34079e0, 0x000002a5f340ae60,
0x000002a5f3408070, 0x000002a5f340bb80, 0x000002a5f340a140, 0x000002a5f33f5fb0,
0x000002a5f340c210, 0x000002a5f33f1e10, 0x000002a5f33edc70, 0x000002a5f340e970,
0x000002a5f3409420, 0x000002a5f340f690, 0x000002a5f340f000, 0x000002a5f33fae70,
0x000002a5f3410a40, 0x000002a5f3414be0, 0x000002a5f34110d0, 0x000002a5f3416cb0,
0x000002a5f3416620, 0x000002a5f340e2e0, 0x000002a5f34179d0, 0x000002a5f34186f0,
0x000002a5f3415900, 0x000002a5f3412480, 0x000002a5f341b4e0, 0x000002a5f3414550,
0x000002a5f341a7c0, 0x000002a5f341bb70, 0x000002a5f341c200, 0x000002a5f341ae50,
0x000002a5f341dc40, 0x000002a5f3418060, 0x000002a5f341a130, 0x000002a5f341fd10,
0x000002a5f341eff0, 0x000002a5f341cf20, 0x000002a5f3420a30, 0x000002a5f34203a0,
0x000002a5f341e2d0, 0x000002a5f342bb60, 0x000002a5f3421de0, 0x000002a5f342c880,
0x000002a5f33fb500, 0x000002a5f33ee300, 0x000002a5f33fd5d0, 0x000002a5f33fcf40,
0x000002a5f33fbb90, 0x000002a5f3413830, 0x000002a5f340d5c0, 0x000002a5f34131a0,
0x000002a5f2df2470, 0x000002a5f2dff670, 0x000002a5f2df2b00, 0x000002a5f2e05250,
0x000002a5f2e00a20, 0x000002a5f2e093f0, 0x000002a5f2e0cf00, 0x000002a5f3411df0,
0x000002a5f340fd20, 0x000002a5f34003c0, 0x000002a5ea2bdb80, 0x000002a5ea2be210,
0x000002a5ea2bb420, 0x000002a5f340cf30, 0x000002a5f3417340, 0x000002a5e87177d0,
0x000002a5ea2bfc50, 0x000002a5ea7e4420, 0x000002a5f37c2a70, 0x000002a5f37c3e20,
0x000002a5f37c3790, 0x000002a5f37c1030, 0x000002a5f37c4b40, 0x000002a5f37c16c0,
0x000002a5f37c5860, 0x000002a5f37c51d0, 0x000002a5f37c44b0, 0x000002a5f37c9370,
0x000002a5f37c23e0, 0x000002a5f37cadb0, 0x000002a5f37c7930, 0x000002a5f37c5ef0,
0x000002a5f37cb440, 0x000002a5f37c7fc0, 0x000002a5f37cc160, 0x000002a5f37c8ce0,
0x000002a5f37d0300, 0x000002a5f37c72a0, 0x000002a5f37ce230, 0x000002a5f37cf5e0,
0x000002a5f37cfc70, 0x000002a5f37d44a0, 0x000002a5f37c6580, 0x000002a5f37cc7f0,
0x000002a5f37d1d40, 0x000002a5f37ca090, 0x000002a5f37d4b30, 0x000002a5f37d5ee0,
0x000002a5f37d23d0, 0x000002a5f37d6570, 0x000002a5f37d7290, 0x000002a5f37d8640,
0x000002a5f37d8cd0, 0x000002a5f37d9360, 0x000002a5f37d6c00, 0x000002a5f37d7920,
0x000002a5f37d5850, 0x000002a5f37dce70, 0x000002a5f37da080, 0x000002a5f37ddb90,
0x000002a5f37de8b0, 0x000002a5f37db430, 0x000002a5f37def40, 0x000002a5f37de220,
0x000002a5f37dc150, 0x000002a5f37d16b0, 0x000002a5f37dbac0, 0x000002a5f37d0990,
0x000002a5f37ce8c0, 0x000002a5f37d2a60, 0x000002a5f37c1d50, 0x000002a5f37d1020,
0x000002a5f37cdba0, 0x000002a5f37d30f0, 0x000002a5f37c8650, 0x000002a5f37d3e10,
0x000002a5f37cd510, 0x000002a5f37dc7e0, 0x000002a5f37e02f0, 0x000002a5f37dfc60,
0x000002a5f37e0980, 0x000002a5f37e30e0, 0x000002a5f37e2a50, 0x000002a5f37e3e00,
0x000002a5f37e8cc0, 0x000002a5f37e9350, 0x000002a5f37e7fa0, 0x000002a5f37e6560,
0x000002a5f37e6bf0, 0x000002a5f37ea070, 0x000002a5f37ebab0, 0x000002a5f37ece60,
0x000002a5f37c9a00, 0x000002a5f37da710, 0x000002a5f37eb420, 0x000002a5f37efc50,
0x000002a5f37f7900, 0x000002a5f37f8620, 0x000002a5f37fc7c0, 0x000002a5f37fc130,
0x000002a5f37fa6f0, 0x000002a5f37fe200, 0x000002a5f33f31c0, 0x000002a5f33f6640,
0x000002a5f33f3850, 0x000002a5f3401e00, 0x000002a5f3408700, 0x000002a5f33efd40,
0x000002a5f3409ab0, 0x000002a5f2df3820, 0x000002a5f2e02af0, 0x000002a5f2e03810,
0x000002a5f2e07320, 0x000002a5f2e08040, 0x000002a5f37e51b0, 0x000002a5f37e3770,
0x000002a5f37e23c0, 0x000002a5f37e8630, 0x000002a5f37cce80, 0x000002a5f37d3780,
0x000002a5f37ec140, 0x000002a5f37ed4f0, 0x000002a5f33f7360, 0x000002a5f33ff6a0,
0x000002a5f3404560, 0x000002a5f33f3ee0, 0x000002a5f33f8710, 0x000002a5f3415f90,
0x000002a5f33ef6b0, 0x000002a5f340dc50, 0x000002a5f3411760, 0x000002a5f341d5b0,
0x000002a5f341c890, 0x000002a5f34210c0, 0x000002a5f3424540, 0x000002a5f3424bd0,
0x000002a5f342cf10, 0x000002a5f37c6c10, 0x000002a5f37ca720, 0x000002a5f37d99f0,
0x000002a5f37e1010, 0x000002a5f37df5d0, 0x000002a5f37e4490, 0x000002a5f37e16a0,
0x000002a5f37e4b20, 0x000002a5f37edb80, 0x000002a5f37e99e0, 0x000002a5f37ea700,
0x000002a5f37f0970, 0x000002a5f37f1000, 0x000002a5f37f1690, 0x000002a5f37ead90,
0x000002a5f37f1d20, 0x000002a5f37ee8a0, 0x000002a5f37f30d0, 0x000002a5f37f23b0,
0x000002a5f37eef30, 0x000002a5f37f51a0, 0x000002a5f37f3760, 0x000002a5f37ee210,
0x000002a5f37ec7d0, 0x000002a5f37f2a40, 0x000002a5f37ef5c0, 0x000002a5f37f8cb0,
0x000002a5f37f5830, 0x000002a5f37f9340, 0x000002a5f37f7270, 0x000002a5f37e5840,
0x000002a5f37cbad0, 0x000002a5f37f6550, 0x000002a5f37f6be0, 0x000002a5f37fce50,
0x000002a5f37fb410, 0x000002a5f37fef20, 0x000002a5f37ff5b0, 0x000002a5f37dada0,
0x000002a5f37e7280, 0x000002a5f37cef50, 0x000002a5f37fbaa0, 0x000002a5f37fdb70,
0x000002a5f37e7910, 0x000002a5f37f02e0, 0x000002a5f37fd4e0, 0x000002a5f3800960,
0x000002a5f2defd10, 0x000002a5f2df6ca0, 0x000002a5f2df6610, 0x000002a5f2dfa120,
0x000002a5f2dfdc30, 0x000002a5f2dfae40, 0x000002a5f2dffd00, 0x000002a5f2e02460,
0x000002a5f2e03ea0, 0x000002a5f3413ec0, 0x000002a5f3419410, 0x000002a5f3415270,
0x000002a5f340c8a0, 0x000002a5f340b4f0, 0x000002a5f340a7d0, 0x000002a5f33f10f0,
0x000002a5f33f03d0, 0x000002a5f34103b0, 0x000002a5f3412b10
}

Java Threads: ( => current thread )
  0x000002a58827dc40 JavaThread "main"                              [_thread_blocked, id=2444, stack(0x000000b23bb00000,0x000000b23bc00000) (1024K)]
  0x000002a58822dbd0 JavaThread "Reference Handler"          daemon [_thread_blocked, id=14716, stack(0x000000b23bf00000,0x000000b23c000000) (1024K)]
  0x000002a5883262f0 JavaThread "Finalizer"                  daemon [_thread_blocked, id=16244, stack(0x000000b23c000000,0x000000b23c100000) (1024K)]
  0x000002a5883280c0 JavaThread "Signal Dispatcher"          daemon [_thread_blocked, id=5044, stack(0x000000b23c100000,0x000000b23c200000) (1024K)]
  0x000002a588328b20 JavaThread "Attach Listener"            daemon [_thread_blocked, id=4676, stack(0x000000b23c200000,0x000000b23c300000) (1024K)]
  0x000002a58832f630 JavaThread "Service Thread"             daemon [_thread_blocked, id=22372, stack(0x000000b23c300000,0x000000b23c400000) (1024K)]
  0x000002a58833a610 JavaThread "Monitor Deflation Thread"   daemon [_thread_blocked, id=9520, stack(0x000000b23c400000,0x000000b23c500000) (1024K)]
=>0x000002a5e1013e20 JavaThread "C2 CompilerThread0"         daemon [_thread_in_native, id=6112, stack(0x000000b23c500000,0x000000b23c600000) (1024K)]
  0x000002a5e103b5a0 JavaThread "C1 CompilerThread0"         daemon [_thread_blocked, id=10656, stack(0x000000b23c600000,0x000000b23c700000) (1024K)]
  0x000002a5e12b6e30 JavaThread "Common-Cleaner"             daemon [_thread_blocked, id=13476, stack(0x000000b23c800000,0x000000b23c900000) (1024K)]
  0x000002a5e136ea10 JavaThread "Notification Thread"        daemon [_thread_blocked, id=7956, stack(0x000000b23c900000,0x000000b23ca00000) (1024K)]
  0x000002a5e68cb850 JavaThread "Active Thread: Equinox Container: 72bb7f8b-4a64-4e5f-899d-e946b78835cf"        [_thread_blocked, id=4540, stack(0x000000b23d100000,0x000000b23d200000) (1024K)]
  0x000002a5e68ab550 JavaThread "Refresh Thread: Equinox Container: 72bb7f8b-4a64-4e5f-899d-e946b78835cf" daemon [_thread_blocked, id=17096, stack(0x000000b23d300000,0x000000b23d400000) (1024K)]
  0x000002a5e6af9220 JavaThread "Framework Event Dispatcher: Equinox Container: 72bb7f8b-4a64-4e5f-899d-e946b78835cf" daemon [_thread_blocked, id=15716, stack(0x000000b23d400000,0x000000b23d500000) (1024K)]
  0x000002a5e6afa070 JavaThread "Start Level: Equinox Container: 72bb7f8b-4a64-4e5f-899d-e946b78835cf" daemon [_thread_blocked, id=11632, stack(0x000000b23d500000,0x000000b23d600000) (1024K)]
  0x000002a5e6e365e0 JavaThread "Bundle File Closer"         daemon [_thread_blocked, id=8736, stack(0x000000b23d800000,0x000000b23d900000) (1024K)]
  0x000002a5e6e34b00 JavaThread "SCR Component Actor"        daemon [_thread_blocked, id=22408, stack(0x000000b23c700000,0x000000b23c800000) (1024K)]
  0x000002a5e6bc1020 JavaThread "Worker-JM"                         [_thread_blocked, id=18740, stack(0x000000b23da00000,0x000000b23db00000) (1024K)]
  0x000002a5e6ebfe90 JavaThread "JNA Cleaner"                daemon [_thread_blocked, id=20156, stack(0x000000b23ca00000,0x000000b23cb00000) (1024K)]
  0x000002a5e6ebd730 JavaThread "Worker-0: Initialize workspace"        [_thread_blocked, id=18556, stack(0x000000b23d900000,0x000000b23da00000) (1024K)]
  0x000002a5e6ebeae0 JavaThread "Worker-1: Initialize workspace"        [_thread_blocked, id=11908, stack(0x000000b23dc00000,0x000000b23dd00000) (1024K)]
  0x000002a5e6ebddc0 JavaThread "Worker-2: Initialize workspace"        [_thread_blocked, id=3452, stack(0x000000b23db00000,0x000000b23dc00000) (1024K)]
  0x000002a5e6ebd0a0 JavaThread "Worker-3: Initialize workspace"        [_thread_blocked, id=12184, stack(0x000000b23dd00000,0x000000b23de00000) (1024K)]
  0x000002a5e6ebe450 JavaThread "Java indexing"              daemon [_thread_blocked, id=14404, stack(0x000000b23df00000,0x000000b23e000000) (1024K)]
  0x000002a5e6ebf170 JavaThread "Worker-4: Initialize workspace"        [_thread_blocked, id=17216, stack(0x000000b23de00000,0x000000b23df00000) (1024K)]
  0x000002a5e885a570 JavaThread "Worker-5: Initialize workspace"        [_thread_blocked, id=7036, stack(0x000000b23e300000,0x000000b23e400000) (1024K)]
  0x000002a5e885ac00 JavaThread "pool-2-thread-1"                   [_thread_blocked, id=17468, stack(0x000000b23e400000,0x000000b23e500000) (1024K)]
  0x000002a5e885bfb0 JavaThread "WorkspaceEventsHandler"            [_thread_blocked, id=21632, stack(0x000000b23e500000,0x000000b23e600000) (1024K)]
  0x000002a5e885c640 JavaThread "pool-1-thread-1"                   [_thread_blocked, id=11728, stack(0x000000b23e600000,0x000000b23e700000) (1024K)]
  0x000002a5e885b920 JavaThread "PatternSearchJob-worker-1"  daemon [_thread_blocked, id=8596, stack(0x000000b23e700000,0x000000b23e800000) (1024K)]
  0x000002a5e8859850 JavaThread "PatternSearchJob-worker-2"  daemon [_thread_blocked, id=18252, stack(0x000000b23e800000,0x000000b23e900000) (1024K)]
  0x000002a5e885d360 JavaThread "Timer-0"                           [_thread_blocked, id=20216, stack(0x000000b23eb00000,0x000000b23ec00000) (1024K)]
  0x000002a5e8859ee0 JavaThread "Timer-1"                           [_thread_blocked, id=12676, stack(0x000000b23ea00000,0x000000b23eb00000) (1024K)]
  0x000002a5e885d9f0 JavaThread "Timer-2"                           [_thread_blocked, id=5256, stack(0x000000b23ba00000,0x000000b23bb00000) (1024K)]
  0x000002a5e885e080 JavaThread "Worker-6: Initialize workspace"        [_thread_blocked, id=21352, stack(0x000000b23b900000,0x000000b23ba00000) (1024K)]
  0x000002a5e88591c0 JavaThread "Timer-3"                           [_thread_blocked, id=14732, stack(0x000000b23e900000,0x000000b23ea00000) (1024K)]
  0x000002a5e885e710 JavaThread "PatternSearchJob-worker-3"  daemon [_thread_blocked, id=10032, stack(0x000000b23e200000,0x000000b23e300000) (1024K)]
  0x000002a5e885b290 JavaThread "PatternSearchJob-worker-4"  daemon [_thread_blocked, id=2868, stack(0x000000b23ec00000,0x000000b23ed00000) (1024K)]
  0x000002a5e885eda0 JavaThread "Connection worker"                 [_thread_in_native, id=18852, stack(0x000000b23ef00000,0x000000b23f000000) (1024K)]
  0x000002a5e885f430 JavaThread "Connection worker"                 [_thread_in_native, id=4872, stack(0x000000b23f100000,0x000000b23f200000) (1024K)]
  0x000002a5e885fac0 JavaThread "pool-3-thread-1"                   [_thread_blocked, id=16168, stack(0x000000b23ed00000,0x000000b23ee00000) (1024K)]
  0x000002a5e88607e0 JavaThread "pool-4-thread-1"                   [_thread_blocked, id=5268, stack(0x000000b23ee00000,0x000000b23ef00000) (1024K)]
  0x000002a5e9602aa0 JavaThread "Timer-4"                           [_thread_blocked, id=16136, stack(0x000000b23f200000,0x000000b23f300000) (1024K)]
  0x000002a5e9604b70 JavaThread "Connection worker"                 [_thread_in_native, id=2608, stack(0x000000b23f000000,0x000000b23f100000) (1024K)]
  0x000002a5e9605200 JavaThread "pool-5-thread-1"                   [_thread_blocked, id=23200, stack(0x000000b23f600000,0x000000b23f700000) (1024K)]
  0x000002a5eaf2c390 JavaThread "Timer-5"                           [_thread_blocked, id=8908, stack(0x000000b23f300000,0x000000b23f400000) (1024K)]
  0x000002a5eaf2a2c0 JavaThread "Worker-7: Initialize workspace"        [_thread_blocked, id=16564, stack(0x000000b23f400000,0x000000b23f500000) (1024K)]
  0x000002a5eaf2d0b0 JavaThread "Connection worker"                 [_thread_in_native, id=6036, stack(0x000000b23f900000,0x000000b23fa00000) (1024K)]
  0x000002a5eaf29c30 JavaThread "pool-6-thread-1"                   [_thread_blocked, id=15956, stack(0x000000b23fa00000,0x000000b23fb00000) (1024K)]
  0x000002a5eaf2b670 JavaThread "Connection worker"                 [_thread_in_native, id=19676, stack(0x000000b23fb00000,0x000000b23fc00000) (1024K)]
  0x000002a5eaf2bd00 JavaThread "pool-7-thread-1"                   [_thread_blocked, id=10220, stack(0x000000b23fd00000,0x000000b23fe00000) (1024K)]
  0x000002a5eaf2eaf0 JavaThread "Timer-6"                           [_thread_blocked, id=376, stack(0x000000b240000000,0x000000b240100000) (1024K)]
  0x000002a5eaf2f810 JavaThread "Worker-8: Initialize workspace"        [_thread_blocked, id=17800, stack(0x000000b240200000,0x000000b240300000) (1024K)]
  0x000002a5eaf2ddd0 JavaThread "Worker-9: Initialize workspace"        [_thread_blocked, id=9464, stack(0x000000b23f800000,0x000000b23f900000) (1024K)]
  0x000002a5eaf2e460 JavaThread "Connection worker"                 [_thread_in_native, id=17740, stack(0x000000b23fc00000,0x000000b23fd00000) (1024K)]
  0x000002a5eaf2fea0 JavaThread "pool-8-thread-1"                   [_thread_blocked, id=13008, stack(0x000000b23ff00000,0x000000b240000000) (1024K)]
  0x000002a5eaf30bc0 JavaThread "Timer-7"                           [_thread_blocked, id=16084, stack(0x000000b240300000,0x000000b240400000) (1024K)]
  0x000002a5eaf2afe0 JavaThread "Worker-10: Initialize workspace"        [_thread_blocked, id=6824, stack(0x000000b23fe00000,0x000000b23ff00000) (1024K)]
  0x000002a5e9603130 JavaThread "Timer-8"                           [_thread_blocked, id=9080, stack(0x000000b240700000,0x000000b240800000) (1024K)]
  0x000002a5e9605890 JavaThread "Connection worker"                 [_thread_in_native, id=10280, stack(0x000000b240500000,0x000000b240600000) (1024K)]
  0x000002a5e96037c0 JavaThread "Connection worker"                 [_thread_in_native, id=18492, stack(0x000000b240600000,0x000000b240700000) (1024K)]
  0x000002a5e9603e50 JavaThread "pool-9-thread-1"                   [_thread_blocked, id=3744, stack(0x000000b240900000,0x000000b240a00000) (1024K)]
  0x000002a5e96044e0 JavaThread "pool-10-thread-1"                  [_thread_blocked, id=968, stack(0x000000b240b00000,0x000000b240c00000) (1024K)]
  0x000002a5e93cb410 JavaThread "Timer-9"                           [_thread_blocked, id=13184, stack(0x000000b240d00000,0x000000b240e00000) (1024K)]
  0x000002a5e93cad80 JavaThread "Worker-11: Initialize workspace"        [_thread_blocked, id=12052, stack(0x000000b241000000,0x000000b241100000) (1024K)]
  0x000002a5e93cbaa0 JavaThread "Worker-12: Initialize workspace"        [_thread_blocked, id=8880, stack(0x000000b240800000,0x000000b240900000) (1024K)]
  0x000002a5e93c8cb0 JavaThread "Connection worker"                 [_thread_in_native, id=18588, stack(0x000000b241100000,0x000000b241200000) (1024K)]
  0x000002a5e93cc130 JavaThread "pool-11-thread-1"                  [_thread_blocked, id=14840, stack(0x000000b241300000,0x000000b241400000) (1024K)]
  0x000002a5e93cc7c0 JavaThread "Timer-10"                          [_thread_blocked, id=4312, stack(0x000000b241500000,0x000000b241600000) (1024K)]
  0x000002a5e93c8620 JavaThread "Worker-13: Initialize workspace"        [_thread_blocked, id=14680, stack(0x000000b241200000,0x000000b241300000) (1024K)]
  0x000002a5e93cd4e0 JavaThread "Connection worker"                 [_thread_in_native, id=14708, stack(0x000000b241800000,0x000000b241900000) (1024K)]
  0x000002a5e93ce890 JavaThread "pool-12-thread-1"                  [_thread_blocked, id=14720, stack(0x000000b241900000,0x000000b241a00000) (1024K)]
  0x000002a5e93cdb70 JavaThread "Timer-11"                          [_thread_blocked, id=12304, stack(0x000000b241a00000,0x000000b241b00000) (1024K)]
  0x000002a5e93c99d0 JavaThread "Connection worker"                 [_thread_in_native, id=12760, stack(0x000000b240400000,0x000000b240500000) (1024K)]
  0x000002a5e93cef20 JavaThread "Worker-14: Initialize workspace"        [_thread_blocked, id=4696, stack(0x000000b241700000,0x000000b241800000) (1024K)]
  0x000002a5eaf30530 JavaThread "pool-13-thread-1"                  [_thread_blocked, id=17712, stack(0x000000b241c00000,0x000000b241d00000) (1024K)]
  0x000002a5eaf31250 JavaThread "Timer-12"                          [_thread_blocked, id=8608, stack(0x000000b241f00000,0x000000b242000000) (1024K)]
  0x000002a5eae98090 JavaThread "Worker-15: Initialize workspace"        [_thread_blocked, id=20404, stack(0x000000b241b00000,0x000000b241c00000) (1024K)]
  0x000002a5eae98db0 JavaThread "Timer-13"                          [_thread_blocked, id=20324, stack(0x000000b242000000,0x000000b242100000) (1024K)]
  0x000002a5eae96650 JavaThread "Connection worker"                 [_thread_in_native, id=21560, stack(0x000000b241d00000,0x000000b241e00000) (1024K)]
  0x000002a5eae952a0 JavaThread "pool-14-thread-1"                  [_thread_blocked, id=17676, stack(0x000000b242200000,0x000000b242300000) (1024K)]
  0x000002a5eae96ce0 JavaThread "Worker-16: Initialize workspace"        [_thread_blocked, id=18916, stack(0x000000b242500000,0x000000b242600000) (1024K)]
  0x000002a5eae99440 JavaThread "Timer-14"                          [_thread_blocked, id=19104, stack(0x000000b242800000,0x000000b242900000) (1024K)]
  0x000002a5eae9a7f0 JavaThread "Worker-17: Initialize workspace"        [_thread_blocked, id=17392, stack(0x000000b240a00000,0x000000b240b00000) (1024K)]
  0x000002a5eae9ae80 JavaThread "Connection worker"                 [_thread_in_native, id=2292, stack(0x000000b240e00000,0x000000b240f00000) (1024K)]
  0x000002a5eae9c230 JavaThread "pool-16-thread-1"                  [_thread_blocked, id=7108, stack(0x000000b242400000,0x000000b242500000) (1024K)]
  0x000002a5e93c9340 JavaThread "Timer-15"                          [_thread_blocked, id=14252, stack(0x000000b242b00000,0x000000b242c00000) (1024K)]
  0x000002a5e93cce50 JavaThread "Worker-18: Initialize workspace"        [_thread_blocked, id=4916, stack(0x000000b242d00000,0x000000b242e00000) (1024K)]
  0x000002a5e93ca060 JavaThread "Timer-16"                          [_thread_blocked, id=9992, stack(0x000000b241400000,0x000000b241500000) (1024K)]
  0x000002a5e93ca6f0 JavaThread "Connection worker"                 [_thread_in_native, id=14684, stack(0x000000b242e00000,0x000000b242f00000) (1024K)]
  0x000002a5e93ce200 JavaThread "pool-17-thread-1"                  [_thread_blocked, id=22740, stack(0x000000b242f00000,0x000000b243000000) (1024K)]
  0x000002a5e9605f20 JavaThread "Worker-19: Initialize workspace"        [_thread_blocked, id=18328, stack(0x000000b243000000,0x000000b243100000) (1024K)]
  0x000002a5e731b6b0 JavaThread "Timer-17"                          [_thread_blocked, id=23616, stack(0x000000b243300000,0x000000b243400000) (1024K)]
  0x000002a5e731bd40 JavaThread "Connection worker"                 [_thread_in_native, id=23728, stack(0x000000b240100000,0x000000b240200000) (1024K)]
  0x000002a5e731c3d0 JavaThread "Worker-20: Initialize workspace"        [_thread_blocked, id=23748, stack(0x000000b242300000,0x000000b242400000) (1024K)]
  0x000002a5e731ca60 JavaThread "pool-18-thread-1"                  [_thread_blocked, id=23776, stack(0x000000b243500000,0x000000b243600000) (1024K)]
  0x000002a5e73195e0 JavaThread "Timer-18"                          [_thread_blocked, id=23820, stack(0x000000b243700000,0x000000b243800000) (1024K)]
  0x000002a5e731d780 JavaThread "Worker-21: Initialize workspace"        [_thread_blocked, id=23860, stack(0x000000b243900000,0x000000b243a00000) (1024K)]
  0x000002a5e731a990 JavaThread "Timer-19"                          [_thread_blocked, id=23904, stack(0x000000b243c00000,0x000000b243d00000) (1024K)]
  0x000002a5e731a300 JavaThread "Connection worker"                 [_thread_in_native, id=24076, stack(0x000000b243a00000,0x000000b243b00000) (1024K)]
  0x000002a5e731f850 JavaThread "Worker-22: Initialize workspace"        [_thread_blocked, id=24080, stack(0x000000b243e00000,0x000000b243f00000) (1024K)]
  0x000002a5e7320570 JavaThread "pool-20-thread-1"                  [_thread_blocked, id=24088, stack(0x000000b244100000,0x000000b244200000) (1024K)]
  0x000002a5e731fee0 JavaThread "Timer-20"                          [_thread_blocked, id=24208, stack(0x000000b244200000,0x000000b244300000) (1024K)]
  0x000002a5eae98720 JavaThread "Connection worker"                 [_thread_in_native, id=24492, stack(0x000000b241e00000,0x000000b241f00000) (1024K)]
  0x000002a5e93cf5b0 JavaThread "pool-21-thread-1"                  [_thread_blocked, id=24504, stack(0x000000b244000000,0x000000b244100000) (1024K)]
  0x000002a5eaf2d740 JavaThread "Worker-23: Initialize workspace"        [_thread_blocked, id=24508, stack(0x000000b244400000,0x000000b244500000) (1024K)]
  0x000002a5f3017dd0 JavaThread "Timer-21"                          [_thread_blocked, id=13280, stack(0x000000b244700000,0x000000b244800000) (1024K)]
  0x000002a5f3016390 JavaThread "Connection worker"                 [_thread_in_native, id=23612, stack(0x000000b244500000,0x000000b244600000) (1024K)]
  0x000002a5f3014950 JavaThread "pool-22-thread-1"                  [_thread_blocked, id=16912, stack(0x000000b244a00000,0x000000b244b00000) (1024K)]
  0x000002a5f3018460 JavaThread "Timer-22"                          [_thread_blocked, id=24044, stack(0x000000b244c00000,0x000000b244d00000) (1024K)]
  0x000002a5f3014fe0 JavaThread "Worker-24: Initialize workspace"        [_thread_blocked, id=24236, stack(0x000000b244d00000,0x000000b244e00000) (1024K)]
  0x000002a5f3019ea0 JavaThread "Worker-25: Initialize workspace"        [_thread_blocked, id=24652, stack(0x000000b240f00000,0x000000b241000000) (1024K)]
  0x000002a5f3019180 JavaThread "Connection worker"                 [_thread_in_native, id=24668, stack(0x000000b244e00000,0x000000b244f00000) (1024K)]
  0x000002a5f301abc0 JavaThread "pool-24-thread-1"                  [_thread_blocked, id=24712, stack(0x000000b245100000,0x000000b245200000) (1024K)]
  0x000002a5f301a530 JavaThread "Timer-23"                          [_thread_blocked, id=24848, stack(0x000000b242600000,0x000000b242700000) (1024K)]
  0x000002a5f3019810 JavaThread "Worker-26: Initialize workspace"        [_thread_blocked, id=24996, stack(0x000000b242700000,0x000000b242800000) (1024K)]
  0x000002a5f301b250 JavaThread "Connection worker"                 [_thread_in_native, id=25000, stack(0x000000b242900000,0x000000b242a00000) (1024K)]
  0x000002a5f301bf70 JavaThread "pool-25-thread-1"                  [_thread_blocked, id=25032, stack(0x000000b242c00000,0x000000b242d00000) (1024K)]
  0x000002a5eae95930 JavaThread "Timer-24"                          [_thread_blocked, id=25100, stack(0x000000b245200000,0x000000b245300000) (1024K)]
  0x000002a5eae9b510 JavaThread "Worker-27: Initialize workspace"        [_thread_blocked, id=25316, stack(0x000000b245400000,0x000000b245500000) (1024K)]
  0x000002a5e731eb30 JavaThread "Connection worker"                 [_thread_in_native, id=25320, stack(0x000000b245600000,0x000000b245700000) (1024K)]
  0x000002a5e75c0dc0 JavaThread "pool-26-thread-1"                  [_thread_blocked, id=25336, stack(0x000000b245800000,0x000000b245900000) (1024K)]
  0x000002a5e75bd940 JavaThread "Timer-25"                          [_thread_blocked, id=25408, stack(0x000000b245b00000,0x000000b245c00000) (1024K)]
  0x000002a5e75bf380 JavaThread "Connection worker"                 [_thread_in_native, id=25596, stack(0x000000b245700000,0x000000b245800000) (1024K)]
  0x000002a5e75be660 JavaThread "Worker-28: Initialize workspace"        [_thread_blocked, id=23984, stack(0x000000b245c00000,0x000000b245d00000) (1024K)]
  0x000002a5f301b8e0 JavaThread "pool-27-thread-1"                  [_thread_blocked, id=23684, stack(0x000000b246100000,0x000000b246200000) (1024K)]
  0x000002a5e9b8bca0 JavaThread "Timer-26"                          [_thread_blocked, id=24764, stack(0x000000b246300000,0x000000b246400000) (1024K)]
  0x000002a5e9b8c330 JavaThread "Worker-29: Initialize workspace"        [_thread_blocked, id=5136, stack(0x000000b245d00000,0x000000b245e00000) (1024K)]
  0x000002a5e9b8c9c0 JavaThread "Timer-27"                          [_thread_blocked, id=8384, stack(0x000000b246500000,0x000000b246600000) (1024K)]
  0x000002a5e9b8dd70 JavaThread "Connection worker"                 [_thread_in_native, id=9044, stack(0x000000b243200000,0x000000b243300000) (1024K)]
  0x000002a5e9b8b610 JavaThread "Connection worker"                 [_thread_in_native, id=25604, stack(0x000000b243400000,0x000000b243500000) (1024K)]
  0x000002a5e9b8d6e0 JavaThread "Worker-30: Initialize workspace"        [_thread_blocked, id=25608, stack(0x000000b246400000,0x000000b246500000) (1024K)]
  0x000002a5e93c7f90 JavaThread "pool-28-thread-1"                  [_thread_blocked, id=25628, stack(0x000000b246800000,0x000000b246900000) (1024K)]
  0x000002a5e8860150 JavaThread "pool-29-thread-1"                  [_thread_blocked, id=25632, stack(0x000000b246900000,0x000000b246a00000) (1024K)]
  0x000002a5f2f7d4b0 JavaThread "Timer-28"                          [_thread_blocked, id=25732, stack(0x000000b246b00000,0x000000b246c00000) (1024K)]
  0x000002a5f2f7f580 JavaThread "Worker-31: Initialize workspace"        [_thread_blocked, id=25860, stack(0x000000b246700000,0x000000b246800000) (1024K)]
  0x000002a5f2f7e860 JavaThread "Connection worker"                 [_thread_in_native, id=25864, stack(0x000000b246e00000,0x000000b246f00000) (1024K)]
  0x000002a5f2f7fc10 JavaThread "pool-30-thread-1"                  [_thread_blocked, id=25916, stack(0x000000b247100000,0x000000b247200000) (1024K)]
  0x000002a5f2f7c790 JavaThread "Timer-29"                          [_thread_blocked, id=25960, stack(0x000000b243d00000,0x000000b243e00000) (1024K)]
  0x000002a5f2f7c100 JavaThread "Worker-32: Initialize workspace"        [_thread_blocked, id=26152, stack(0x000000b243f00000,0x000000b244000000) (1024K)]
  0x000002a5f2f7ce20 JavaThread "Timer-30"                          [_thread_blocked, id=26284, stack(0x000000b242100000,0x000000b242200000) (1024K)]
  0x000002a5f2f81ce0 JavaThread "Connection worker"                 [_thread_in_native, id=26440, stack(0x000000b243600000,0x000000b243700000) (1024K)]
  0x000002a5f2f82370 JavaThread "Connection worker"                 [_thread_in_native, id=26444, stack(0x000000b243800000,0x000000b243900000) (1024K)]
  0x000002a5f2f80930 JavaThread "Worker-33: Initialize workspace"        [_thread_blocked, id=26448, stack(0x000000b244300000,0x000000b244400000) (1024K)]
  0x000002a5f2f802a0 JavaThread "pool-31-thread-1"                  [_thread_blocked, id=26456, stack(0x000000b244800000,0x000000b244900000) (1024K)]
  0x000002a5f2f80fc0 JavaThread "pool-32-thread-1"                  [_thread_blocked, id=26488, stack(0x000000b247000000,0x000000b247100000) (1024K)]
  0x000002a5f2f81650 JavaThread "Timer-31"                          [_thread_blocked, id=26508, stack(0x000000b247200000,0x000000b247300000) (1024K)]
  0x000002a5f2f83090 JavaThread "Connection worker"                 [_thread_in_native, id=25340, stack(0x000000b244600000,0x000000b244700000) (1024K)]
  0x000002a5e7319c70 JavaThread "pool-33-thread-1"                  [_thread_blocked, id=25852, stack(0x000000b247600000,0x000000b247700000) (1024K)]
  0x000002a5e731f1c0 JavaThread "Timer-32"                          [_thread_blocked, id=25752, stack(0x000000b247800000,0x000000b247900000) (1024K)]
  0x000002a5eae99ad0 JavaThread "Worker-34: Initialize workspace"        [_thread_blocked, id=26132, stack(0x000000b247900000,0x000000b247a00000) (1024K)]
  0x000002a5f3017740 JavaThread "Worker-35: Initialize workspace"        [_thread_blocked, id=26576, stack(0x000000b247500000,0x000000b247600000) (1024K)]
  0x000002a5eacffc60 JavaThread "Timer-33"                          [_thread_blocked, id=26616, stack(0x000000b247e00000,0x000000b247f00000) (1024K)]
  0x000002a5eacfdb90 JavaThread "Connection worker"                 [_thread_in_native, id=17816, stack(0x000000b247c00000,0x000000b247d00000) (1024K)]
  0x000002a5eacfce70 JavaThread "Worker-36: Initialize workspace"        [_thread_blocked, id=25376, stack(0x000000b247f00000,0x000000b248000000) (1024K)]
  0x000002a5eacff5d0 JavaThread "Connection worker"                 [_thread_in_native, id=26532, stack(0x000000b248100000,0x000000b248200000) (1024K)]
  0x000002a5eacfe8b0 JavaThread "pool-34-thread-1"                  [_thread_blocked, id=26660, stack(0x000000b248200000,0x000000b248300000) (1024K)]
  0x000002a5eacfc150 JavaThread "pool-35-thread-1"                  [_thread_blocked, id=26664, stack(0x000000b248300000,0x000000b248400000) (1024K)]
  0x000002a5eacfef40 JavaThread "Timer-34"                          [_thread_blocked, id=26688, stack(0x000000b248500000,0x000000b248600000) (1024K)]
  0x000002a5eacfc7e0 JavaThread "Worker-37: Initialize workspace"        [_thread_blocked, id=26780, stack(0x000000b248000000,0x000000b248100000) (1024K)]
  0x000002a5ead002f0 JavaThread "Connection worker"                 [_thread_in_native, id=26784, stack(0x000000b248600000,0x000000b248700000) (1024K)]
  0x000002a5ead016a0 JavaThread "pool-36-thread-1"                  [_thread_blocked, id=26856, stack(0x000000b248900000,0x000000b248a00000) (1024K)]
  0x000002a5eacfe220 JavaThread "Timer-35"                          [_thread_blocked, id=26924, stack(0x000000b248a00000,0x000000b248b00000) (1024K)]
  0x000002a5ead01d30 JavaThread "Worker-38: Initialize workspace"        [_thread_blocked, id=27148, stack(0x000000b244b00000,0x000000b244c00000) (1024K)]
  0x000002a5ead03770 JavaThread "Connection worker"                 [_thread_in_native, id=27152, stack(0x000000b244f00000,0x000000b245000000) (1024K)]
  0x000002a5ead051b0 JavaThread "pool-37-thread-1"                  [_thread_blocked, id=27252, stack(0x000000b248c00000,0x000000b248d00000) (1024K)]
  0x000002a5ead05840 JavaThread "Timer-36"                          [_thread_blocked, id=27312, stack(0x000000b248d00000,0x000000b248e00000) (1024K)]
  0x000002a5ead02a50 JavaThread "Worker-39: Initialize workspace"        [_thread_blocked, id=27544, stack(0x000000b248700000,0x000000b248800000) (1024K)]
  0x000002a5ead00980 JavaThread "Connection worker"                 [_thread_in_native, id=27548, stack(0x000000b249100000,0x000000b249200000) (1024K)]
  0x000002a5ead08630 JavaThread "pool-38-thread-1"                  [_thread_blocked, id=27604, stack(0x000000b249700000,0x000000b249800000) (1024K)]
  0x000002a5ead099e0 JavaThread "Timer-37"                          [_thread_blocked, id=17404, stack(0x000000b249300000,0x000000b249400000) (1024K)]
  0x000002a5ead06560 JavaThread "Worker-40: Initialize workspace"        [_thread_blocked, id=23356, stack(0x000000b249200000,0x000000b249300000) (1024K)]
  0x000002a5ead07280 JavaThread "Timer-38"                          [_thread_blocked, id=26356, stack(0x000000b249800000,0x000000b249900000) (1024K)]
  0x000002a5ead06bf0 JavaThread "Connection worker"                 [_thread_in_native, id=27552, stack(0x000000b249500000,0x000000b249600000) (1024K)]
  0x000002a5ead0a700 JavaThread "Connection worker"                 [_thread_in_native, id=27388, stack(0x000000b249c00000,0x000000b249d00000) (1024K)]
  0x000002a5ead08cc0 JavaThread "Worker-41: Initialize workspace"        [_thread_blocked, id=26964, stack(0x000000b249e00000,0x000000b249f00000) (1024K)]
  0x000002a5ead07fa0 JavaThread "pool-39-thread-1"                  [_thread_blocked, id=27064, stack(0x000000b24a000000,0x000000b24a100000) (1024K)]
  0x000002a5f3015670 JavaThread "pool-40-thread-1"                  [_thread_blocked, id=22432, stack(0x000000b24a100000,0x000000b24a200000) (1024K)]
  0x000002a5ea49b2a0 JavaThread "Timer-39"                          [_thread_blocked, id=27756, stack(0x000000b24a300000,0x000000b24a400000) (1024K)]
  0x000002a5ea49cce0 JavaThread "Worker-42: Initialize workspace"        [_thread_blocked, id=27776, stack(0x000000b24a400000,0x000000b24a500000) (1024K)]
  0x000002a5ea49d370 JavaThread "Timer-40"                          [_thread_blocked, id=28080, stack(0x000000b24a600000,0x000000b24a700000) (1024K)]
  0x000002a5ea49da00 JavaThread "Connection worker"                 [_thread_in_native, id=28372, stack(0x000000b249f00000,0x000000b24a000000) (1024K)]
  0x000002a5ea49b930 JavaThread "pool-41-thread-1"                  [_thread_blocked, id=28428, stack(0x000000b24aa00000,0x000000b24ab00000) (1024K)]
  0x000002a5ea49fad0 JavaThread "Timer-41"                          [_thread_blocked, id=28580, stack(0x000000b24ac00000,0x000000b24ad00000) (1024K)]
  0x000002a5ea4a0e80 JavaThread "Worker-43: Initialize workspace"        [_thread_blocked, id=28632, stack(0x000000b24ae00000,0x000000b24af00000) (1024K)]
  0x000002a5ea49edb0 JavaThread "Worker-44: Initialize workspace"        [_thread_blocked, id=27824, stack(0x000000b24a800000,0x000000b24a900000) (1024K)]
  0x000002a5ea4a1510 JavaThread "Connection worker"                 [_thread_in_native, id=27772, stack(0x000000b24af00000,0x000000b24b000000) (1024K)]
  0x000002a5ea4a0160 JavaThread "pool-42-thread-1"                  [_thread_blocked, id=24328, stack(0x000000b24b000000,0x000000b24b100000) (1024K)]
  0x000002a5ea4a07f0 JavaThread "Connection worker"                 [_thread_in_native, id=27760, stack(0x000000b24b100000,0x000000b24b200000) (1024K)]
  0x000002a5ea49e090 JavaThread "pool-43-thread-1"                  [_thread_blocked, id=19248, stack(0x000000b24b200000,0x000000b24b300000) (1024K)]
  0x000002a5ea4a4990 JavaThread "Timer-42"                          [_thread_blocked, id=26020, stack(0x000000b23b800000,0x000000b23b900000) (1024K)]
  0x000002a5ea4a2230 JavaThread "Connection worker"                 [_thread_in_native, id=29044, stack(0x000000b23f700000,0x000000b23f800000) (1024K)]
  0x000002a5ea4a35e0 JavaThread "pool-44-thread-1"                  [_thread_blocked, id=29048, stack(0x000000b242a00000,0x000000b242b00000) (1024K)]
  0x000002a5ea4a70f0 JavaThread "Timer-43"                          [_thread_blocked, id=29268, stack(0x000000b245e00000,0x000000b245f00000) (1024K)]
  0x000002a5ea4a63d0 JavaThread "Worker-45: Initialize workspace"        [_thread_blocked, id=29292, stack(0x000000b246600000,0x000000b246700000) (1024K)]
  0x000002a5ea4a5d40 JavaThread "Worker-46: Initialize workspace"        [_thread_blocked, id=29388, stack(0x000000b245300000,0x000000b245400000) (1024K)]
  0x000002a5ea4a9850 JavaThread "Timer-44"                          [_thread_blocked, id=29684, stack(0x000000b245900000,0x000000b245a00000) (1024K)]
  0x000002a5ea4a3c70 JavaThread "Connection worker"                 [_thread_in_native, id=28848, stack(0x000000b245500000,0x000000b245600000) (1024K)]
  0x000002a5ea4aa570 JavaThread "Connection worker"                 [_thread_in_native, id=28908, stack(0x000000b245f00000,0x000000b246000000) (1024K)]
  0x000002a5ea4a7780 JavaThread "pool-45-thread-1"                  [_thread_blocked, id=28880, stack(0x000000b246c00000,0x000000b246d00000) (1024K)]
  0x000002a5ea4a91c0 JavaThread "pool-46-thread-1"                  [_thread_blocked, id=26000, stack(0x000000b248400000,0x000000b248500000) (1024K)]
  0x000002a5ea4a84a0 JavaThread "Timer-45"                          [_thread_blocked, id=11672, stack(0x000000b24b300000,0x000000b24b400000) (1024K)]
  0x000002a5e75c0730 JavaThread "Timer-46"                          [_thread_blocked, id=29416, stack(0x000000b24bb00000,0x000000b24bc00000) (1024K)]
  0x000002a5ead0b420 JavaThread "Connection worker"                 [_thread_in_native, id=10304, stack(0x000000b246d00000,0x000000b246e00000) (1024K)]
  0x000002a5f2f7db40 JavaThread "Worker-50: Initialize workspace"        [_thread_blocked, id=21568, stack(0x000000b246f00000,0x000000b247000000) (1024K)]
  0x000002a5f2f7e1d0 JavaThread "pool-47-thread-1"                  [_thread_blocked, id=14176, stack(0x000000b24bf00000,0x000000b24c000000) (1024K)]
  0x000002a5eae9c8c0 JavaThread "Timer-47"                          [_thread_blocked, id=18076, stack(0x000000b249d00000,0x000000b249e00000) (1024K)]
  0x000002a5ead01010 JavaThread "Connection worker"                 [_thread_in_native, id=15452, stack(0x000000b246a00000,0x000000b246b00000) (1024K)]
  0x000002a5ead04b20 JavaThread "pool-48-thread-1"                  [_thread_blocked, id=14656, stack(0x000000b247300000,0x000000b247400000) (1024K)]
  0x000002a5ead07910 JavaThread "Connection worker"                 [_thread_in_native, id=25256, stack(0x000000b247400000,0x000000b247500000) (1024K)]
  0x000002a5ead09350 JavaThread "pool-49-thread-1"                  [_thread_blocked, id=28936, stack(0x000000b246000000,0x000000b246100000) (1024K)]
  0x000002a5ea49bfc0 JavaThread "Timer-48"                          [_thread_blocked, id=30252, stack(0x000000b249000000,0x000000b249100000) (1024K)]
  0x000002a5ead030e0 JavaThread "Worker-54: Initialize workspace"        [_thread_blocked, id=30468, stack(0x000000b249600000,0x000000b249700000) (1024K)]
  0x000002a5ead023c0 JavaThread "Connection worker"                 [_thread_in_native, id=24364, stack(0x000000b247d00000,0x000000b247e00000) (1024K)]
  0x000002a5ead05ed0 JavaThread "pool-50-thread-1"                  [_thread_blocked, id=24360, stack(0x000000b248b00000,0x000000b248c00000) (1024K)]
  0x000002a5ead03e00 JavaThread "Timer-49"                          [_thread_blocked, id=30184, stack(0x000000b248e00000,0x000000b248f00000) (1024K)]
  0x000002a5e9b8d050 JavaThread "Worker-63: Initialize workspace"        [_thread_blocked, id=29888, stack(0x000000b249900000,0x000000b249a00000) (1024K)]
  0x000002a5ead04490 JavaThread "Connection worker"                 [_thread_in_native, id=17076, stack(0x000000b24a500000,0x000000b24a600000) (1024K)]
  0x000002a5ead0ad90 JavaThread "pool-51-thread-1"                  [_thread_blocked, id=30040, stack(0x000000b247a00000,0x000000b247b00000) (1024K)]
  0x000002a5ea4a5020 JavaThread "Timer-50"                          [_thread_blocked, id=5960, stack(0x000000b24a700000,0x000000b24a800000) (1024K)]
  0x000002a5f3015d00 JavaThread "Worker-73: Initialize workspace"        [_thread_blocked, id=31488, stack(0x000000b23e000000,0x000000b23e100000) (1024K)]
  0x000002a5ea49c650 JavaThread "Connection worker"                 [_thread_in_native, id=31544, stack(0x000000b247700000,0x000000b247800000) (1024K)]
  0x000002a5ea4a1ba0 JavaThread "pool-52-thread-1"                  [_thread_blocked, id=31568, stack(0x000000b247b00000,0x000000b247c00000) (1024K)]
  0x000002a5ea4a2f50 JavaThread "Timer-51"                          [_thread_blocked, id=31980, stack(0x000000b246200000,0x000000b246300000) (1024K)]
  0x000002a5ea49e720 JavaThread "Worker-83: Initialize workspace"        [_thread_blocked, id=32548, stack(0x000000b248f00000,0x000000b249000000) (1024K)]
  0x000002a5ea4a4300 JavaThread "Connection worker"                 [_thread_in_native, id=31916, stack(0x000000b24a200000,0x000000b24a300000) (1024K)]
  0x000002a5ea49f440 JavaThread "pool-53-thread-1"                  [_thread_blocked, id=32468, stack(0x000000b248800000,0x000000b248900000) (1024K)]
  0x000002a5e75bfa10 JavaThread "Timer-52"                          [_thread_blocked, id=32164, stack(0x000000b24ad00000,0x000000b24ae00000) (1024K)]
  0x000002a5f2f7eef0 JavaThread "Worker-94: Initialize workspace"        [_thread_blocked, id=2208, stack(0x000000b245a00000,0x000000b245b00000) (1024K)]
  0x000002a5ea4a28c0 JavaThread "Timer-53"                          [_thread_blocked, id=28656, stack(0x000000b249400000,0x000000b249500000) (1024K)]
  0x000002a5ea4a56b0 JavaThread "Worker-105: Initialize workspace"        [_thread_blocked, id=24524, stack(0x000000b249a00000,0x000000b249b00000) (1024K)]
  0x000002a5ea4a9ee0 JavaThread "Connection worker"                 [_thread_in_native, id=26720, stack(0x000000b24ab00000,0x000000b24ac00000) (1024K)]
  0x000002a5eae9a160 JavaThread "pool-54-thread-1"                  [_thread_blocked, id=32524, stack(0x000000b24b500000,0x000000b24b600000) (1024K)]
  0x000002a5eae9bba0 JavaThread "Timer-54"                          [_thread_blocked, id=32008, stack(0x000000b24b700000,0x000000b24b800000) (1024K)]
  0x000002a5e75bdfd0 JavaThread "Worker-110: Initialize workspace"        [_thread_blocked, id=32004, stack(0x000000b24b600000,0x000000b24b700000) (1024K)]
  0x000002a5e9b8e400 JavaThread "Connection worker"                 [_thread_in_native, id=32780, stack(0x000000b24c100000,0x000000b24c200000) (1024K)]
  0x000002a5eacfd500 JavaThread "pool-55-thread-1"                  [_thread_blocked, id=32816, stack(0x000000b24a900000,0x000000b24aa00000) (1024K)]
  0x000002a5ea4a6a60 JavaThread "Timer-55"                          [_thread_blocked, id=32892, stack(0x000000b24c200000,0x000000b24c300000) (1024K)]
  0x000002a5e731e4a0 JavaThread "Connection worker"                 [_thread_in_native, id=33052, stack(0x000000b24be00000,0x000000b24bf00000) (1024K)]
  0x000002a5e731b020 JavaThread "Worker-121: Initialize workspace"        [_thread_blocked, id=33060, stack(0x000000b24c000000,0x000000b24c100000) (1024K)]
  0x000002a5e9b8ea90 JavaThread "Connection worker"                 [_thread_in_native, id=33080, stack(0x000000b24c500000,0x000000b24c600000) (1024K)]
  0x000002a5f30170b0 JavaThread "pool-56-thread-1"                  [_thread_blocked, id=33092, stack(0x000000b24c700000,0x000000b24c800000) (1024K)]
  0x000002a5eacdb220 JavaThread "pool-57-thread-1"                  [_thread_blocked, id=33116, stack(0x000000b24c400000,0x000000b24c500000) (1024K)]
  0x000002a5eacdb8b0 JavaThread "Timer-56"                          [_thread_blocked, id=33164, stack(0x000000b24cc00000,0x000000b24cd00000) (1024K)]
  0x000002a5eacda500 JavaThread "Worker-130: Initialize workspace"        [_thread_blocked, id=33276, stack(0x000000b24c800000,0x000000b24c900000) (1024K)]
  0x000002a5eacdd2f0 JavaThread "Timer-57"                          [_thread_blocked, id=33396, stack(0x000000b24cf00000,0x000000b24d000000) (1024K)]
  0x000002a5eacdab90 JavaThread "Worker-138: Initialize workspace"        [_thread_blocked, id=33596, stack(0x000000b24c600000,0x000000b24c700000) (1024K)]
  0x000002a5eacd8ac0 JavaThread "Connection worker"                 [_thread_in_native, id=33600, stack(0x000000b24d000000,0x000000b24d100000) (1024K)]
  0x000002a5eacdd980 JavaThread "pool-58-thread-1"                  [_thread_blocked, id=33624, stack(0x000000b24d200000,0x000000b24d300000) (1024K)]
  0x000002a5eacdfa50 JavaThread "Timer-58"                          [_thread_blocked, id=33700, stack(0x000000b24d400000,0x000000b24d500000) (1024K)]
  0x000002a5eacdc5d0 JavaThread "Worker-144: Initialize workspace"        [_thread_blocked, id=32936, stack(0x000000b24cd00000,0x000000b24ce00000) (1024K)]
  0x000002a5eacde6a0 JavaThread "Timer-59"                          [_thread_blocked, id=33064, stack(0x000000b24d500000,0x000000b24d600000) (1024K)]
  0x000002a5eacdcc60 JavaThread "Worker-151: Initialize workspace"        [_thread_blocked, id=33708, stack(0x000000b24d700000,0x000000b24d800000) (1024K)]
  0x000002a5eace00e0 JavaThread "Timer-60"                          [_thread_blocked, id=33460, stack(0x000000b24d800000,0x000000b24d900000) (1024K)]
  0x000002a5eace0e00 JavaThread "Worker-159: Initialize workspace"        [_thread_blocked, id=33832, stack(0x000000b24d100000,0x000000b24d200000) (1024K)]
  0x000002a5eace1490 JavaThread "Connection worker"                 [_thread_in_native, id=33860, stack(0x000000b24da00000,0x000000b24db00000) (1024K)]
  0x000002a5eace1b20 JavaThread "pool-59-thread-1"                  [_thread_blocked, id=33864, stack(0x000000b24db00000,0x000000b24dc00000) (1024K)]
  0x000002a5eace4910 JavaThread "Timer-61"                          [_thread_blocked, id=33896, stack(0x000000b24de00000,0x000000b24df00000) (1024K)]
  0x000002a5eacdbf40 JavaThread "Worker-166: Initialize workspace"        [_thread_blocked, id=33952, stack(0x000000b24ca00000,0x000000b24cb00000) (1024K)]
  0x000002a5eace3bf0 JavaThread "Connection worker"                 [_thread_in_native, id=33984, stack(0x000000b24df00000,0x000000b24e000000) (1024K)]
  0x000002a5eace21b0 JavaThread "PatternSearchJob-worker-5"  daemon [_thread_blocked, id=33996, stack(0x000000b24e300000,0x000000b24e400000) (1024K)]
  0x000002a5eace5cc0 JavaThread "PatternSearchJob-worker-6"  daemon [_thread_blocked, id=34000, stack(0x000000b24e200000,0x000000b24e300000) (1024K)]
  0x000002a5eace2840 JavaThread "PatternSearchJob-worker-7"  daemon [_thread_blocked, id=34004, stack(0x000000b24e400000,0x000000b24e500000) (1024K)]
  0x000002a5eace6350 JavaThread "pool-60-thread-1"                  [_thread_blocked, id=34024, stack(0x000000b24e500000,0x000000b24e600000) (1024K)]
  0x000002a5eace2ed0 JavaThread "Connection worker"                 [_thread_in_native, id=34068, stack(0x000000b24e700000,0x000000b24e800000) (1024K)]
  0x000002a5eace3560 JavaThread "pool-61-thread-1"                  [_thread_blocked, id=34076, stack(0x000000b24e800000,0x000000b24e900000) (1024K)]
  0x000002a5eace0770 JavaThread "Timer-62"                          [_thread_blocked, id=34164, stack(0x000000b24d900000,0x000000b24da00000) (1024K)]
  0x000002a5eacd9e70 JavaThread "Connection worker"                 [_thread_in_native, id=34392, stack(0x000000b24ce00000,0x000000b24cf00000) (1024K)]
  0x000002a5eace69e0 JavaThread "Worker-181: Initialize workspace"        [_thread_blocked, id=34396, stack(0x000000b24e600000,0x000000b24e700000) (1024K)]
  0x000002a5f2f83720 JavaThread "Connection worker"                 [_thread_in_native, id=34404, stack(0x000000b24ec00000,0x000000b24ed00000) (1024K)]
  0x000002a5eae95fc0 JavaThread "pool-62-thread-1"                  [_thread_blocked, id=34424, stack(0x000000b24ea00000,0x000000b24eb00000) (1024K)]
  0x000002a5e8ca6a90 JavaThread "pool-63-thread-1"                  [_thread_blocked, id=34460, stack(0x000000b24ed00000,0x000000b24ee00000) (1024K)]
  0x000002a5e8ca56e0 JavaThread "Timer-63"                          [_thread_blocked, id=34560, stack(0x000000b249b00000,0x000000b249c00000) (1024K)]
  0x000002a5e8ca49c0 JavaThread "Worker-193: Initialize workspace"        [_thread_blocked, id=34720, stack(0x000000b24b400000,0x000000b24b500000) (1024K)]
  0x000002a5e8ca5d70 JavaThread "Connection worker"                 [_thread_in_native, id=34752, stack(0x000000b24ef00000,0x000000b24f000000) (1024K)]
  0x000002a5e8ca6400 JavaThread "Connection worker"                 [_thread_in_native, id=34760, stack(0x000000b24f000000,0x000000b24f100000) (1024K)]
  0x000002a5e8ca4330 JavaThread "pool-64-thread-1"                  [_thread_blocked, id=34764, stack(0x000000b24bc00000,0x000000b24bd00000) (1024K)]
  0x000002a5e8ca7e40 JavaThread "pool-65-thread-1"                  [_thread_blocked, id=34768, stack(0x000000b24f100000,0x000000b24f200000) (1024K)]
  0x000002a5e8ca84d0 JavaThread "Timer-64"                          [_thread_blocked, id=34792, stack(0x000000b24ba00000,0x000000b24bb00000) (1024K)]
  0x000002a5e8ca5050 JavaThread "Worker-203: Initialize workspace"        [_thread_blocked, id=33232, stack(0x000000b24bd00000,0x000000b24be00000) (1024K)]
  0x000002a5e8ca91f0 JavaThread "Connection worker"                 [_thread_in_native, id=32940, stack(0x000000b24f200000,0x000000b24f300000) (1024K)]
  0x000002a5e8ca9f10 JavaThread "pool-66-thread-1"                  [_thread_blocked, id=32948, stack(0x000000b24c300000,0x000000b24c400000) (1024K)]
  0x000002a5e8ca8b60 JavaThread "Timer-65"                          [_thread_blocked, id=8964, stack(0x000000b24f400000,0x000000b24f500000) (1024K)]
  0x000002a5e8cac670 JavaThread "Worker-212: Initialize workspace"        [_thread_blocked, id=34872, stack(0x000000b24ee00000,0x000000b24ef00000) (1024K)]
  0x000002a5e8ca9880 JavaThread "Connection worker"                 [_thread_in_native, id=34996, stack(0x000000b24fe00000,0x000000b24ff00000) (1024K)]
  0x000002a5e8cad390 JavaThread "pool-67-thread-1"                  [_thread_blocked, id=35040, stack(0x000000b24f300000,0x000000b24f400000) (1024K)]
  0x000002a5e8cab950 JavaThread "Timer-66"                          [_thread_blocked, id=35248, stack(0x000000b250100000,0x000000b250200000) (1024K)]
  0x000002a5e8cae740 JavaThread "Worker-225: Initialize workspace"        [_thread_blocked, id=35452, stack(0x000000b250000000,0x000000b250100000) (1024K)]
  0x000002a5e8cb1530 JavaThread "Connection worker"                 [_thread_in_native, id=35488, stack(0x000000b250400000,0x000000b250500000) (1024K)]
  0x000002a5e8cb0ea0 JavaThread "pool-68-thread-1"                  [_thread_blocked, id=35536, stack(0x000000b24c900000,0x000000b24ca00000) (1024K)]
  0x000002a5e8cafaf0 JavaThread "Timer-67"                          [_thread_blocked, id=35784, stack(0x000000b250700000,0x000000b250800000) (1024K)]
  0x000002a5e8caf460 JavaThread "Worker-239: Initialize workspace"        [_thread_blocked, id=1948, stack(0x000000b24ff00000,0x000000b250000000) (1024K)]
  0x000002a5e8cb0180 JavaThread "Connection worker"                 [_thread_in_native, id=32888, stack(0x000000b250900000,0x000000b250a00000) (1024K)]
  0x000002a5e8cb1bc0 JavaThread "pool-69-thread-1"                  [_thread_blocked, id=33304, stack(0x000000b24cb00000,0x000000b24cc00000) (1024K)]
  0x000002a5eacd97e0 JavaThread "Timer-68"                          [_thread_blocked, id=10216, stack(0x000000b23e100000,0x000000b23e200000) (1024K)]
  0x000002a5eacd9150 JavaThread "Worker-249: Initialize workspace"        [_thread_blocked, id=12216, stack(0x000000b250a00000,0x000000b250b00000) (1024K)]
  0x000002a5ead0a070 JavaThread "Timer-69"                          [_thread_blocked, id=35568, stack(0x000000b250f00000,0x000000b251000000) (1024K)]
  0x000002a5f2f82a00 JavaThread "Worker-257: Initialize workspace"        [_thread_blocked, id=31860, stack(0x000000b251000000,0x000000b251100000) (1024K)]
  0x000002a5e8cb3600 JavaThread "Connection worker"                 [_thread_in_native, id=35280, stack(0x000000b250d00000,0x000000b250e00000) (1024K)]
  0x000002a5e75becf0 JavaThread "pool-70-thread-1"                  [_thread_blocked, id=35476, stack(0x000000b251200000,0x000000b251300000) (1024K)]
  0x000002a5ea7dad30 JavaThread "Connection worker"                 [_thread_in_native, id=25888, stack(0x000000b251300000,0x000000b251400000) (1024K)]
  0x000002a5ea7db3c0 JavaThread "pool-71-thread-1"                  [_thread_blocked, id=34080, stack(0x000000b251100000,0x000000b251200000) (1024K)]
  0x000002a5ea7de840 JavaThread "Timer-70"                          [_thread_blocked, id=36168, stack(0x000000b24d300000,0x000000b24d400000) (1024K)]
  0x000002a5ea7dc0e0 JavaThread "Worker-266: Initialize workspace"        [_thread_blocked, id=36408, stack(0x000000b24d600000,0x000000b24d700000) (1024K)]
  0x000002a5ea7d92f0 JavaThread "Connection worker"                 [_thread_in_native, id=36472, stack(0x000000b251600000,0x000000b251700000) (1024K)]
  0x000002a5ea7dd490 JavaThread "pool-72-thread-1"                  [_thread_blocked, id=36476, stack(0x000000b251500000,0x000000b251600000) (1024K)]
  0x000002a5ea7da6a0 JavaThread "Timer-71"                          [_thread_blocked, id=36536, stack(0x000000b251c00000,0x000000b251d00000) (1024K)]
  0x000002a5ea7dfbf0 JavaThread "Worker-275: Initialize workspace"        [_thread_blocked, id=36748, stack(0x000000b24e000000,0x000000b24e100000) (1024K)]
  0x000002a5ea7e0910 JavaThread "Timer-72"                          [_thread_blocked, id=35888, stack(0x000000b24f600000,0x000000b24f700000) (1024K)]
  0x000002a5ea7dc770 JavaThread "Worker-285: Initialize workspace"        [_thread_blocked, id=34032, stack(0x000000b24eb00000,0x000000b24ec00000) (1024K)]
  0x000002a5ea7ddb20 JavaThread "Connection worker"                 [_thread_in_native, id=34104, stack(0x000000b24f900000,0x000000b24fa00000) (1024K)]
  0x000002a5ea7e0fa0 JavaThread "pool-73-thread-1"                  [_thread_blocked, id=36208, stack(0x000000b251700000,0x000000b251800000) (1024K)]
  0x000002a5ea7de1b0 JavaThread "Connection worker"                 [_thread_in_native, id=36368, stack(0x000000b252000000,0x000000b252100000) (1024K)]
  0x000002a5ea7e1630 JavaThread "pool-74-thread-1"                  [_thread_blocked, id=35808, stack(0x000000b251a00000,0x000000b251b00000) (1024K)]
  0x000002a5ea7deed0 JavaThread "Timer-73"                          [_thread_blocked, id=36776, stack(0x000000b24dc00000,0x000000b24dd00000) (1024K)]
  0x000002a5ea7e3d90 JavaThread "Worker-293: Initialize workspace"        [_thread_blocked, id=33692, stack(0x000000b24e100000,0x000000b24e200000) (1024K)]
  0x000002a5ea7e29e0 JavaThread "Timer-74"                          [_thread_blocked, id=33908, stack(0x000000b251f00000,0x000000b252000000) (1024K)]
  0x000002a5ea7e5140 JavaThread "Worker-302: Initialize workspace"        [_thread_blocked, id=36940, stack(0x000000b251e00000,0x000000b251f00000) (1024K)]
  0x000002a5ea7e57d0 JavaThread "Connection worker"                 [_thread_in_native, id=36948, stack(0x000000b252100000,0x000000b252200000) (1024K)]
  0x000002a5ea7e2350 JavaThread "Connection worker"                 [_thread_in_native, id=36960, stack(0x000000b252600000,0x000000b252700000) (1024K)]
  0x000002a5ea7e7210 JavaThread "pool-75-thread-1"                  [_thread_blocked, id=36996, stack(0x000000b252400000,0x000000b252500000) (1024K)]
  0x000002a5ea7e5e60 JavaThread "pool-76-thread-1"                  [_thread_blocked, id=37008, stack(0x000000b252700000,0x000000b252800000) (1024K)]
  0x000002a5ea7e78a0 JavaThread "Timer-75"                          [_thread_blocked, id=37184, stack(0x000000b252900000,0x000000b252a00000) (1024K)]
  0x000002a5ea7e64f0 JavaThread "Worker-309: Initialize workspace"        [_thread_blocked, id=37456, stack(0x000000b252500000,0x000000b252600000) (1024K)]
  0x000002a5ea7e85c0 JavaThread "Connection worker"                 [_thread_in_native, id=37496, stack(0x000000b252e00000,0x000000b252f00000) (1024K)]
  0x000002a5ea7e3700 JavaThread "pool-77-thread-1"                  [_thread_blocked, id=37544, stack(0x000000b252800000,0x000000b252900000) (1024K)]
  0x000002a5ea7eba40 JavaThread "Timer-76"                          [_thread_blocked, id=37704, stack(0x000000b253000000,0x000000b253100000) (1024K)]
  0x000002a5ea7ec0d0 JavaThread "Worker-317: Initialize workspace"        [_thread_blocked, id=37756, stack(0x000000b253100000,0x000000b253200000) (1024K)]
  0x000002a5ea7e1cc0 JavaThread "Timer-77"                          [_thread_blocked, id=37396, stack(0x000000b24dd00000,0x000000b24de00000) (1024K)]
  0x000002a5ea7e3070 JavaThread "Worker-327: Initialize workspace"        [_thread_blocked, id=37128, stack(0x000000b253200000,0x000000b253300000) (1024K)]
  0x000002a5ea7e8c50 JavaThread "Connection worker"                 [_thread_in_native, id=37832, stack(0x000000b24e900000,0x000000b24ea00000) (1024K)]
  0x000002a5ea7eb3b0 JavaThread "pool-78-thread-1"                  [_thread_blocked, id=37004, stack(0x000000b253600000,0x000000b253700000) (1024K)]
  0x000002a5ea7ec760 JavaThread "Connection worker"                 [_thread_in_native, id=36884, stack(0x000000b253400000,0x000000b253500000) (1024K)]
  0x000002a5ea7ecdf0 JavaThread "pool-79-thread-1"                  [_thread_blocked, id=37012, stack(0x000000b253700000,0x000000b253800000) (1024K)]
  0x000002a5ea7ed480 JavaThread "Timer-78"                          [_thread_blocked, id=37812, stack(0x000000b250600000,0x000000b250700000) (1024K)]
  0x000002a5ea7ee1a0 JavaThread "Worker-339: Initialize workspace"        [_thread_blocked, id=35296, stack(0x000000b253300000,0x000000b253400000) (1024K)]
  0x000002a5ea7f0900 JavaThread "Connection worker"                 [_thread_in_native, id=37376, stack(0x000000b253900000,0x000000b253a00000) (1024K)]
  0x000002a5ea7ee830 JavaThread "pool-80-thread-1"                  [_thread_blocked, id=37364, stack(0x000000b253c00000,0x000000b253d00000) (1024K)]
  0x000002a5ea7edb10 JavaThread "Timer-79"                          [_thread_blocked, id=37272, stack(0x000000b250300000,0x000000b250400000) (1024K)]
  0x000002a5ea7ead20 JavaThread "Worker-347: Initialize workspace"        [_thread_blocked, id=37928, stack(0x000000b24f500000,0x000000b24f600000) (1024K)]
  0x000002a5ea7f2340 JavaThread "Connection worker"                 [_thread_in_native, id=37996, stack(0x000000b253a00000,0x000000b253b00000) (1024K)]
  0x000002a5ea7e9970 JavaThread "pool-81-thread-1"                  [_thread_blocked, id=38000, stack(0x000000b24f700000,0x000000b24f800000) (1024K)]
  0x000002a5ea7eeec0 JavaThread "Timer-80"                          [_thread_blocked, id=38080, stack(0x000000b253d00000,0x000000b253e00000) (1024K)]
  0x000002a5ea7efbe0 JavaThread "Worker-353: Initialize workspace"        [_thread_blocked, id=38128, stack(0x000000b253b00000,0x000000b253c00000) (1024K)]
  0x000002a5ea7f1cb0 JavaThread "Timer-81"                          [_thread_blocked, id=38272, stack(0x000000b24fb00000,0x000000b24fc00000) (1024K)]
  0x000002a5ea7f4aa0 JavaThread "Worker-361: Initialize workspace"        [_thread_blocked, id=38488, stack(0x000000b253800000,0x000000b253900000) (1024K)]
  0x000002a5ea7f0f90 JavaThread "Timer-82"                          [_thread_blocked, id=38832, stack(0x000000b24fa00000,0x000000b24fb00000) (1024K)]
  0x000002a5ea7f36f0 JavaThread "Worker-371: Initialize workspace"        [_thread_blocked, id=33144, stack(0x000000b24fd00000,0x000000b24fe00000) (1024K)]
  0x000002a5ea7f3060 JavaThread "Connection worker"                 [_thread_in_native, id=37448, stack(0x000000b250e00000,0x000000b250f00000) (1024K)]
  0x000002a5ea7f5130 JavaThread "pool-82-thread-1"                  [_thread_blocked, id=24428, stack(0x000000b250c00000,0x000000b250d00000) (1024K)]
  0x000002a5ea7f7200 JavaThread "Timer-83"                          [_thread_blocked, id=37792, stack(0x000000b254600000,0x000000b254700000) (1024K)]
  0x000002a5ea7f4410 JavaThread "Worker-387: Initialize workspace"        [_thread_blocked, id=36988, stack(0x000000b253e00000,0x000000b253f00000) (1024K)]
  0x000002a5ea7f7890 JavaThread "Connection worker"                 [_thread_in_native, id=38060, stack(0x000000b254700000,0x000000b254800000) (1024K)]
  0x000002a5ea7f7f20 JavaThread "Connection worker"                 [_thread_in_native, id=38048, stack(0x000000b254800000,0x000000b254900000) (1024K)]
  0x000002a5e8ca77b0 JavaThread "pool-83-thread-1"                  [_thread_blocked, id=38140, stack(0x000000b254500000,0x000000b254600000) (1024K)]
  0x000002a5e8cab2c0 JavaThread "pool-84-thread-1"                  [_thread_blocked, id=36020, stack(0x000000b254c00000,0x000000b254d00000) (1024K)]
  0x000002a5e8cb2250 JavaThread "Timer-84"                          [_thread_blocked, id=38552, stack(0x000000b255100000,0x000000b255200000) (1024K)]
  0x000002a5eace7700 JavaThread "Worker-400: Initialize workspace"        [_thread_blocked, id=37956, stack(0x000000b254900000,0x000000b254a00000) (1024K)]
  0x000002a5eace7d90 JavaThread "Connection worker"                 [_thread_in_native, id=38276, stack(0x000000b255500000,0x000000b255600000) (1024K)]
  0x000002a5e8cb0810 JavaThread "pool-86-thread-1"                  [_thread_blocked, id=38312, stack(0x000000b250800000,0x000000b250900000) (1024K)]
  0x000002a5e8caedd0 JavaThread "Timer-85"                          [_thread_blocked, id=37960, stack(0x000000b255700000,0x000000b255800000) (1024K)]
  0x000002a5ea7f6b70 JavaThread "Worker-406: Initialize workspace"        [_thread_blocked, id=39012, stack(0x000000b255200000,0x000000b255300000) (1024K)]
  0x000002a5eace4fa0 JavaThread "Timer-86"                          [_thread_blocked, id=39160, stack(0x000000b255c00000,0x000000b255d00000) (1024K)]
  0x000002a5ea7f3d80 JavaThread "Worker-414: Initialize workspace"        [_thread_blocked, id=39616, stack(0x000000b24fc00000,0x000000b24fd00000) (1024K)]
  0x000002a5e8cb28e0 JavaThread "Connection worker"                 [_thread_in_native, id=39636, stack(0x000000b255a00000,0x000000b255b00000) (1024K)]
  0x000002a5e8cb2f70 JavaThread "pool-87-thread-1"                  [_thread_blocked, id=39776, stack(0x000000b255d00000,0x000000b255e00000) (1024K)]
  0x000002a5ea7e4ab0 JavaThread "Connection worker"                 [_thread_in_native, id=39916, stack(0x000000b252c00000,0x000000b252d00000) (1024K)]
  0x000002a5ea7ea000 JavaThread "pool-88-thread-1"                  [_thread_blocked, id=39924, stack(0x000000b250200000,0x000000b250300000) (1024K)]
  0x000002a5ea7d8c60 JavaThread "Timer-87"                          [_thread_blocked, id=23236, stack(0x000000b250b00000,0x000000b250c00000) (1024K)]
  0x000002a5eacded30 JavaThread "Worker-423: Initialize workspace"        [_thread_blocked, id=39908, stack(0x000000b255e00000,0x000000b255f00000) (1024K)]
  0x000002a5ea7f1620 JavaThread "Connection worker"                 [_thread_in_native, id=38208, stack(0x000000b252d00000,0x000000b252e00000) (1024K)]
  0x000002a5e8caa5a0 JavaThread "pool-89-thread-1"                  [_thread_blocked, id=38500, stack(0x000000b255900000,0x000000b255a00000) (1024K)]
  0x000002a5f2f38f90 JavaThread "Timer-88"                          [_thread_blocked, id=38588, stack(0x000000b256100000,0x000000b256200000) (1024K)]
  0x000002a5f2f3b060 JavaThread "Worker-435: Initialize workspace"        [_thread_blocked, id=40196, stack(0x000000b251900000,0x000000b251a00000) (1024K)]
  0x000002a5f2f38270 JavaThread "Timer-89"                          [_thread_blocked, id=40328, stack(0x000000b251b00000,0x000000b251c00000) (1024K)]
  0x000002a5f2f3a340 JavaThread "Worker-443: Initialize workspace"        [_thread_blocked, id=40584, stack(0x000000b251d00000,0x000000b251e00000) (1024K)]
  0x000002a5f2f3ff20 JavaThread "Connection worker"                 [_thread_in_native, id=40644, stack(0x000000b256a00000,0x000000b256b00000) (1024K)]
  0x000002a5f2f38900 JavaThread "pool-90-thread-1"                  [_thread_blocked, id=40664, stack(0x000000b256600000,0x000000b256700000) (1024K)]
  0x000002a5f2f3d7c0 JavaThread "Connection worker"                 [_thread_in_native, id=40688, stack(0x000000b256900000,0x000000b256a00000) (1024K)]
  0x000002a5f2f3c410 JavaThread "pool-91-thread-1"                  [_thread_blocked, id=40700, stack(0x000000b256000000,0x000000b256100000) (1024K)]
  0x000002a5f2f3b6f0 JavaThread "Timer-90"                          [_thread_blocked, id=40812, stack(0x000000b256d00000,0x000000b256e00000) (1024K)]
  0x000002a5f2f405b0 JavaThread "Worker-454: Initialize workspace"        [_thread_blocked, id=37120, stack(0x000000b254100000,0x000000b254200000) (1024K)]
  0x000002a5f2f40c40 JavaThread "Timer-91"                          [_thread_blocked, id=32120, stack(0x000000b256b00000,0x000000b256c00000) (1024K)]
  0x000002a5f2f3d130 JavaThread "Worker-461: Initialize workspace"        [_thread_blocked, id=40880, stack(0x000000b254000000,0x000000b254100000) (1024K)]
  0x000002a5f2f3eb70 JavaThread "Connection worker"                 [_thread_in_native, id=32828, stack(0x000000b256e00000,0x000000b256f00000) (1024K)]
  0x000002a5f2f41ff0 JavaThread "pool-92-thread-1"                  [_thread_blocked, id=33992, stack(0x000000b257300000,0x000000b257400000) (1024K)]
  0x000002a5f2f45470 JavaThread "Timer-92"                          [_thread_blocked, id=25512, stack(0x000000b257500000,0x000000b257600000) (1024K)]
  0x000002a5f2f45b00 JavaThread "Worker-466: Initialize workspace"        [_thread_blocked, id=41032, stack(0x000000b257600000,0x000000b257700000) (1024K)]
  0x000002a5f2f440c0 JavaThread "Connection worker"                 [_thread_in_native, id=41044, stack(0x000000b257400000,0x000000b257500000) (1024K)]
  0x000002a5f2f44750 JavaThread "pool-93-thread-1"                  [_thread_blocked, id=41120, stack(0x000000b252300000,0x000000b252400000) (1024K)]
  0x000002a5f2f44de0 JavaThread "Timer-93"                          [_thread_blocked, id=41188, stack(0x000000b257100000,0x000000b257200000) (1024K)]
  0x000002a5f2f433a0 JavaThread "Worker-474: Initialize workspace"        [_thread_blocked, id=41260, stack(0x000000b252200000,0x000000b252300000) (1024K)]
  0x000002a5f2f41960 JavaThread "Connection worker"                 [_thread_in_native, id=41336, stack(0x000000b257a00000,0x000000b257b00000) (1024K)]
  0x000002a5f2f42680 JavaThread "Connection worker"                 [_thread_in_native, id=41348, stack(0x000000b253500000,0x000000b253600000) (1024K)]
  0x000002a5f2f46190 JavaThread "pool-94-thread-1"                  [_thread_blocked, id=41352, stack(0x000000b252b00000,0x000000b252c00000) (1024K)]
  0x000002a5f2f46eb0 JavaThread "pool-95-thread-1"                  [_thread_blocked, id=41360, stack(0x000000b257900000,0x000000b257a00000) (1024K)]
  0x000002a5f2f42d10 JavaThread "Timer-94"                          [_thread_blocked, id=41384, stack(0x000000b257700000,0x000000b257800000) (1024K)]
  0x000002a5ea7da010 JavaThread "Worker-485: Initialize workspace"        [_thread_blocked, id=41468, stack(0x000000b251400000,0x000000b251500000) (1024K)]
  0x000002a5ea7ea690 JavaThread "Connection worker"                 [_thread_in_native, id=41532, stack(0x000000b257f00000,0x000000b258000000) (1024K)]
  0x000002a5ea7dba50 JavaThread "pool-96-thread-1"                  [_thread_blocked, id=41560, stack(0x000000b251800000,0x000000b251900000) (1024K)]
  0x000002a5ea7ef550 JavaThread "Timer-95"                          [_thread_blocked, id=41616, stack(0x000000b258000000,0x000000b258100000) (1024K)]
  0x000002a5f2f47540 JavaThread "Worker-494: Initialize workspace"        [_thread_blocked, id=41736, stack(0x000000b258100000,0x000000b258200000) (1024K)]
  0x000002a5e87098b0 JavaThread "Timer-96"                          [_thread_blocked, id=39620, stack(0x000000b258400000,0x000000b258500000) (1024K)]
  0x000002a5e870b980 JavaThread "Worker-501: Initialize workspace"        [_thread_blocked, id=41588, stack(0x000000b255f00000,0x000000b256000000) (1024K)]
  0x000002a5e8708500 JavaThread "Connection worker"                 [_thread_in_native, id=41884, stack(0x000000b257b00000,0x000000b257c00000) (1024K)]
  0x000002a5e8709f40 JavaThread "Connection worker"                 [_thread_in_native, id=34372, stack(0x000000b258300000,0x000000b258400000) (1024K)]
  0x000002a5e870ac60 JavaThread "pool-97-thread-1"                  [_thread_blocked, id=40992, stack(0x000000b252a00000,0x000000b252b00000) (1024K)]
  0x000002a5e870e770 JavaThread "Timer-97"                          [_thread_blocked, id=27972, stack(0x000000b258800000,0x000000b258900000) (1024K)]
  0x000002a5e870da50 JavaThread "pool-98-thread-1"                  [_thread_blocked, id=39640, stack(0x000000b258a00000,0x000000b258b00000) (1024K)]
  0x000002a5e8708b90 JavaThread "Worker-515: Initialize workspace"        [_thread_blocked, id=33552, stack(0x000000b254e00000,0x000000b254f00000) (1024K)]
  0x000002a5e870fb20 JavaThread "Timer-98"                          [_thread_blocked, id=29852, stack(0x000000b258900000,0x000000b258a00000) (1024K)]
  0x000002a5e870e0e0 JavaThread "Worker-522: Initialize workspace"        [_thread_blocked, id=42032, stack(0x000000b255400000,0x000000b255500000) (1024K)]
  0x000002a5e870f490 JavaThread "Timer-99"                          [_thread_blocked, id=42196, stack(0x000000b258700000,0x000000b258800000) (1024K)]
  0x000002a5e870c6a0 JavaThread "Worker-533: Initialize workspace"        [_thread_blocked, id=42504, stack(0x000000b258d00000,0x000000b258e00000) (1024K)]
  0x000002a5e8711bf0 JavaThread "Connection worker"                 [_thread_in_native, id=42560, stack(0x000000b258f00000,0x000000b259000000) (1024K)]
  0x000002a5e8712fa0 JavaThread "Connection worker"                 [_thread_in_native, id=42568, stack(0x000000b254400000,0x000000b254500000) (1024K)]
  0x000002a5e87101b0 JavaThread "Connection worker"                 [_thread_in_native, id=42572, stack(0x000000b254200000,0x000000b254300000) (1024K)]
  0x000002a5e8713cc0 JavaThread "pool-99-thread-1"                  [_thread_blocked, id=42580, stack(0x000000b259300000,0x000000b259400000) (1024K)]
  0x000002a5e8713630 JavaThread "pool-100-thread-1"                 [_thread_blocked, id=42584, stack(0x000000b259000000,0x000000b259100000) (1024K)]
  0x000002a5e8710840 JavaThread "pool-101-thread-1"                 [_thread_blocked, id=42588, stack(0x000000b259400000,0x000000b259500000) (1024K)]
  0x000002a5e8710ed0 JavaThread "Timer-100"                         [_thread_blocked, id=42840, stack(0x000000b259700000,0x000000b259800000) (1024K)]
  0x000002a5e8714350 JavaThread "Worker-545: Initialize workspace"        [_thread_blocked, id=36716, stack(0x000000b259500000,0x000000b259600000) (1024K)]
  0x000002a5e8715700 JavaThread "Connection worker"                 [_thread_in_native, id=42052, stack(0x000000b259b00000,0x000000b259c00000) (1024K)]
  0x000002a5e8715d90 JavaThread "pool-102-thread-1"                 [_thread_blocked, id=40168, stack(0x000000b259c00000,0x000000b259d00000) (1024K)]
  0x000002a5e8716ab0 JavaThread "Timer-101"                         [_thread_blocked, id=42692, stack(0x000000b259e00000,0x000000b259f00000) (1024K)]
  0x000002a5ea7f57c0 JavaThread "Worker-552: Initialize workspace"        [_thread_blocked, id=41956, stack(0x000000b250500000,0x000000b250600000) (1024K)]
  0x000002a5ea7f64e0 JavaThread "Connection worker"                 [_thread_in_native, id=42128, stack(0x000000b259600000,0x000000b259700000) (1024K)]
  0x000002a5ea7e6b80 JavaThread "pool-103-thread-1"                 [_thread_blocked, id=42968, stack(0x000000b259900000,0x000000b259a00000) (1024K)]
  0x000002a5eacde010 JavaThread "Timer-102"                         [_thread_blocked, id=42040, stack(0x000000b25a200000,0x000000b25a300000) (1024K)]
  0x000002a5eacdf3c0 JavaThread "Worker-558: Initialize workspace"        [_thread_blocked, id=42768, stack(0x000000b255300000,0x000000b255400000) (1024K)]
  0x000002a5ea7f5e50 JavaThread "Timer-103"                         [_thread_blocked, id=43064, stack(0x000000b25a300000,0x000000b25a400000) (1024K)]
  0x000002a5e8712280 JavaThread "Worker-567: Initialize workspace"        [_thread_blocked, id=43152, stack(0x000000b25a100000,0x000000b25a200000) (1024K)]
  0x000002a5ea7e92e0 JavaThread "Connection worker"                 [_thread_in_native, id=43164, stack(0x000000b25a500000,0x000000b25a600000) (1024K)]
  0x000002a5e8715070 JavaThread "pool-104-thread-1"                 [_thread_blocked, id=43192, stack(0x000000b25a000000,0x000000b25a100000) (1024K)]
  0x000002a5ea7e7f30 JavaThread "Timer-104"                         [_thread_blocked, id=43224, stack(0x000000b25a400000,0x000000b25a500000) (1024K)]
  0x000002a5f2f46820 JavaThread "Worker-576: Initialize workspace"        [_thread_blocked, id=43352, stack(0x000000b25a700000,0x000000b25a800000) (1024K)]
  0x000002a5e75c00a0 JavaThread "Connection worker"                 [_thread_in_native, id=43404, stack(0x000000b258500000,0x000000b258600000) (1024K)]
  0x000002a5e8709220 JavaThread "Connection worker"                 [_thread_in_native, id=43452, stack(0x000000b25a800000,0x000000b25a900000) (1024K)]
  0x000002a5ea4a8b30 JavaThread "pool-105-thread-1"                 [_thread_blocked, id=43456, stack(0x000000b25a900000,0x000000b25aa00000) (1024K)]
  0x000002a5e8cacd00 JavaThread "pool-106-thread-1"                 [_thread_blocked, id=43464, stack(0x000000b25a600000,0x000000b25a700000) (1024K)]
  0x000002a5f3180060 JavaThread "Timer-105"                         [_thread_blocked, id=43584, stack(0x000000b258200000,0x000000b258300000) (1024K)]
  0x000002a5f3182e50 JavaThread "Worker-591: Initialize workspace"        [_thread_blocked, id=43680, stack(0x000000b25ab00000,0x000000b25ac00000) (1024K)]
  0x000002a5f3183b70 JavaThread "Timer-106"                         [_thread_blocked, id=43740, stack(0x000000b254a00000,0x000000b254b00000) (1024K)]
  0x000002a5f31834e0 JavaThread "Worker-599: Initialize workspace"        [_thread_blocked, id=43832, stack(0x000000b255b00000,0x000000b255c00000) (1024K)]
  0x000002a5f3180d80 JavaThread "Timer-107"                         [_thread_blocked, id=43888, stack(0x000000b25ad00000,0x000000b25ae00000) (1024K)]
  0x000002a5f31806f0 JavaThread "Worker-607: Initialize workspace"        [_thread_blocked, id=44004, stack(0x000000b252f00000,0x000000b253000000) (1024K)]
  0x000002a5f3184200 JavaThread "Connection worker"                 [_thread_in_native, id=44024, stack(0x000000b258c00000,0x000000b258d00000) (1024K)]
  0x000002a5f3184890 JavaThread "Connection worker"                 [_thread_in_native, id=19920, stack(0x000000b258e00000,0x000000b258f00000) (1024K)]
  0x000002a5f3184f20 JavaThread "Connection worker"                 [_thread_in_native, id=43068, stack(0x000000b25aa00000,0x000000b25ab00000) (1024K)]
  0x000002a5f31855b0 JavaThread "pool-107-thread-1"                 [_thread_blocked, id=43080, stack(0x000000b25ac00000,0x000000b25ad00000) (1024K)]
  0x000002a5f3182130 JavaThread "pool-108-thread-1"                 [_thread_blocked, id=43060, stack(0x000000b25ae00000,0x000000b25af00000) (1024K)]
  0x000002a5f3187d10 JavaThread "pool-109-thread-1"                 [_thread_blocked, id=40248, stack(0x000000b25af00000,0x000000b25b000000) (1024K)]
  0x000002a5f3181410 JavaThread "Timer-108"                         [_thread_blocked, id=35724, stack(0x000000b24f800000,0x000000b24f900000) (1024K)]
  0x000002a5f3185c40 JavaThread "Worker-619: Initialize workspace"        [_thread_blocked, id=43628, stack(0x000000b25b000000,0x000000b25b100000) (1024K)]
  0x000002a5f318b820 JavaThread "Connection worker"                 [_thread_in_native, id=42540, stack(0x000000b257e00000,0x000000b257f00000) (1024K)]
  0x000002a5f3186960 JavaThread "pool-110-thread-1"                 [_thread_blocked, id=40180, stack(0x000000b257c00000,0x000000b257d00000) (1024K)]
  0x000002a5f318c540 JavaThread "Timer-109"                         [_thread_blocked, id=44116, stack(0x000000b25b400000,0x000000b25b500000) (1024K)]
  0x000002a5f318beb0 JavaThread "Worker-629: Initialize workspace"        [_thread_blocked, id=44264, stack(0x000000b258600000,0x000000b258700000) (1024K)]
  0x000002a5f318cbd0 JavaThread "Timer-110"                         [_thread_blocked, id=44396, stack(0x000000b25b700000,0x000000b25b800000) (1024K)]
  0x000002a5f3189750 JavaThread "Worker-636: Initialize workspace"        [_thread_blocked, id=44500, stack(0x000000b25b200000,0x000000b25b300000) (1024K)]
  0x000002a5f318ab00 JavaThread "Timer-111"                         [_thread_blocked, id=44688, stack(0x000000b25ba00000,0x000000b25bb00000) (1024K)]
  0x000002a5f318d8f0 JavaThread "Connection worker"                 [_thread_in_native, id=44856, stack(0x000000b25bb00000,0x000000b25bc00000) (1024K)]
  0x000002a5f3190050 JavaThread "Worker-647: Initialize workspace"        [_thread_blocked, id=44880, stack(0x000000b25bd00000,0x000000b25be00000) (1024K)]
  0x000002a5f3191a90 JavaThread "Connection worker"                 [_thread_in_native, id=44916, stack(0x000000b25c000000,0x000000b25c100000) (1024K)]
  0x000002a5f31906e0 JavaThread "pool-111-thread-1"                 [_thread_blocked, id=44924, stack(0x000000b25bf00000,0x000000b25c000000) (1024K)]
  0x000002a5f318eca0 JavaThread "pool-112-thread-1"                 [_thread_blocked, id=44932, stack(0x000000b25c200000,0x000000b25c300000) (1024K)]
  0x000002a5f318d260 JavaThread "Timer-112"                         [_thread_blocked, id=44964, stack(0x000000b258b00000,0x000000b258c00000) (1024K)]
  0x000002a5f318df80 JavaThread "Worker-653: Initialize workspace"        [_thread_blocked, id=41184, stack(0x000000b259f00000,0x000000b25a000000) (1024K)]
  0x000002a5f318f330 JavaThread "Connection worker"                 [_thread_in_native, id=44128, stack(0x000000b25c300000,0x000000b25c400000) (1024K)]
  0x000002a5f3191400 JavaThread "pool-113-thread-1"                 [_thread_blocked, id=44044, stack(0x000000b259d00000,0x000000b259e00000) (1024K)]
  0x000002a5f318f9c0 JavaThread "Timer-113"                         [_thread_blocked, id=44220, stack(0x000000b25c400000,0x000000b25c500000) (1024K)]
  0x000002a5f318e610 JavaThread "Worker-661: Initialize workspace"        [_thread_blocked, id=44324, stack(0x000000b256200000,0x000000b256300000) (1024K)]
  0x000002a5f31934d0 JavaThread "Timer-114"                         [_thread_blocked, id=23932, stack(0x000000b25c700000,0x000000b25c800000) (1024K)]
  0x000002a5f318b190 JavaThread "Worker-675: Initialize workspace"        [_thread_blocked, id=44240, stack(0x000000b255000000,0x000000b255100000) (1024K)]
  0x000002a5f3192e40 JavaThread "Connection worker"                 [_thread_in_native, id=29108, stack(0x000000b256400000,0x000000b256500000) (1024K)]
  0x000002a5f3196950 JavaThread "Connection worker"                 [_thread_in_native, id=35304, stack(0x000000b256500000,0x000000b256600000) (1024K)]
  0x000002a5f3197670 JavaThread "pool-114-thread-1"                 [_thread_blocked, id=32288, stack(0x000000b256700000,0x000000b256800000) (1024K)]
  0x000002a5f31962c0 JavaThread "pool-116-thread-1"                 [_thread_blocked, id=45012, stack(0x000000b256c00000,0x000000b256d00000) (1024K)]
  0x000002a5f31927b0 JavaThread "Timer-115"                         [_thread_blocked, id=39952, stack(0x000000b256300000,0x000000b256400000) (1024K)]
  0x000002a5f3194f10 JavaThread "Worker-689: Initialize workspace"        [_thread_blocked, id=40932, stack(0x000000b257000000,0x000000b257100000) (1024K)]
  0x000002a5f3196fe0 JavaThread "Connection worker"                 [_thread_in_native, id=12616, stack(0x000000b25ca00000,0x000000b25cb00000) (1024K)]
  0x000002a5f319c530 JavaThread "pool-117-thread-1"                 [_thread_blocked, id=14372, stack(0x000000b25c100000,0x000000b25c200000) (1024K)]
  0x000002a5f3198a20 JavaThread "Timer-116"                         [_thread_blocked, id=45124, stack(0x000000b254f00000,0x000000b255000000) (1024K)]
  0x000002a5f3199dd0 JavaThread "Worker-697: Initialize workspace"        [_thread_blocked, id=45344, stack(0x000000b256f00000,0x000000b257000000) (1024K)]
  0x000002a5f3198390 JavaThread "Timer-117"                         [_thread_blocked, id=45496, stack(0x000000b257200000,0x000000b257300000) (1024K)]
  0x000002a5f319a460 JavaThread "Worker-704: Initialize workspace"        [_thread_blocked, id=45696, stack(0x000000b25d200000,0x000000b25d300000) (1024K)]
  0x000002a5f319aaf0 JavaThread "Connection worker"                 [_thread_in_native, id=45792, stack(0x000000b25d100000,0x000000b25d200000) (1024K)]
  0x000002a5f319df70 JavaThread "pool-119-thread-1"                 [_thread_blocked, id=45796, stack(0x000000b25d400000,0x000000b25d500000) (1024K)]
  0x000002a5f319d250 JavaThread "Timer-118"                         [_thread_blocked, id=45972, stack(0x000000b25b300000,0x000000b25b400000) (1024K)]
  0x000002a5f319e600 JavaThread "Worker-717: Initialize workspace"        [_thread_blocked, id=39380, stack(0x000000b25d300000,0x000000b25d400000) (1024K)]
  0x000002a5f319ec90 JavaThread "Connection worker"                 [_thread_in_native, id=35112, stack(0x000000b25d700000,0x000000b25d800000) (1024K)]
  0x000002a5f31883a0 JavaThread "pool-120-thread-1"                 [_thread_blocked, id=17460, stack(0x000000b25d800000,0x000000b25d900000) (1024K)]
  0x000002a5f319b180 JavaThread "Timer-119"                         [_thread_blocked, id=42264, stack(0x000000b25d500000,0x000000b25d600000) (1024K)]
  0x000002a5f3188a30 JavaThread "Worker-727: Initialize workspace"        [_thread_blocked, id=45564, stack(0x000000b25d900000,0x000000b25da00000) (1024K)]
  0x000002a5f3186ff0 JavaThread "Connection worker"                 [_thread_in_native, id=45684, stack(0x000000b25db00000,0x000000b25dc00000) (1024K)]
  0x000002a5f318a470 JavaThread "pool-121-thread-1"                 [_thread_blocked, id=45692, stack(0x000000b25da00000,0x000000b25db00000) (1024K)]
  0x000002a5e870ee00 JavaThread "Timer-120"                         [_thread_blocked, id=45480, stack(0x000000b253f00000,0x000000b254000000) (1024K)]
  0x000002a5e870c010 JavaThread "Worker-736: Initialize workspace"        [_thread_blocked, id=19516, stack(0x000000b259100000,0x000000b259200000) (1024K)]
  0x000002a5e870a5d0 JavaThread "Timer-121"                         [_thread_blocked, id=35932, stack(0x000000b259200000,0x000000b259300000) (1024K)]
  0x000002a5e870cd30 JavaThread "Worker-744: Initialize workspace"        [_thread_blocked, id=36152, stack(0x000000b259800000,0x000000b259900000) (1024K)]
  0x000002a5e870d3c0 JavaThread "Connection worker"                 [_thread_in_native, id=15696, stack(0x000000b259a00000,0x000000b259b00000) (1024K)]
  0x000002a5e87149e0 JavaThread "pool-122-thread-1"                 [_thread_blocked, id=45580, stack(0x000000b25d600000,0x000000b25d700000) (1024K)]
  0x000002a5e8712910 JavaThread "Timer-122"                         [_thread_blocked, id=32036, stack(0x000000b25dd00000,0x000000b25de00000) (1024K)]
  0x000002a5e870b2f0 JavaThread "Worker-753: Initialize workspace"        [_thread_blocked, id=45940, stack(0x000000b25b100000,0x000000b25b200000) (1024K)]
  0x000002a5f2f3bd80 JavaThread "Connection worker"                 [_thread_in_native, id=45844, stack(0x000000b25bc00000,0x000000b25bd00000) (1024K)]
  0x000002a5f2f39620 JavaThread "Worker-761: Initialize workspace"        [_thread_blocked, id=30272, stack(0x000000b25e100000,0x000000b25e200000) (1024K)]
  0x000002a5f2f39cb0 JavaThread "Connection worker"                 [_thread_in_native, id=40656, stack(0x000000b25c900000,0x000000b25ca00000) (1024K)]
  0x000002a5f2f3caa0 JavaThread "pool-123-thread-1"                 [_thread_blocked, id=36508, stack(0x000000b25e200000,0x000000b25e300000) (1024K)]
  0x000002a5f2f3de50 JavaThread "pool-124-thread-1"                 [_thread_blocked, id=45824, stack(0x000000b25e300000,0x000000b25e400000) (1024K)]
  0x000002a5f2f3e4e0 JavaThread "Timer-123"                         [_thread_blocked, id=7080, stack(0x000000b25be00000,0x000000b25bf00000) (1024K)]
  0x000002a5f3187680 JavaThread "Connection worker"                 [_thread_in_native, id=33120, stack(0x000000b25df00000,0x000000b25e000000) (1024K)]
  0x000002a5f31827c0 JavaThread "pool-125-thread-1"                 [_thread_blocked, id=33108, stack(0x000000b25dc00000,0x000000b25dd00000) (1024K)]
  0x000002a5f3181aa0 JavaThread "Timer-124"                         [_thread_blocked, id=32776, stack(0x000000b25c500000,0x000000b25c600000) (1024K)]
  0x000002a5f31862d0 JavaThread "Worker-777: Initialize workspace"        [_thread_blocked, id=46204, stack(0x000000b25e400000,0x000000b25e500000) (1024K)]
  0x000002a5f3192120 JavaThread "Connection worker"                 [_thread_in_native, id=46224, stack(0x000000b25e800000,0x000000b25e900000) (1024K)]
  0x000002a5f3189de0 JavaThread "pool-126-thread-1"                 [_thread_blocked, id=46252, stack(0x000000b25e600000,0x000000b25e700000) (1024K)]
  0x000002a5f31890c0 JavaThread "Timer-125"                         [_thread_blocked, id=46392, stack(0x000000b254300000,0x000000b254400000) (1024K)]
  0x000002a5f3190d70 JavaThread "Worker-787: Initialize workspace"        [_thread_blocked, id=46448, stack(0x000000b25c800000,0x000000b25c900000) (1024K)]
  0x000002a5f3194880 JavaThread "Connection worker"                 [_thread_in_native, id=46484, stack(0x000000b25ce00000,0x000000b25cf00000) (1024K)]
  0x000002a5f31990b0 JavaThread "pool-127-thread-1"                 [_thread_blocked, id=46496, stack(0x000000b25d000000,0x000000b25d100000) (1024K)]
  0x000002a5f31941f0 JavaThread "Timer-126"                         [_thread_blocked, id=46532, stack(0x000000b25cc00000,0x000000b25cd00000) (1024K)]
  0x000002a5f319f320 JavaThread "Worker-804: Initialize workspace"        [_thread_blocked, id=46632, stack(0x000000b25c600000,0x000000b25c700000) (1024K)]
  0x000002a5f3193b60 JavaThread "Connection worker"                 [_thread_in_native, id=46652, stack(0x000000b25ea00000,0x000000b25eb00000) (1024K)]
  0x000002a5f319d8e0 JavaThread "pool-128-thread-1"                 [_thread_blocked, id=46656, stack(0x000000b25cb00000,0x000000b25cc00000) (1024K)]
  0x000002a5f3199740 JavaThread "Timer-127"                         [_thread_blocked, id=46768, stack(0x000000b25eb00000,0x000000b25ec00000) (1024K)]
  0x000002a5eace5630 JavaThread "Worker-814: Initialize workspace"        [_thread_blocked, id=46956, stack(0x000000b25e900000,0x000000b25ea00000) (1024K)]
  0x000002a5f2f3a9d0 JavaThread "Connection worker"                 [_thread_in_native, id=46996, stack(0x000000b25f300000,0x000000b25f400000) (1024K)]
  0x000002a5f2f3f200 JavaThread "pool-129-thread-1"                 [_thread_blocked, id=47068, stack(0x000000b25f500000,0x000000b25f600000) (1024K)]
  0x000002a5e8ca7120 JavaThread "Timer-128"                         [_thread_blocked, id=8232, stack(0x000000b257800000,0x000000b257900000) (1024K)]
  0x000002a5f319bea0 JavaThread "Worker-822: Initialize workspace"        [_thread_blocked, id=45404, stack(0x000000b25f700000,0x000000b25f800000) (1024K)]
  0x000002a5ea7dce00 JavaThread "Timer-129"                         [_thread_blocked, id=46508, stack(0x000000b257d00000,0x000000b257e00000) (1024K)]
  0x000002a5ea4a7e10 JavaThread "Worker-832: Initialize workspace"        [_thread_blocked, id=35608, stack(0x000000b25f600000,0x000000b25f700000) (1024K)]
  0x000002a5e8711560 JavaThread "Connection worker"                 [_thread_in_native, id=46992, stack(0x000000b25f800000,0x000000b25f900000) (1024K)]
  0x000002a5e8cada20 JavaThread "pool-130-thread-1"                 [_thread_blocked, id=47088, stack(0x000000b25fb00000,0x000000b25fc00000) (1024K)]
  0x000002a5ea7f29d0 JavaThread "Connection worker"                 [_thread_in_native, id=46168, stack(0x000000b25fa00000,0x000000b25fb00000) (1024K)]
  0x000002a5ea2b3770 JavaThread "pool-131-thread-1"                 [_thread_blocked, id=46764, stack(0x000000b25fe00000,0x000000b25ff00000) (1024K)]
  0x000002a5ea2b4b20 JavaThread "Timer-130"                         [_thread_blocked, id=46744, stack(0x000000b25f900000,0x000000b25fa00000) (1024K)]
  0x000002a5ea2b23c0 JavaThread "Worker-843: Initialize workspace"        [_thread_blocked, id=47484, stack(0x000000b25de00000,0x000000b25df00000) (1024K)]
  0x000002a5ea2b4490 JavaThread "Connection worker"                 [_thread_in_native, id=47556, stack(0x000000b25fc00000,0x000000b25fd00000) (1024K)]
  0x000002a5ea2b16a0 JavaThread "pool-132-thread-1"                 [_thread_blocked, id=47560, stack(0x000000b25fd00000,0x000000b25fe00000) (1024K)]
  0x000002a5ea2b5ed0 JavaThread "Timer-131"                         [_thread_blocked, id=47664, stack(0x000000b260300000,0x000000b260400000) (1024K)]
  0x000002a5ea2b5840 JavaThread "Worker-855: Initialize workspace"        [_thread_blocked, id=47764, stack(0x000000b260000000,0x000000b260100000) (1024K)]
  0x000002a5ea2b99e0 JavaThread "Connection worker"                 [_thread_in_native, id=47800, stack(0x000000b260600000,0x000000b260700000) (1024K)]
  0x000002a5ea2b6560 JavaThread "pool-133-thread-1"                 [_thread_blocked, id=47824, stack(0x000000b260700000,0x000000b260800000) (1024K)]
  0x000002a5ea2b6bf0 JavaThread "Timer-132"                         [_thread_blocked, id=47900, stack(0x000000b260800000,0x000000b260900000) (1024K)]
  0x000002a5ea2b7280 JavaThread "Worker-866: Initialize workspace"        [_thread_blocked, id=48080, stack(0x000000b25e000000,0x000000b25e100000) (1024K)]
  0x000002a5ea2b7fa0 JavaThread "Connection worker"                 [_thread_in_native, id=48096, stack(0x000000b260400000,0x000000b260500000) (1024K)]
  0x000002a5ea2b8630 JavaThread "pool-134-thread-1"                 [_thread_blocked, id=48108, stack(0x000000b260900000,0x000000b260a00000) (1024K)]
  0x000002a5ea2b51b0 JavaThread "Timer-133"                         [_thread_blocked, id=46412, stack(0x000000b260a00000,0x000000b260b00000) (1024K)]
  0x000002a5ea2b30e0 JavaThread "Worker-875: Initialize workspace"        [_thread_blocked, id=44300, stack(0x000000b25e500000,0x000000b25e600000) (1024K)]
  0x000002a5ea2ba700 JavaThread "Timer-134"                         [_thread_blocked, id=45152, stack(0x000000b260c00000,0x000000b260d00000) (1024K)]
  0x000002a5ea2b9350 JavaThread "Worker-882: Initialize workspace"        [_thread_blocked, id=47544, stack(0x000000b25e700000,0x000000b25e800000) (1024K)]
  0x000002a5ea2bc140 JavaThread "Connection worker"                 [_thread_in_native, id=47616, stack(0x000000b25f000000,0x000000b25f100000) (1024K)]
  0x000002a5ea2bbab0 JavaThread "pool-135-thread-1"                 [_thread_blocked, id=47780, stack(0x000000b260f00000,0x000000b261000000) (1024K)]
  0x000002a5ea2bd4f0 JavaThread "Connection worker"                 [_thread_in_native, id=41392, stack(0x000000b261000000,0x000000b261100000) (1024K)]
  0x000002a5ea2bc7d0 JavaThread "pool-136-thread-1"                 [_thread_blocked, id=47924, stack(0x000000b260b00000,0x000000b260c00000) (1024K)]
  0x000002a5ea2bce60 JavaThread "Timer-135"                         [_thread_blocked, id=47884, stack(0x000000b261200000,0x000000b261300000) (1024K)]
  0x000002a5ea2ba070 JavaThread "Worker-895: Initialize workspace"        [_thread_blocked, id=47796, stack(0x000000b25ee00000,0x000000b25ef00000) (1024K)]
  0x000002a5ea2bad90 JavaThread "Timer-136"                         [_thread_blocked, id=46828, stack(0x000000b25f200000,0x000000b25f300000) (1024K)]
  0x000002a5e8717140 JavaThread "Worker-903: Initialize workspace"        [_thread_blocked, id=48460, stack(0x000000b261300000,0x000000b261400000) (1024K)]
  0x000002a5ea2c02e0 JavaThread "Connection worker"                 [_thread_in_native, id=48472, stack(0x000000b260d00000,0x000000b260e00000) (1024K)]
  0x000002a5ea7e0280 JavaThread "pool-137-thread-1"                 [_thread_blocked, id=48496, stack(0x000000b261900000,0x000000b261a00000) (1024K)]
  0x000002a5eace7070 JavaThread "Timer-137"                         [_thread_blocked, id=48756, stack(0x000000b262100000,0x000000b262200000) (1024K)]
  0x000002a5f2def680 JavaThread "Worker-914: Initialize workspace"        [_thread_blocked, id=49060, stack(0x000000b261700000,0x000000b261800000) (1024K)]
  0x000002a5f2df10c0 JavaThread "Timer-138"                         [_thread_blocked, id=47140, stack(0x000000b25ff00000,0x000000b260000000) (1024K)]
  0x000002a5f2df03a0 JavaThread "Worker-922: Initialize workspace"        [_thread_blocked, id=48368, stack(0x000000b260100000,0x000000b260200000) (1024K)]
  0x000002a5f2df0a30 JavaThread "Connection worker"                 [_thread_in_native, id=48588, stack(0x000000b262600000,0x000000b262700000) (1024K)]
  0x000002a5f2deeff0 JavaThread "pool-140-thread-1"                 [_thread_blocked, id=48268, stack(0x000000b261c00000,0x000000b261d00000) (1024K)]
  0x000002a5f2df4540 JavaThread "Timer-139"                         [_thread_blocked, id=48348, stack(0x000000b25ec00000,0x000000b25ed00000) (1024K)]
  0x000002a5f2df3eb0 JavaThread "Worker-930: Initialize workspace"        [_thread_blocked, id=40684, stack(0x000000b25ef00000,0x000000b25f000000) (1024K)]
  0x000002a5f2df1750 JavaThread "Connection worker"                 [_thread_in_native, id=49076, stack(0x000000b262700000,0x000000b262800000) (1024K)]
  0x000002a5f2df58f0 JavaThread "pool-141-thread-1"                 [_thread_blocked, id=40260, stack(0x000000b262900000,0x000000b262a00000) (1024K)]
  0x000002a5f2df3190 JavaThread "Timer-140"                         [_thread_blocked, id=48540, stack(0x000000b262500000,0x000000b262600000) (1024K)]
  0x000002a5f2df79c0 JavaThread "Worker-939: Initialize workspace"        [_thread_blocked, id=49336, stack(0x000000b262a00000,0x000000b262b00000) (1024K)]
  0x000002a5f2df86e0 JavaThread "Connection worker"                 [_thread_in_native, id=49372, stack(0x000000b262f00000,0x000000b263000000) (1024K)]
  0x000002a5f2df7330 JavaThread "pool-142-thread-1"                 [_thread_blocked, id=49392, stack(0x000000b263100000,0x000000b263200000) (1024K)]
  0x000002a5f2df8050 JavaThread "Timer-141"                         [_thread_blocked, id=49512, stack(0x000000b260200000,0x000000b260300000) (1024K)]
  0x000002a5f2df5260 JavaThread "Worker-951: Initialize workspace"        [_thread_blocked, id=49640, stack(0x000000b260500000,0x000000b260600000) (1024K)]
  0x000002a5f2df5f80 JavaThread "Connection worker"                 [_thread_in_native, id=49672, stack(0x000000b263300000,0x000000b263400000) (1024K)]
  0x000002a5f2dfa7b0 JavaThread "pool-143-thread-1"                 [_thread_blocked, id=49688, stack(0x000000b263200000,0x000000b263300000) (1024K)]
  0x000002a5f2df4bd0 JavaThread "Timer-142"                         [_thread_blocked, id=49692, stack(0x000000b262800000,0x000000b262900000) (1024K)]
  0x000002a5f2df8d70 JavaThread "Worker-961: Initialize workspace"        [_thread_blocked, id=49768, stack(0x000000b262d00000,0x000000b262e00000) (1024K)]
  0x000002a5f2df9400 JavaThread "Connection worker"                 [_thread_in_native, id=49784, stack(0x000000b263600000,0x000000b263700000) (1024K)]
  0x000002a5f2dfc1f0 JavaThread "pool-144-thread-1"                 [_thread_blocked, id=49796, stack(0x000000b263400000,0x000000b263500000) (1024K)]
  0x000002a5f2dfc880 JavaThread "Timer-143"                         [_thread_blocked, id=49848, stack(0x000000b263800000,0x000000b263900000) (1024K)]
  0x000002a5f2df9a90 JavaThread "Worker-968: Initialize workspace"        [_thread_blocked, id=49956, stack(0x000000b263700000,0x000000b263800000) (1024K)]
  0x000002a5f2dfe950 JavaThread "Timer-144"                         [_thread_blocked, id=50144, stack(0x000000b263e00000,0x000000b263f00000) (1024K)]
  0x000002a5f2dfefe0 JavaThread "Worker-976: Initialize workspace"        [_thread_blocked, id=49288, stack(0x000000b263500000,0x000000b263600000) (1024K)]
  0x000002a5f2dfb4d0 JavaThread "Timer-145"                         [_thread_blocked, id=49648, stack(0x000000b264200000,0x000000b264300000) (1024K)]
  0x000002a5f2e01dd0 JavaThread "Worker-982: Initialize workspace"        [_thread_blocked, id=50148, stack(0x000000b264800000,0x000000b264900000) (1024K)]
  0x000002a5f2e00390 JavaThread "Connection worker"                 [_thread_in_native, id=49196, stack(0x000000b264500000,0x000000b264600000) (1024K)]
  0x000002a5f2e03180 JavaThread "pool-146-thread-1"                 [_thread_blocked, id=42160, stack(0x000000b264b00000,0x000000b264c00000) (1024K)]
  0x000002a5f2dfd5a0 JavaThread "Timer-146"                         [_thread_blocked, id=34340, stack(0x000000b263f00000,0x000000b264000000) (1024K)]
  0x000002a5f2e04530 JavaThread "Worker-992: Initialize workspace"        [_thread_blocked, id=50396, stack(0x000000b264900000,0x000000b264a00000) (1024K)]
  0x000002a5f2e086d0 JavaThread "Timer-147"                         [_thread_blocked, id=50748, stack(0x000000b265300000,0x000000b265400000) (1024K)]
  0x000002a5f2e06600 JavaThread "Worker-1000: Initialize workspace"        [_thread_blocked, id=50932, stack(0x000000b264e00000,0x000000b264f00000) (1024K)]
  0x000002a5f2e0c870 JavaThread "Timer-148"                         [_thread_blocked, id=51056, stack(0x000000b265a00000,0x000000b265b00000) (1024K)]
  0x000002a5f2e06c90 JavaThread "Worker-1007: Initialize workspace"        [_thread_blocked, id=50408, stack(0x000000b265000000,0x000000b265100000) (1024K)]
  0x000002a5f2dfbb60 JavaThread "Timer-149"                         [_thread_blocked, id=2884, stack(0x000000b263a00000,0x000000b263b00000) (1024K)]
  0x000002a5f2dfcf10 JavaThread "Worker-1014: Initialize workspace"        [_thread_blocked, id=50440, stack(0x000000b263c00000,0x000000b263d00000) (1024K)]
  0x000002a5f2e09a80 JavaThread "Connection worker"                 [_thread_in_native, id=19120, stack(0x000000b265e00000,0x000000b265f00000) (1024K)]
  0x000002a5f2e0dc20 JavaThread "Connection worker"                 [_thread_in_native, id=26164, stack(0x000000b266200000,0x000000b266300000) (1024K)]
  0x000002a5f2e0ae30 JavaThread "pool-149-thread-1"                 [_thread_blocked, id=48816, stack(0x000000b266300000,0x000000b266400000) (1024K)]
  0x000002a5f2e01740 JavaThread "pool-150-thread-1"                 [_thread_blocked, id=6368, stack(0x000000b264a00000,0x000000b264b00000) (1024K)]
  0x000002a5f2e058e0 JavaThread "Timer-150"                         [_thread_blocked, id=50412, stack(0x000000b265900000,0x000000b265a00000) (1024K)]
  0x000002a5f2e0a110 JavaThread "Worker-1023: Initialize workspace"        [_thread_blocked, id=51280, stack(0x000000b25ed00000,0x000000b25ee00000) (1024K)]
  0x000002a5f2e0b4c0 JavaThread "Connection worker"                 [_thread_in_native, id=51288, stack(0x000000b265b00000,0x000000b265c00000) (1024K)]
  0x000002a5f2e0a7a0 JavaThread "pool-151-thread-1"                 [_thread_blocked, id=51328, stack(0x000000b266100000,0x000000b266200000) (1024K)]
  0x000002a5f2e0bb50 JavaThread "Timer-151"                         [_thread_blocked, id=51396, stack(0x000000b266400000,0x000000b266500000) (1024K)]
  0x000002a5ea2b1d30 JavaThread "Worker-1030: Initialize workspace"        [_thread_blocked, id=51568, stack(0x000000b260e00000,0x000000b260f00000) (1024K)]
  0x000002a5ea2b2a50 JavaThread "Timer-152"                         [_thread_blocked, id=51740, stack(0x000000b261100000,0x000000b261200000) (1024K)]
  0x000002a5ea2b3e00 JavaThread "Worker-1039: Initialize workspace"        [_thread_blocked, id=51800, stack(0x000000b261500000,0x000000b261600000) (1024K)]
  0x000002a5ea2bef30 JavaThread "Timer-153"                         [_thread_blocked, id=51848, stack(0x000000b266800000,0x000000b266900000) (1024K)]
  0x000002a5ea7d9980 JavaThread "Worker-1044: Initialize workspace"        [_thread_blocked, id=51916, stack(0x000000b261f00000,0x000000b262000000) (1024K)]
  0x000002a5f2e0e2b0 JavaThread "Timer-154"                         [_thread_blocked, id=52024, stack(0x000000b266a00000,0x000000b266b00000) (1024K)]
  0x000002a5ea2b1010 JavaThread "Worker-1051: Initialize workspace"        [_thread_blocked, id=52080, stack(0x000000b261400000,0x000000b261500000) (1024K)]
  0x000002a5f3423eb0 JavaThread "Timer-155"                         [_thread_blocked, id=51348, stack(0x000000b266d00000,0x000000b266e00000) (1024K)]
  0x000002a5f34258f0 JavaThread "Worker-1063: Initialize workspace"        [_thread_blocked, id=51316, stack(0x000000b262000000,0x000000b262100000) (1024K)]
  0x000002a5f3422470 JavaThread "Connection worker"                 [_thread_in_native, id=39864, stack(0x000000b266700000,0x000000b266800000) (1024K)]
  0x000002a5f3426610 JavaThread "pool-155-thread-1"                 [_thread_blocked, id=51440, stack(0x000000b267600000,0x000000b267700000) (1024K)]
  0x000002a5f3423190 JavaThread "Connection worker"                 [_thread_in_native, id=51628, stack(0x000000b267500000,0x000000b267600000) (1024K)]
  0x000002a5f3425260 JavaThread "pool-156-thread-1"                 [_thread_blocked, id=51580, stack(0x000000b267800000,0x000000b267900000) (1024K)]
  0x000002a5f3422b00 JavaThread "Timer-156"                         [_thread_blocked, id=51060, stack(0x000000b267000000,0x000000b267100000) (1024K)]
  0x000002a5f3426ca0 JavaThread "Worker-1073: Initialize workspace"        [_thread_blocked, id=51648, stack(0x000000b261d00000,0x000000b261e00000) (1024K)]
  0x000002a5f3427330 JavaThread "Connection worker"                 [_thread_in_native, id=42868, stack(0x000000b267700000,0x000000b267800000) (1024K)]
  0x000002a5f3429400 JavaThread "Connection worker"                 [_thread_in_native, id=42908, stack(0x000000b267a00000,0x000000b267b00000) (1024K)]
  0x000002a5f3428d70 JavaThread "pool-157-thread-1"                 [_thread_blocked, id=42508, stack(0x000000b267900000,0x000000b267a00000) (1024K)]
  0x000002a5f3425f80 JavaThread "Timer-157"                         [_thread_blocked, id=46700, stack(0x000000b261e00000,0x000000b261f00000) (1024K)]
  0x000002a5f342a7b0 JavaThread "pool-158-thread-1"                 [_thread_blocked, id=51676, stack(0x000000b264400000,0x000000b264500000) (1024K)]
  0x000002a5f3428050 JavaThread "Worker-1083: Initialize workspace"        [_thread_blocked, id=42252, stack(0x000000b262c00000,0x000000b262d00000) (1024K)]
  0x000002a5f3429a90 JavaThread "Connection worker"                 [_thread_in_native, id=43588, stack(0x000000b264300000,0x000000b264400000) (1024K)]
  0x000002a5f342b4d0 JavaThread "pool-159-thread-1"                 [_thread_blocked, id=48180, stack(0x000000b267300000,0x000000b267400000) (1024K)]
  0x000002a5f3423820 JavaThread "Timer-158"                         [_thread_blocked, id=52032, stack(0x000000b262e00000,0x000000b262f00000) (1024K)]
  0x000002a5f342a120 JavaThread "Worker-1092: Initialize workspace"        [_thread_blocked, id=51928, stack(0x000000b264600000,0x000000b264700000) (1024K)]
  0x000002a5f34279c0 JavaThread "Timer-159"                         [_thread_blocked, id=18316, stack(0x000000b264000000,0x000000b264100000) (1024K)]
  0x000002a5f34286e0 JavaThread "Worker-1098: Initialize workspace"        [_thread_blocked, id=7944, stack(0x000000b25f400000,0x000000b25f500000) (1024K)]
  0x000002a5f342ae40 JavaThread "Timer-160"                         [_thread_blocked, id=43096, stack(0x000000b261800000,0x000000b261900000) (1024K)]
  0x000002a5f33ee990 JavaThread "Worker-1108: Initialize workspace"        [_thread_blocked, id=43256, stack(0x000000b262b00000,0x000000b262c00000) (1024K)]
  0x000002a5f33f1780 JavaThread "Timer-161"                         [_thread_blocked, id=46488, stack(0x000000b268100000,0x000000b268200000) (1024K)]
  0x000002a5f33f0a60 JavaThread "Worker-1116: Initialize workspace"        [_thread_blocked, id=51260, stack(0x000000b267e00000,0x000000b267f00000) (1024K)]
  0x000002a5f33f5290 JavaThread "Timer-162"                         [_thread_blocked, id=52328, stack(0x000000b268700000,0x000000b268800000) (1024K)]
  0x000002a5f33ef020 JavaThread "Worker-1121: Initialize workspace"        [_thread_blocked, id=52572, stack(0x000000b268300000,0x000000b268400000) (1024K)]
  0x000002a5f33f24a0 JavaThread "Timer-163"                         [_thread_blocked, id=52844, stack(0x000000b268a00000,0x000000b268b00000) (1024K)]
  0x000002a5f33f6cd0 JavaThread "Connection worker"                 [_thread_in_native, id=53092, stack(0x000000b268e00000,0x000000b268f00000) (1024K)]
  0x000002a5f33f2b30 JavaThread "Timer-164"                         [_thread_blocked, id=53176, stack(0x000000b264f00000,0x000000b265000000) (1024K)]
  0x000002a5f33f79f0 JavaThread "pool-163-thread-1"                 [_thread_blocked, id=53200, stack(0x000000b268b00000,0x000000b268c00000) (1024K)]
  0x000002a5f33f8da0 JavaThread "Worker-1135: Initialize workspace"        [_thread_blocked, id=53224, stack(0x000000b264700000,0x000000b264800000) (1024K)]
  0x000002a5f33f8080 JavaThread "Timer-165"                         [_thread_blocked, id=52404, stack(0x000000b268f00000,0x000000b269000000) (1024K)]
  0x000002a5f33fa7e0 JavaThread "Worker-1143: Initialize workspace"        [_thread_blocked, id=53080, stack(0x000000b269200000,0x000000b269300000) (1024K)]
  0x000002a5f33fdc60 JavaThread "Timer-166"                         [_thread_blocked, id=47052, stack(0x000000b269c00000,0x000000b269d00000) (1024K)]
  0x000002a5f33f9430 JavaThread "Worker-1151: Initialize workspace"        [_thread_blocked, id=53424, stack(0x000000b269000000,0x000000b269100000) (1024K)]
  0x000002a5f33f9ac0 JavaThread "Timer-167"                         [_thread_blocked, id=53540, stack(0x000000b269700000,0x000000b269800000) (1024K)]
  0x000002a5f3400a50 JavaThread "Worker-1162: Initialize workspace"        [_thread_blocked, id=53584, stack(0x000000b269f00000,0x000000b26a000000) (1024K)]
  0x000002a5f34031b0 JavaThread "Timer-168"                         [_thread_blocked, id=53748, stack(0x000000b26a600000,0x000000b26a700000) (1024K)]
  0x000002a5f3401770 JavaThread "Worker-1171: Initialize workspace"        [_thread_blocked, id=53860, stack(0x000000b26a700000,0x000000b26a800000) (1024K)]
  0x000002a5f3405910 JavaThread "Timer-169"                         [_thread_blocked, id=53912, stack(0x000000b26a500000,0x000000b26a600000) (1024K)]
  0x000002a5f3405fa0 JavaThread "Worker-1180: Initialize workspace"        [_thread_blocked, id=54048, stack(0x000000b26a800000,0x000000b26a900000) (1024K)]
  0x000002a5f3405280 JavaThread "Connection worker"                 [_thread_in_native, id=54068, stack(0x000000b26ac00000,0x000000b26ad00000) (1024K)]
  0x000002a5f3407350 JavaThread "pool-171-thread-1"                 [_thread_blocked, id=54100, stack(0x000000b26ae00000,0x000000b26af00000) (1024K)]
  0x000002a5f3403840 JavaThread "Timer-170"                         [_thread_blocked, id=54128, stack(0x000000b26aa00000,0x000000b26ab00000) (1024K)]
  0x000002a5f3402b20 JavaThread "Worker-1188: Initialize workspace"        [_thread_blocked, id=54240, stack(0x000000b26ab00000,0x000000b26ac00000) (1024K)]
  0x000002a5f3406cc0 JavaThread "Connection worker"                 [_thread_in_native, id=54268, stack(0x000000b26af00000,0x000000b26b000000) (1024K)]
  0x000002a5f3403ed0 JavaThread "pool-172-thread-1"                 [_thread_blocked, id=53544, stack(0x000000b26b000000,0x000000b26b100000) (1024K)]
  0x000002a5f3404bf0 JavaThread "Timer-171"                         [_thread_blocked, id=53560, stack(0x000000b26ad00000,0x000000b26ae00000) (1024K)]
  0x000002a5f3406630 JavaThread "Worker-1198: Initialize workspace"        [_thread_blocked, id=44960, stack(0x000000b261600000,0x000000b261700000) (1024K)]
  0x000002a5f3408d90 JavaThread "Timer-172"                         [_thread_blocked, id=53732, stack(0x000000b26b300000,0x000000b26b400000) (1024K)]
  0x000002a5f34079e0 JavaThread "Worker-1207: Initialize workspace"        [_thread_blocked, id=53952, stack(0x000000b26b100000,0x000000b26b200000) (1024K)]
  0x000002a5f340ae60 JavaThread "Connection worker"                 [_thread_in_native, id=53908, stack(0x000000b26b700000,0x000000b26b800000) (1024K)]
  0x000002a5f3408070 JavaThread "pool-174-thread-1"                 [_thread_blocked, id=53900, stack(0x000000b26b900000,0x000000b26ba00000) (1024K)]
  0x000002a5f340bb80 JavaThread "Timer-173"                         [_thread_blocked, id=52516, stack(0x000000b26b600000,0x000000b26b700000) (1024K)]
  0x000002a5f340a140 JavaThread "Worker-1216: Initialize workspace"        [_thread_blocked, id=53804, stack(0x000000b26bc00000,0x000000b26bd00000) (1024K)]
  0x000002a5f33f5fb0 JavaThread "Timer-174"                         [_thread_blocked, id=47496, stack(0x000000b268600000,0x000000b268700000) (1024K)]
  0x000002a5f340c210 JavaThread "Worker-1224: Initialize workspace"        [_thread_blocked, id=22492, stack(0x000000b268800000,0x000000b268900000) (1024K)]
  0x000002a5f33f1e10 JavaThread "Timer-175"                         [_thread_blocked, id=48356, stack(0x000000b268400000,0x000000b268500000) (1024K)]
  0x000002a5f33edc70 JavaThread "Worker-1231: Initialize workspace"        [_thread_blocked, id=53880, stack(0x000000b268000000,0x000000b268100000) (1024K)]
  0x000002a5f340e970 JavaThread "Connection worker"                 [_thread_in_native, id=17300, stack(0x000000b26b500000,0x000000b26b600000) (1024K)]
  0x000002a5f3409420 JavaThread "pool-176-thread-1"                 [_thread_blocked, id=54340, stack(0x000000b269800000,0x000000b269900000) (1024K)]
  0x000002a5f340f690 JavaThread "Connection worker"                 [_thread_in_native, id=54352, stack(0x000000b26c200000,0x000000b26c300000) (1024K)]
  0x000002a5f340f000 JavaThread "pool-177-thread-1"                 [_thread_blocked, id=54360, stack(0x000000b269b00000,0x000000b269c00000) (1024K)]
  0x000002a5f33fae70 JavaThread "Timer-176"                         [_thread_blocked, id=54420, stack(0x000000b269500000,0x000000b269600000) (1024K)]
  0x000002a5f3410a40 JavaThread "Worker-1243: Initialize workspace"        [_thread_blocked, id=54512, stack(0x000000b267100000,0x000000b267200000) (1024K)]
  0x000002a5f3414be0 JavaThread "Timer-177"                         [_thread_blocked, id=54592, stack(0x000000b26c600000,0x000000b26c700000) (1024K)]
  0x000002a5f34110d0 JavaThread "Worker-1252: Initialize workspace"        [_thread_blocked, id=54624, stack(0x000000b269600000,0x000000b269700000) (1024K)]
  0x000002a5f3416cb0 JavaThread "Connection worker"                 [_thread_in_native, id=54660, stack(0x000000b262300000,0x000000b262400000) (1024K)]
  0x000002a5f3416620 JavaThread "pool-179-thread-1"                 [_thread_blocked, id=54716, stack(0x000000b26cd00000,0x000000b26ce00000) (1024K)]
  0x000002a5f340e2e0 JavaThread "Timer-178"                         [_thread_blocked, id=55028, stack(0x000000b266e00000,0x000000b266f00000) (1024K)]
  0x000002a5f34179d0 JavaThread "Worker-1259: Initialize workspace"        [_thread_blocked, id=55132, stack(0x000000b266f00000,0x000000b267000000) (1024K)]
  0x000002a5f34186f0 JavaThread "Connection worker"                 [_thread_in_native, id=55172, stack(0x000000b26cc00000,0x000000b26cd00000) (1024K)]
  0x000002a5f3415900 JavaThread "pool-180-thread-1"                 [_thread_blocked, id=55216, stack(0x000000b26c300000,0x000000b26c400000) (1024K)]
  0x000002a5f3412480 JavaThread "Timer-179"                         [_thread_blocked, id=53020, stack(0x000000b26d000000,0x000000b26d100000) (1024K)]
  0x000002a5f341b4e0 JavaThread "Worker-1267: Initialize workspace"        [_thread_blocked, id=49968, stack(0x000000b265200000,0x000000b265300000) (1024K)]
  0x000002a5f3414550 JavaThread "Connection worker"                 [_thread_in_native, id=55220, stack(0x000000b267c00000,0x000000b267d00000) (1024K)]
  0x000002a5f341a7c0 JavaThread "pool-181-thread-1"                 [_thread_blocked, id=49412, stack(0x000000b26ca00000,0x000000b26cb00000) (1024K)]
  0x000002a5f341bb70 JavaThread "Timer-180"                         [_thread_blocked, id=51312, stack(0x000000b26d300000,0x000000b26d400000) (1024K)]
  0x000002a5f341c200 JavaThread "Timer-181"                         [_thread_blocked, id=55300, stack(0x000000b26d400000,0x000000b26d500000) (1024K)]
  0x000002a5f341ae50 JavaThread "Worker-1281: Initialize workspace"        [_thread_blocked, id=55392, stack(0x000000b268200000,0x000000b268300000) (1024K)]
  0x000002a5f341dc40 JavaThread "Timer-182"                         [_thread_blocked, id=55452, stack(0x000000b26d700000,0x000000b26d800000) (1024K)]
  0x000002a5f3418060 JavaThread "Worker-1290: Initialize workspace"        [_thread_blocked, id=55520, stack(0x000000b268500000,0x000000b268600000) (1024K)]
  0x000002a5f341a130 JavaThread "Connection worker"                 [_thread_in_native, id=55524, stack(0x000000b26d100000,0x000000b26d200000) (1024K)]
  0x000002a5f341fd10 JavaThread "pool-182-thread-1"                 [_thread_blocked, id=55548, stack(0x000000b26d800000,0x000000b26d900000) (1024K)]
  0x000002a5f341eff0 JavaThread "Connection worker"                 [_thread_in_native, id=55588, stack(0x000000b26da00000,0x000000b26db00000) (1024K)]
  0x000002a5f341cf20 JavaThread "Timer-183"                         [_thread_blocked, id=55648, stack(0x000000b265400000,0x000000b265500000) (1024K)]
  0x000002a5f3420a30 JavaThread "pool-184-thread-1"                 [_thread_blocked, id=55672, stack(0x000000b26dd00000,0x000000b26de00000) (1024K)]
  0x000002a5f34203a0 JavaThread "Worker-1301: Initialize workspace"        [_thread_blocked, id=55732, stack(0x000000b26d600000,0x000000b26d700000) (1024K)]
  0x000002a5f341e2d0 JavaThread "Timer-184"                         [_thread_blocked, id=55796, stack(0x000000b26d500000,0x000000b26d600000) (1024K)]
  0x000002a5f342bb60 JavaThread "Worker-1307: Initialize workspace"        [_thread_blocked, id=55852, stack(0x000000b26e200000,0x000000b26e300000) (1024K)]
  0x000002a5f3421de0 JavaThread "Timer-185"                         [_thread_blocked, id=55992, stack(0x000000b26e000000,0x000000b26e100000) (1024K)]
  0x000002a5f342c880 JavaThread "Worker-1316: Initialize workspace"        [_thread_blocked, id=56128, stack(0x000000b25f100000,0x000000b25f200000) (1024K)]
  0x000002a5f33fb500 JavaThread "Timer-186"                         [_thread_blocked, id=56184, stack(0x000000b26df00000,0x000000b26e000000) (1024K)]
  0x000002a5f33ee300 JavaThread "Worker-1324: Initialize workspace"        [_thread_blocked, id=56268, stack(0x000000b26e300000,0x000000b26e400000) (1024K)]
  0x000002a5f33fd5d0 JavaThread "Timer-187"                         [_thread_blocked, id=50460, stack(0x000000b26e500000,0x000000b26e600000) (1024K)]
  0x000002a5f33fcf40 JavaThread "Worker-1333: Initialize workspace"        [_thread_blocked, id=55464, stack(0x000000b264c00000,0x000000b264d00000) (1024K)]
  0x000002a5f33fbb90 JavaThread "Connection worker"                 [_thread_in_native, id=55680, stack(0x000000b269a00000,0x000000b269b00000) (1024K)]
  0x000002a5f3413830 JavaThread "pool-188-thread-1"                 [_thread_blocked, id=55424, stack(0x000000b26be00000,0x000000b26bf00000) (1024K)]
  0x000002a5f340d5c0 JavaThread "Timer-188"                         [_thread_blocked, id=55808, stack(0x000000b26c900000,0x000000b26ca00000) (1024K)]
  0x000002a5f34131a0 JavaThread "Timer-189"                         [_thread_blocked, id=45852, stack(0x000000b26c500000,0x000000b26c600000) (1024K)]
  0x000002a5f2df2470 JavaThread "Worker-1350: Initialize workspace"        [_thread_blocked, id=39028, stack(0x000000b26c800000,0x000000b26c900000) (1024K)]
  0x000002a5f2dff670 JavaThread "Timer-190"                         [_thread_blocked, id=38428, stack(0x000000b26c400000,0x000000b26c500000) (1024K)]
  0x000002a5f2df2b00 JavaThread "Worker-1361: Initialize workspace"        [_thread_blocked, id=55804, stack(0x000000b26ce00000,0x000000b26cf00000) (1024K)]
  0x000002a5f2e05250 JavaThread "Timer-191"                         [_thread_blocked, id=49660, stack(0x000000b26f500000,0x000000b26f600000) (1024K)]
  0x000002a5f2e00a20 JavaThread "Worker-1372: Initialize workspace"        [_thread_blocked, id=56528, stack(0x000000b26bf00000,0x000000b26c000000) (1024K)]
  0x000002a5f2e093f0 JavaThread "Connection worker"                 [_thread_in_native, id=56532, stack(0x000000b26ea00000,0x000000b26eb00000) (1024K)]
  0x000002a5f2e0cf00 JavaThread "pool-192-thread-1"                 [_thread_blocked, id=56560, stack(0x000000b26eb00000,0x000000b26ec00000) (1024K)]
  0x000002a5f3411df0 JavaThread "Timer-192"                         [_thread_blocked, id=56704, stack(0x000000b26b800000,0x000000b26b900000) (1024K)]
  0x000002a5f340fd20 JavaThread "Worker-1381: Initialize workspace"        [_thread_blocked, id=56792, stack(0x000000b26f900000,0x000000b26fa00000) (1024K)]
  0x000002a5f34003c0 JavaThread "Timer-193"                         [_thread_blocked, id=56888, stack(0x000000b26fc00000,0x000000b26fd00000) (1024K)]
  0x000002a5ea2bdb80 JavaThread "Worker-1390: Initialize workspace"        [_thread_blocked, id=56940, stack(0x000000b269900000,0x000000b269a00000) (1024K)]
  0x000002a5ea2be210 JavaThread "Timer-194"                         [_thread_blocked, id=57024, stack(0x000000b26c000000,0x000000b26c100000) (1024K)]
  0x000002a5ea2bb420 JavaThread "Worker-1399: Initialize workspace"        [_thread_blocked, id=57040, stack(0x000000b26f800000,0x000000b26f900000) (1024K)]
  0x000002a5f340cf30 JavaThread "Connection worker"                 [_thread_in_native, id=57068, stack(0x000000b26ff00000,0x000000b270000000) (1024K)]
  0x000002a5f3417340 JavaThread "pool-195-thread-1"                 [_thread_blocked, id=57080, stack(0x000000b270000000,0x000000b270100000) (1024K)]
  0x000002a5e87177d0 JavaThread "Timer-195"                         [_thread_blocked, id=57096, stack(0x000000b270300000,0x000000b270400000) (1024K)]
  0x000002a5ea2bfc50 JavaThread "Worker-1411: Initialize workspace"        [_thread_blocked, id=52208, stack(0x000000b26fe00000,0x000000b26ff00000) (1024K)]
  0x000002a5ea7e4420 JavaThread "Connection worker"                 [_thread_in_native, id=31484, stack(0x000000b270700000,0x000000b270800000) (1024K)]
  0x000002a5f37c2a70 JavaThread "pool-196-thread-1"                 [_thread_blocked, id=55940, stack(0x000000b270c00000,0x000000b270d00000) (1024K)]
  0x000002a5f37c3e20 JavaThread "Timer-196"                         [_thread_blocked, id=57100, stack(0x000000b270e00000,0x000000b270f00000) (1024K)]
  0x000002a5f37c3790 JavaThread "Worker-1422: Initialize workspace"        [_thread_blocked, id=55544, stack(0x000000b270100000,0x000000b270200000) (1024K)]
  0x000002a5f37c1030 JavaThread "Timer-197"                         [_thread_blocked, id=32396, stack(0x000000b270f00000,0x000000b271000000) (1024K)]
  0x000002a5f37c4b40 JavaThread "Worker-1427: Initialize workspace"        [_thread_blocked, id=57260, stack(0x000000b266c00000,0x000000b266d00000) (1024K)]
  0x000002a5f37c16c0 JavaThread "Connection worker"                 [_thread_in_native, id=44308, stack(0x000000b271000000,0x000000b271100000) (1024K)]
  0x000002a5f37c5860 JavaThread "Connection worker"                 [_thread_in_native, id=45452, stack(0x000000b271100000,0x000000b271200000) (1024K)]
  0x000002a5f37c51d0 JavaThread "pool-198-thread-1"                 [_thread_blocked, id=55748, stack(0x000000b26cf00000,0x000000b26d000000) (1024K)]
  0x000002a5f37c44b0 JavaThread "pool-199-thread-1"                 [_thread_blocked, id=54308, stack(0x000000b270a00000,0x000000b270b00000) (1024K)]
  0x000002a5f37c9370 JavaThread "Timer-198"                         [_thread_blocked, id=57484, stack(0x000000b271600000,0x000000b271700000) (1024K)]
  0x000002a5f37c23e0 JavaThread "Worker-1436: Initialize workspace"        [_thread_blocked, id=57716, stack(0x000000b271300000,0x000000b271400000) (1024K)]
  0x000002a5f37cadb0 JavaThread "Timer-199"                         [_thread_blocked, id=57984, stack(0x000000b271c00000,0x000000b271d00000) (1024K)]
  0x000002a5f37c7930 JavaThread "Worker-1447: Initialize workspace"        [_thread_blocked, id=40528, stack(0x000000b271500000,0x000000b271600000) (1024K)]
  0x000002a5f37c5ef0 JavaThread "Connection worker"                 [_thread_in_native, id=11340, stack(0x000000b271e00000,0x000000b271f00000) (1024K)]
  0x000002a5f37cb440 JavaThread "pool-201-thread-1"                 [_thread_blocked, id=57536, stack(0x000000b271d00000,0x000000b271e00000) (1024K)]
  0x000002a5f37c7fc0 JavaThread "Timer-200"                         [_thread_blocked, id=52008, stack(0x000000b271800000,0x000000b271900000) (1024K)]
  0x000002a5f37cc160 JavaThread "Worker-1454: Initialize workspace"        [_thread_blocked, id=57724, stack(0x000000b272000000,0x000000b272100000) (1024K)]
  0x000002a5f37c8ce0 JavaThread "Timer-201"                         [_thread_blocked, id=49676, stack(0x000000b271f00000,0x000000b272000000) (1024K)]
  0x000002a5f37d0300 JavaThread "Worker-1461: Initialize workspace"        [_thread_blocked, id=49552, stack(0x000000b272400000,0x000000b272500000) (1024K)]
  0x000002a5f37c72a0 JavaThread "Timer-202"                         [_thread_blocked, id=54212, stack(0x000000b271b00000,0x000000b271c00000) (1024K)]
  0x000002a5f37ce230 JavaThread "Worker-1470: Initialize workspace"        [_thread_blocked, id=58244, stack(0x000000b26ec00000,0x000000b26ed00000) (1024K)]
  0x000002a5f37cf5e0 JavaThread "Connection worker"                 [_thread_in_native, id=57792, stack(0x000000b272300000,0x000000b272400000) (1024K)]
  0x000002a5f37cfc70 JavaThread "pool-204-thread-1"                 [_thread_blocked, id=31864, stack(0x000000b272500000,0x000000b272600000) (1024K)]
  0x000002a5f37d44a0 JavaThread "Timer-203"                         [_thread_blocked, id=58092, stack(0x000000b272e00000,0x000000b272f00000) (1024K)]
  0x000002a5f37c6580 JavaThread "Worker-1481: Initialize workspace"        [_thread_blocked, id=58436, stack(0x000000b265600000,0x000000b265700000) (1024K)]
  0x000002a5f37cc7f0 JavaThread "Connection worker"                 [_thread_in_native, id=58468, stack(0x000000b272800000,0x000000b272900000) (1024K)]
  0x000002a5f37d1d40 JavaThread "pool-205-thread-1"                 [_thread_blocked, id=58472, stack(0x000000b272a00000,0x000000b272b00000) (1024K)]
  0x000002a5f37ca090 JavaThread "Timer-204"                         [_thread_blocked, id=58704, stack(0x000000b26ef00000,0x000000b26f000000) (1024K)]
  0x000002a5f37d4b30 JavaThread "Worker-1493: Initialize workspace"        [_thread_blocked, id=58828, stack(0x000000b26f200000,0x000000b26f300000) (1024K)]
  0x000002a5f37d5ee0 JavaThread "Timer-205"                         [_thread_blocked, id=59020, stack(0x000000b25b600000,0x000000b25b700000) (1024K)]
  0x000002a5f37d23d0 JavaThread "Worker-1505: Initialize workspace"        [_thread_blocked, id=59176, stack(0x000000b26f600000,0x000000b26f700000) (1024K)]
  0x000002a5f37d6570 JavaThread "Connection worker"                 [_thread_in_native, id=59184, stack(0x000000b26f400000,0x000000b26f500000) (1024K)]
  0x000002a5f37d7290 JavaThread "pool-206-thread-1"                 [_thread_blocked, id=59276, stack(0x000000b270400000,0x000000b270500000) (1024K)]
  0x000002a5f37d8640 JavaThread "Timer-206"                         [_thread_blocked, id=59352, stack(0x000000b273500000,0x000000b273600000) (1024K)]
  0x000002a5f37d8cd0 JavaThread "Worker-1514: Initialize workspace"        [_thread_blocked, id=32540, stack(0x000000b26ed00000,0x000000b26ee00000) (1024K)]
  0x000002a5f37d9360 JavaThread "Connection worker"                 [_thread_in_native, id=51464, stack(0x000000b273600000,0x000000b273700000) (1024K)]
  0x000002a5f37d6c00 JavaThread "pool-208-thread-1"                 [_thread_blocked, id=51404, stack(0x000000b26f000000,0x000000b26f100000) (1024K)]
  0x000002a5f37d7920 JavaThread "Timer-207"                         [_thread_blocked, id=58832, stack(0x000000b273700000,0x000000b273800000) (1024K)]
  0x000002a5f37d5850 JavaThread "Worker-1523: Initialize workspace"        [_thread_blocked, id=59024, stack(0x000000b273300000,0x000000b273400000) (1024K)]
  0x000002a5f37dce70 JavaThread "Timer-208"                         [_thread_blocked, id=59048, stack(0x000000b273b00000,0x000000b273c00000) (1024K)]
  0x000002a5f37da080 JavaThread "Worker-1536: Initialize workspace"        [_thread_blocked, id=54748, stack(0x000000b273800000,0x000000b273900000) (1024K)]
  0x000002a5f37ddb90 JavaThread "Connection worker"                 [_thread_in_native, id=13600, stack(0x000000b273d00000,0x000000b273e00000) (1024K)]
  0x000002a5f37de8b0 JavaThread "pool-210-thread-1"                 [_thread_blocked, id=59272, stack(0x000000b270800000,0x000000b270900000) (1024K)]
  0x000002a5f37db430 JavaThread "Timer-209"                         [_thread_blocked, id=50272, stack(0x000000b273f00000,0x000000b274000000) (1024K)]
  0x000002a5f37def40 JavaThread "Worker-1546: Initialize workspace"        [_thread_blocked, id=11312, stack(0x000000b273c00000,0x000000b273d00000) (1024K)]
  0x000002a5f37de220 JavaThread "Connection worker"                 [_thread_in_native, id=57144, stack(0x000000b273e00000,0x000000b273f00000) (1024K)]
  0x000002a5f37dc150 JavaThread "pool-211-thread-1"                 [_thread_blocked, id=59256, stack(0x000000b274100000,0x000000b274200000) (1024K)]
  0x000002a5f37d16b0 JavaThread "Timer-210"                         [_thread_blocked, id=51664, stack(0x000000b26f100000,0x000000b26f200000) (1024K)]
  0x000002a5f37dbac0 JavaThread "Worker-1554: Initialize workspace"        [_thread_blocked, id=58840, stack(0x000000b270500000,0x000000b270600000) (1024K)]
  0x000002a5f37d0990 JavaThread "Connection worker"                 [_thread_in_native, id=46052, stack(0x000000b270900000,0x000000b270a00000) (1024K)]
  0x000002a5f37ce8c0 JavaThread "pool-212-thread-1"                 [_thread_blocked, id=54152, stack(0x000000b271200000,0x000000b271300000) (1024K)]
  0x000002a5f37d2a60 JavaThread "Timer-211"                         [_thread_blocked, id=58360, stack(0x000000b271400000,0x000000b271500000) (1024K)]
  0x000002a5f37c1d50 JavaThread "Worker-1569: Initialize workspace"        [_thread_blocked, id=57664, stack(0x000000b26ee00000,0x000000b26ef00000) (1024K)]
  0x000002a5f37d1020 JavaThread "Connection worker"                 [_thread_in_native, id=59320, stack(0x000000b272900000,0x000000b272a00000) (1024K)]
  0x000002a5f37cdba0 JavaThread "pool-213-thread-1"                 [_thread_blocked, id=58512, stack(0x000000b272b00000,0x000000b272c00000) (1024K)]
  0x000002a5f37d30f0 JavaThread "Timer-212"                         [_thread_blocked, id=59356, stack(0x000000b272c00000,0x000000b272d00000) (1024K)]
  0x000002a5f37c8650 JavaThread "Worker-1578: Initialize workspace"        [_thread_blocked, id=12200, stack(0x000000b26f300000,0x000000b26f400000) (1024K)]
  0x000002a5f37d3e10 JavaThread "Timer-213"                         [_thread_blocked, id=58868, stack(0x000000b272600000,0x000000b272700000) (1024K)]
  0x000002a5f37cd510 JavaThread "Worker-1585: Initialize workspace"        [_thread_blocked, id=52540, stack(0x000000b270200000,0x000000b270300000) (1024K)]
  0x000002a5f37dc7e0 JavaThread "Connection worker"                 [_thread_in_native, id=39956, stack(0x000000b270600000,0x000000b270700000) (1024K)]
  0x000002a5f37e02f0 JavaThread "Connection worker"                 [_thread_in_native, id=54620, stack(0x000000b273100000,0x000000b273200000) (1024K)]
  0x000002a5f37dfc60 JavaThread "pool-214-thread-1"                 [_thread_blocked, id=52512, stack(0x000000b273200000,0x000000b273300000) (1024K)]
  0x000002a5f37e0980 JavaThread "pool-215-thread-1"                 [_thread_blocked, id=55472, stack(0x000000b274000000,0x000000b274100000) (1024K)]
  0x000002a5f37e30e0 JavaThread "Timer-214"                         [_thread_blocked, id=59820, stack(0x000000b274800000,0x000000b274900000) (1024K)]
  0x000002a5f37e2a50 JavaThread "Worker-1600: Initialize workspace"        [_thread_blocked, id=60328, stack(0x000000b274400000,0x000000b274500000) (1024K)]
  0x000002a5f37e3e00 JavaThread "Connection worker"                 [_thread_in_native, id=55356, stack(0x000000b275100000,0x000000b275200000) (1024K)]
  0x000002a5f37e8cc0 JavaThread "pool-216-thread-1"                 [_thread_blocked, id=4144, stack(0x000000b275300000,0x000000b275400000) (1024K)]
  0x000002a5f37e9350 JavaThread "Timer-215"                         [_thread_blocked, id=60776, stack(0x000000b275500000,0x000000b275600000) (1024K)]
  0x000002a5f37e7fa0 JavaThread "Worker-1616: Initialize workspace"        [_thread_blocked, id=61312, stack(0x000000b265d00000,0x000000b265e00000) (1024K)]
  0x000002a5f37e6560 JavaThread "Connection worker"                 [_thread_in_native, id=61352, stack(0x000000b26a000000,0x000000b26a100000) (1024K)]
  0x000002a5f37e6bf0 JavaThread "Connection worker"                 [_thread_in_native, id=61356, stack(0x000000b26a100000,0x000000b26a200000) (1024K)]
  0x000002a5f37ea070 JavaThread "pool-217-thread-1"                 [_thread_blocked, id=61388, stack(0x000000b274900000,0x000000b274a00000) (1024K)]
  0x000002a5f37ebab0 JavaThread "Timer-216"                         [_thread_blocked, id=60516, stack(0x000000b274e00000,0x000000b274f00000) (1024K)]
  0x000002a5f37ece60 JavaThread "Connection worker"                 [_thread_blocked, id=47680, stack(0x000000b264d00000,0x000000b264e00000) (1024K)]
  0x000002a5f37c9a00 JavaThread "Connection worker"                 [_thread_blocked, id=56040, stack(0x000000b266500000,0x000000b266600000) (1024K)]
  0x000002a5f37da710 JavaThread "Connection worker"                 [_thread_blocked, id=56060, stack(0x000000b267f00000,0x000000b268000000) (1024K)]
  0x000002a5f37eb420 JavaThread "Connection worker"                 [_thread_blocked, id=56104, stack(0x000000b255800000,0x000000b255900000) (1024K)]
  0x000002a5f37efc50 JavaThread "Connection worker"                 [_thread_in_native, id=59876, stack(0x000000b240c00000,0x000000b240d00000) (1024K)]
  0x000002a5f37f7900 JavaThread "pool-237-thread-1"                 [_thread_blocked, id=65532, stack(0x000000b267200000,0x000000b267300000) (1024K)]
  0x000002a5f37f8620 JavaThread "pool-241-thread-1"                 [_thread_blocked, id=52136, stack(0x000000b268d00000,0x000000b268e00000) (1024K)]
  0x000002a5f37fc7c0 JavaThread "pool-235-thread-1"                 [_thread_blocked, id=56388, stack(0x000000b26c100000,0x000000b26c200000) (1024K)]
  0x000002a5f37fc130 JavaThread "pool-218-thread-1"                 [_thread_blocked, id=59940, stack(0x000000b26db00000,0x000000b26dc00000) (1024K)]
  0x000002a5f37fa6f0 JavaThread "pool-233-thread-1"                 [_thread_blocked, id=50704, stack(0x000000b26e400000,0x000000b26e500000) (1024K)]
  0x000002a5f37fe200 JavaThread "pool-221-thread-1"                 [_thread_blocked, id=59668, stack(0x000000b270b00000,0x000000b270c00000) (1024K)]
  0x000002a5f33f31c0 JavaThread "<un-named>"                
[error occurred during error reporting (printing all threads), id 0xc0000005, EXCEPTION_ACCESS_VIOLATION (0xc0000005) at pc=0x00007ff93323105d]
VM state: at safepoint (normal execution)

VM Mutex/Monitor currently owned by a thread:  ([mutex/lock_event])
[0x00007ff933aff5b0] Threads_lock - owner thread: 0x000002a588323730
[0x00007ff933aff6b0] Heap_lock - owner thread: 0x000002a5f37f6550

Heap address: 0x0000000080000000, size: 2048 MB, Compressed Oops mode: 32-bit

CDS archive(s) mapped at: [0x000002a59f000000-0x000002a59fba0000-0x000002a59fba0000), size 12189696, SharedBaseAddress: 0x000002a59f000000, ArchiveRelocationMode: 1.
Compressed class space mapped at: 0x000002a5a0000000-0x000002a5e0000000, reserved size: 1073741824
Narrow klass base: 0x000002a59f000000, Narrow klass shift: 0, Narrow klass range: 0x100000000

GC Precious Log:
 CardTable entry size: 512
 CPUs: 12 total, 12 available
 Memory: 16076M
 Large Page Support: Disabled
 NUMA Support: Disabled
 Compressed Oops: Enabled (32-bit)
 Alignments: Space 512K, Generation 512K, Heap 2M
 Heap Min Capacity: 100M
 Heap Initial Capacity: 100M
 Heap Max Capacity: 2G
 Pre-touch: Disabled
 Parallel Workers: 10

Heap:
 PSYoungGen      total 2560K, used 2560K [0x00000000d5580000, 0x00000000d5a00000, 0x0000000100000000)
  eden space 2048K, 100% used [0x00000000d5580000,0x00000000d5780000,0x00000000d5780000)
  from space 512K, 100% used [0x00000000d5980000,0x00000000d5a00000,0x00000000d5a00000)
  to   space 1024K, 34% used [0x00000000d5800000,0x00000000d5858000,0x00000000d5900000)
 ParOldGen       total 161280K, used 161022K [0x0000000080000000, 0x0000000089d80000, 0x00000000d5580000)
  object space 161280K, 99% used [0x0000000080000000,0x0000000089d3f9b0,0x0000000089d80000)
 Metaspace       used 76293K, committed 78336K, reserved 1179648K
  class space    used 9034K, committed 9984K, reserved 1048576K

Card table byte_map: [0x000002a587c20000,0x000002a588030000] _byte_map_base: 0x000002a587820000

Marking Bits: (ParMarkBitMap*) 0x00007ff933b044a0
 Begin Bits: [0x000002a59a730000, 0x000002a59c730000)
 End Bits:   [0x000002a59c730000, 0x000002a59e730000)

Polling page: 0x000002a586080000

Metaspace:

Usage:
  Non-class:     65.68 MB used.
      Class:      8.82 MB used.
       Both:     74.51 MB used.

Virtual space:
  Non-class space:      128.00 MB reserved,      66.75 MB ( 52%) committed,  2 nodes.
      Class space:        1.00 GB reserved,       9.75 MB ( <1%) committed,  1 nodes.
             Both:        1.12 GB reserved,      76.50 MB (  7%) committed. 

Chunk freelists:
   Non-Class:  12.34 MB
       Class:  6.11 MB
        Both:  18.45 MB

MaxMetaspaceSize: unlimited
CompressedClassSpaceSize: 1.00 GB
Initial GC threshold: 21.00 MB
Current GC threshold: 127.12 MB
CDS: on
 - commit_granule_bytes: 65536.
 - commit_granule_words: 8192.
 - virtual_space_node_default_size: 8388608.
 - enlarge_chunks_in_place: 1.
 - use_allocation_guard: 0.


Internal statistics:

num_allocs_failed_limit: 9.
num_arena_births: 2428.
num_arena_deaths: 76.
num_vsnodes_births: 3.
num_vsnodes_deaths: 0.
num_space_committed: 1224.
num_space_uncommitted: 0.
num_chunks_returned_to_freelist: 103.
num_chunks_taken_from_freelist: 6023.
num_chunk_merges: 17.
num_chunk_splits: 3793.
num_chunks_enlarged: 2258.
num_inconsistent_stats: 0.

CodeHeap 'non-profiled nmethods': size=120000Kb used=11288Kb max_used=12388Kb free=108711Kb
 bounds [0x000002a592f50000, 0x000002a593b70000, 0x000002a59a480000]
CodeHeap 'profiled nmethods': size=120000Kb used=22738Kb max_used=30322Kb free=97261Kb
 bounds [0x000002a58b480000, 0x000002a58d220000, 0x000002a5929b0000]
CodeHeap 'non-nmethods': size=5760Kb used=1413Kb max_used=1474Kb free=4346Kb
 bounds [0x000002a5929b0000, 0x000002a592c20000, 0x000002a592f50000]
CodeCache: size=245760Kb, used=35439Kb, max_used=44184Kb, free=210318Kb
 total_blobs=12877, nmethods=12159, adapters=623, full_count=0
Compilation: enabled, stopped_count=0, restarted_count=0

Compilation events (20 events):
Event: 683.477 Thread 0x000002a5e103b5a0 16480       3       sun.management.spi.PlatformMBeanProvider$PlatformComponent$$Lambda/0x000002a5a03e3d48::test (9 bytes)
Event: 683.477 Thread 0x000002a5e103b5a0 nmethod 16480 0x000002a58bd66d90 code [0x000002a58bd66f40, 0x000002a58bd67088]
Event: 683.477 Thread 0x000002a5e103b5a0 16481       3       org.gradle.tooling.internal.consumer.parameters.ConsumerOperationParameters::getGradleUserHomeDir (10 bytes)
Event: 683.478 Thread 0x000002a5e103b5a0 nmethod 16481 0x000002a58bdd9590 code [0x000002a58bdd9740, 0x000002a58bdd98a8]
Event: 683.478 Thread 0x000002a5e103b5a0 16482       3       org.gradle.tooling.internal.consumer.parameters.ConsumerOperationParameters::getVerboseLogging (10 bytes)
Event: 683.478 Thread 0x000002a5e103b5a0 nmethod 16482 0x000002a58be02590 code [0x000002a58be02740, 0x000002a58be028b0]
Event: 683.478 Thread 0x000002a5e103b5a0 16483       3       org.gradle.tooling.internal.consumer.parameters.ConsumerOperationParameters::getDaemonMaxIdleTimeValue (10 bytes)
Event: 683.479 Thread 0x000002a5e103b5a0 nmethod 16483 0x000002a58be22210 code [0x000002a58be223c0, 0x000002a58be22528]
Event: 683.495 Thread 0x000002a5e103b5a0 16484       3       jdk.internal.math.DoubleToDecimal::append (19 bytes)
Event: 683.496 Thread 0x000002a5e103b5a0 nmethod 16484 0x000002a58be40010 code [0x000002a58be401c0, 0x000002a58be40300]
Event: 683.522 Thread 0x000002a5e103b5a0 16485       3       java.lang.management.ManagementFactory$PlatformMBeanFinder::findSingleton (109 bytes)
Event: 683.527 Thread 0x000002a5e103b5a0 nmethod 16485 0x000002a58c627710 code [0x000002a58c627b20, 0x000002a58c629930]
Event: 683.527 Thread 0x000002a5e103b5a0 16486       3       java.lang.management.ManagementFactory$PlatformMBeanFinder::getMap (4 bytes)
Event: 683.528 Thread 0x000002a5e103b5a0 nmethod 16486 0x000002a58bc4dc90 code [0x000002a58bc4de20, 0x000002a58bc4df18]
Event: 683.528 Thread 0x000002a5e103b5a0 16487       3       jdk.management.jfr.internal.FlightRecorderMXBeanProvider$SingleMBeanComponent::mbeanInterfaceNames (11 bytes)
Event: 683.528 Thread 0x000002a5e103b5a0 nmethod 16487 0x000002a58bad4890 code [0x000002a58bad4a80, 0x000002a58bad4eb8]
Event: 683.528 Thread 0x000002a5e103b5a0 16488       3       sun.management.spi.PlatformMBeanProvider$PlatformComponent$$Lambda/0x000002a5a03e3fa0::apply (9 bytes)
Event: 683.529 Thread 0x000002a5e103b5a0 nmethod 16488 0x000002a58c176f90 code [0x000002a58c177160, 0x000002a58c177468]
Event: 683.529 Thread 0x000002a5e103b5a0 16489       3       java.lang.invoke.LambdaFormEditor::filterReturnForm (383 bytes)
Event: 683.533 Thread 0x000002a5e103b5a0 nmethod 16489 0x000002a58b4d9e90 code [0x000002a58b4da2e0, 0x000002a58b4dc078]

GC Heap History (20 events):
Event: 683.061 GC heap before
{Heap before GC invocations=7811 (full 6):
 PSYoungGen      total 2560K, used 2336K [0x00000000d5580000, 0x00000000d5a00000, 0x0000000100000000)
  eden space 2048K, 100% used [0x00000000d5580000,0x00000000d5780000,0x00000000d5780000)
  from space 512K, 56% used [0x00000000d5980000,0x00000000d59c8000,0x00000000d5a00000)
  to   space 512K, 0% used [0x00000000d5900000,0x00000000d5900000,0x00000000d5980000)
 ParOldGen       total 159744K, used 159362K [0x0000000080000000, 0x0000000089c00000, 0x00000000d5580000)
  object space 159744K, 99% used [0x0000000080000000,0x0000000089ba0940,0x0000000089c00000)
 Metaspace       used 76288K, committed 78336K, reserved 1179648K
  class space    used 9034K, committed 9984K, reserved 1048576K
}
Event: 683.063 GC heap after
{Heap after GC invocations=7811 (full 6):
 PSYoungGen      total 2560K, used 256K [0x00000000d5580000, 0x00000000d5a00000, 0x0000000100000000)
  eden space 2048K, 0% used [0x00000000d5580000,0x00000000d5580000,0x00000000d5780000)
  from space 512K, 50% used [0x00000000d5900000,0x00000000d5940000,0x00000000d5980000)
  to   space 512K, 0% used [0x00000000d5980000,0x00000000d5980000,0x00000000d5a00000)
 ParOldGen       total 159744K, used 159402K [0x0000000080000000, 0x0000000089c00000, 0x00000000d5580000)
  object space 159744K, 99% used [0x0000000080000000,0x0000000089baa940,0x0000000089c00000)
 Metaspace       used 76288K, committed 78336K, reserved 1179648K
  class space    used 9034K, committed 9984K, reserved 1048576K
}
Event: 683.107 GC heap before
{Heap before GC invocations=7812 (full 6):
 PSYoungGen      total 2560K, used 2304K [0x00000000d5580000, 0x00000000d5a00000, 0x0000000100000000)
  eden space 2048K, 100% used [0x00000000d5580000,0x00000000d5780000,0x00000000d5780000)
  from space 512K, 50% used [0x00000000d5900000,0x00000000d5940000,0x00000000d5980000)
  to   space 512K, 0% used [0x00000000d5980000,0x00000000d5980000,0x00000000d5a00000)
 ParOldGen       total 159744K, used 159402K [0x0000000080000000, 0x0000000089c00000, 0x00000000d5580000)
  object space 159744K, 99% used [0x0000000080000000,0x0000000089baa940,0x0000000089c00000)
 Metaspace       used 76288K, committed 78336K, reserved 1179648K
  class space    used 9034K, committed 9984K, reserved 1048576K
}
Event: 683.112 GC heap after
{Heap after GC invocations=7812 (full 6):
 PSYoungGen      total 2560K, used 256K [0x00000000d5580000, 0x00000000d5a00000, 0x0000000100000000)
  eden space 2048K, 0% used [0x00000000d5580000,0x00000000d5580000,0x00000000d5780000)
  from space 512K, 50% used [0x00000000d5980000,0x00000000d59c0000,0x00000000d5a00000)
  to   space 512K, 0% used [0x00000000d5900000,0x00000000d5900000,0x00000000d5980000)
 ParOldGen       total 159744K, used 159502K [0x0000000080000000, 0x0000000089c00000, 0x00000000d5580000)
  object space 159744K, 99% used [0x0000000080000000,0x0000000089bc3950,0x0000000089c00000)
 Metaspace       used 76288K, committed 78336K, reserved 1179648K
  class space    used 9034K, committed 9984K, reserved 1048576K
}
Event: 683.309 GC heap before
{Heap before GC invocations=7813 (full 6):
 PSYoungGen      total 2560K, used 2304K [0x00000000d5580000, 0x00000000d5a00000, 0x0000000100000000)
  eden space 2048K, 100% used [0x00000000d5580000,0x00000000d5780000,0x00000000d5780000)
  from space 512K, 50% used [0x00000000d5980000,0x00000000d59c0000,0x00000000d5a00000)
  to   space 512K, 0% used [0x00000000d5900000,0x00000000d5900000,0x00000000d5980000)
 ParOldGen       total 159744K, used 159502K [0x0000000080000000, 0x0000000089c00000, 0x00000000d5580000)
  object space 159744K, 99% used [0x0000000080000000,0x0000000089bc3950,0x0000000089c00000)
 Metaspace       used 76288K, committed 78336K, reserved 1179648K
  class space    used 9034K, committed 9984K, reserved 1048576K
}
Event: 683.310 GC heap after
{Heap after GC invocations=7813 (full 6):
 PSYoungGen      total 2560K, used 288K [0x00000000d5580000, 0x00000000d5a00000, 0x0000000100000000)
  eden space 2048K, 0% used [0x00000000d5580000,0x00000000d5580000,0x00000000d5780000)
  from space 512K, 56% used [0x00000000d5900000,0x00000000d5948000,0x00000000d5980000)
  to   space 512K, 0% used [0x00000000d5980000,0x00000000d5980000,0x00000000d5a00000)
 ParOldGen       total 159744K, used 159550K [0x0000000080000000, 0x0000000089c00000, 0x00000000d5580000)
  object space 159744K, 99% used [0x0000000080000000,0x0000000089bcf950,0x0000000089c00000)
 Metaspace       used 76288K, committed 78336K, reserved 1179648K
  class space    used 9034K, committed 9984K, reserved 1048576K
}
Event: 683.319 GC heap before
{Heap before GC invocations=7814 (full 6):
 PSYoungGen      total 2560K, used 2335K [0x00000000d5580000, 0x00000000d5a00000, 0x0000000100000000)
  eden space 2048K, 99% used [0x00000000d5580000,0x00000000d577ffd8,0x00000000d5780000)
  from space 512K, 56% used [0x00000000d5900000,0x00000000d5948000,0x00000000d5980000)
  to   space 512K, 0% used [0x00000000d5980000,0x00000000d5980000,0x00000000d5a00000)
 ParOldGen       total 159744K, used 159550K [0x0000000080000000, 0x0000000089c00000, 0x00000000d5580000)
  object space 159744K, 99% used [0x0000000080000000,0x0000000089bcf950,0x0000000089c00000)
 Metaspace       used 76288K, committed 78336K, reserved 1179648K
  class space    used 9034K, committed 9984K, reserved 1048576K
}
Event: 683.321 GC heap after
{Heap after GC invocations=7814 (full 6):
 PSYoungGen      total 2560K, used 288K [0x00000000d5580000, 0x00000000d5a00000, 0x0000000100000000)
  eden space 2048K, 0% used [0x00000000d5580000,0x00000000d5580000,0x00000000d5780000)
  from space 512K, 56% used [0x00000000d5980000,0x00000000d59c8000,0x00000000d5a00000)
  to   space 512K, 0% used [0x00000000d5900000,0x00000000d5900000,0x00000000d5980000)
 ParOldGen       total 159744K, used 159630K [0x0000000080000000, 0x0000000089c00000, 0x00000000d5580000)
  object space 159744K, 99% used [0x0000000080000000,0x0000000089be3960,0x0000000089c00000)
 Metaspace       used 76288K, committed 78336K, reserved 1179648K
  class space    used 9034K, committed 9984K, reserved 1048576K
}
Event: 683.359 GC heap before
{Heap before GC invocations=7815 (full 6):
 PSYoungGen      total 2560K, used 2335K [0x00000000d5580000, 0x00000000d5a00000, 0x0000000100000000)
  eden space 2048K, 99% used [0x00000000d5580000,0x00000000d577fff8,0x00000000d5780000)
  from space 512K, 56% used [0x00000000d5980000,0x00000000d59c8000,0x00000000d5a00000)
  to   space 512K, 0% used [0x00000000d5900000,0x00000000d5900000,0x00000000d5980000)
 ParOldGen       total 159744K, used 159630K [0x0000000080000000, 0x0000000089c00000, 0x00000000d5580000)
  object space 159744K, 99% used [0x0000000080000000,0x0000000089be3960,0x0000000089c00000)
 Metaspace       used 76291K, committed 78336K, reserved 1179648K
  class space    used 9034K, committed 9984K, reserved 1048576K
}
Event: 683.361 GC heap after
{Heap after GC invocations=7815 (full 6):
 PSYoungGen      total 2560K, used 256K [0x00000000d5580000, 0x00000000d5a00000, 0x0000000100000000)
  eden space 2048K, 0% used [0x00000000d5580000,0x00000000d5580000,0x00000000d5780000)
  from space 512K, 50% used [0x00000000d5900000,0x00000000d5940000,0x00000000d5980000)
  to   space 512K, 0% used [0x00000000d5980000,0x00000000d5980000,0x00000000d5a00000)
 ParOldGen       total 160256K, used 159758K [0x0000000080000000, 0x0000000089c80000, 0x00000000d5580000)
  object space 160256K, 99% used [0x0000000080000000,0x0000000089c03980,0x0000000089c80000)
 Metaspace       used 76291K, committed 78336K, reserved 1179648K
  class space    used 9034K, committed 9984K, reserved 1048576K
}
Event: 683.396 GC heap before
{Heap before GC invocations=7816 (full 6):
 PSYoungGen      total 2560K, used 2304K [0x00000000d5580000, 0x00000000d5a00000, 0x0000000100000000)
  eden space 2048K, 100% used [0x00000000d5580000,0x00000000d5780000,0x00000000d5780000)
  from space 512K, 50% used [0x00000000d5900000,0x00000000d5940000,0x00000000d5980000)
  to   space 512K, 0% used [0x00000000d5980000,0x00000000d5980000,0x00000000d5a00000)
 ParOldGen       total 160256K, used 159758K [0x0000000080000000, 0x0000000089c80000, 0x00000000d5580000)
  object space 160256K, 99% used [0x0000000080000000,0x0000000089c03980,0x0000000089c80000)
 Metaspace       used 76291K, committed 78336K, reserved 1179648K
  class space    used 9034K, committed 9984K, reserved 1048576K
}
Event: 683.399 GC heap after
{Heap after GC invocations=7816 (full 6):
 PSYoungGen      total 2560K, used 256K [0x00000000d5580000, 0x00000000d5a00000, 0x0000000100000000)
  eden space 2048K, 0% used [0x00000000d5580000,0x00000000d5580000,0x00000000d5780000)
  from space 512K, 50% used [0x00000000d5980000,0x00000000d59c0000,0x00000000d5a00000)
  to   space 512K, 0% used [0x00000000d5900000,0x00000000d5900000,0x00000000d5980000)
 ParOldGen       total 160256K, used 159830K [0x0000000080000000, 0x0000000089c80000, 0x00000000d5580000)
  object space 160256K, 99% used [0x0000000080000000,0x0000000089c15980,0x0000000089c80000)
 Metaspace       used 76291K, committed 78336K, reserved 1179648K
  class space    used 9034K, committed 9984K, reserved 1048576K
}
Event: 683.422 GC heap before
{Heap before GC invocations=7817 (full 6):
 PSYoungGen      total 2560K, used 2303K [0x00000000d5580000, 0x00000000d5a00000, 0x0000000100000000)
  eden space 2048K, 99% used [0x00000000d5580000,0x00000000d577fff0,0x00000000d5780000)
  from space 512K, 50% used [0x00000000d5980000,0x00000000d59c0000,0x00000000d5a00000)
  to   space 512K, 0% used [0x00000000d5900000,0x00000000d5900000,0x00000000d5980000)
 ParOldGen       total 160256K, used 159830K [0x0000000080000000, 0x0000000089c80000, 0x00000000d5580000)
  object space 160256K, 99% used [0x0000000080000000,0x0000000089c15980,0x0000000089c80000)
 Metaspace       used 76291K, committed 78336K, reserved 1179648K
  class space    used 9034K, committed 9984K, reserved 1048576K
}
Event: 683.425 GC heap after
{Heap after GC invocations=7817 (full 6):
 PSYoungGen      total 2560K, used 512K [0x00000000d5580000, 0x00000000d5a00000, 0x0000000100000000)
  eden space 2048K, 0% used [0x00000000d5580000,0x00000000d5580000,0x00000000d5780000)
  from space 512K, 100% used [0x00000000d5900000,0x00000000d5980000,0x00000000d5980000)
  to   space 512K, 0% used [0x00000000d5980000,0x00000000d5980000,0x00000000d5a00000)
 ParOldGen       total 160256K, used 159958K [0x0000000080000000, 0x0000000089c80000, 0x00000000d5580000)
  object space 160256K, 99% used [0x0000000080000000,0x0000000089c359a0,0x0000000089c80000)
 Metaspace       used 76291K, committed 78336K, reserved 1179648K
  class space    used 9034K, committed 9984K, reserved 1048576K
}
Event: 683.466 GC heap before
{Heap before GC invocations=7818 (full 6):
 PSYoungGen      total 2560K, used 2560K [0x00000000d5580000, 0x00000000d5a00000, 0x0000000100000000)
  eden space 2048K, 100% used [0x00000000d5580000,0x00000000d5780000,0x00000000d5780000)
  from space 512K, 100% used [0x00000000d5900000,0x00000000d5980000,0x00000000d5980000)
  to   space 512K, 0% used [0x00000000d5980000,0x00000000d5980000,0x00000000d5a00000)
 ParOldGen       total 160256K, used 159958K [0x0000000080000000, 0x0000000089c80000, 0x00000000d5580000)
  object space 160256K, 99% used [0x0000000080000000,0x0000000089c359a0,0x0000000089c80000)
 Metaspace       used 76291K, committed 78336K, reserved 1179648K
  class space    used 9034K, committed 9984K, reserved 1048576K
}
Event: 683.470 GC heap after
{Heap after GC invocations=7818 (full 6):
 PSYoungGen      total 2560K, used 256K [0x00000000d5580000, 0x00000000d5a00000, 0x0000000100000000)
  eden space 2048K, 0% used [0x00000000d5580000,0x00000000d5580000,0x00000000d5780000)
  from space 512K, 50% used [0x00000000d5980000,0x00000000d59c0000,0x00000000d5a00000)
  to   space 512K, 0% used [0x00000000d5900000,0x00000000d5900000,0x00000000d5980000)
 ParOldGen       total 160768K, used 160390K [0x0000000080000000, 0x0000000089d00000, 0x00000000d5580000)
  object space 160768K, 99% used [0x0000000080000000,0x0000000089ca19a0,0x0000000089d00000)
 Metaspace       used 76291K, committed 78336K, reserved 1179648K
  class space    used 9034K, committed 9984K, reserved 1048576K
}
Event: 683.500 GC heap before
{Heap before GC invocations=7819 (full 6):
 PSYoungGen      total 2560K, used 2303K [0x00000000d5580000, 0x00000000d5a00000, 0x0000000100000000)
  eden space 2048K, 99% used [0x00000000d5580000,0x00000000d577ffd0,0x00000000d5780000)
  from space 512K, 50% used [0x00000000d5980000,0x00000000d59c0000,0x00000000d5a00000)
  to   space 512K, 0% used [0x00000000d5900000,0x00000000d5900000,0x00000000d5980000)
 ParOldGen       total 160768K, used 160390K [0x0000000080000000, 0x0000000089d00000, 0x00000000d5580000)
  object space 160768K, 99% used [0x0000000080000000,0x0000000089ca19a0,0x0000000089d00000)
 Metaspace       used 76292K, committed 78336K, reserved 1179648K
  class space    used 9034K, committed 9984K, reserved 1048576K
}
Event: 683.503 GC heap after
{Heap after GC invocations=7819 (full 6):
 PSYoungGen      total 2560K, used 192K [0x00000000d5580000, 0x00000000d5a00000, 0x0000000100000000)
  eden space 2048K, 0% used [0x00000000d5580000,0x00000000d5580000,0x00000000d5780000)
  from space 512K, 37% used [0x00000000d5900000,0x00000000d5930000,0x00000000d5980000)
  to   space 512K, 0% used [0x00000000d5980000,0x00000000d5980000,0x00000000d5a00000)
 ParOldGen       total 160768K, used 160454K [0x0000000080000000, 0x0000000089d00000, 0x00000000d5580000)
  object space 160768K, 99% used [0x0000000080000000,0x0000000089cb19a0,0x0000000089d00000)
 Metaspace       used 76292K, committed 78336K, reserved 1179648K
  class space    used 9034K, committed 9984K, reserved 1048576K
}
Event: 683.539 GC heap before
{Heap before GC invocations=7820 (full 6):
 PSYoungGen      total 2560K, used 2239K [0x00000000d5580000, 0x00000000d5a00000, 0x0000000100000000)
  eden space 2048K, 99% used [0x00000000d5580000,0x00000000d577ffd8,0x00000000d5780000)
  from space 512K, 37% used [0x00000000d5900000,0x00000000d5930000,0x00000000d5980000)
  to   space 512K, 0% used [0x00000000d5980000,0x00000000d5980000,0x00000000d5a00000)
 ParOldGen       total 160768K, used 160454K [0x0000000080000000, 0x0000000089d00000, 0x00000000d5580000)
  object space 160768K, 99% used [0x0000000080000000,0x0000000089cb19a0,0x0000000089d00000)
 Metaspace       used 76293K, committed 78336K, reserved 1179648K
  class space    used 9034K, committed 9984K, reserved 1048576K
}
Event: 683.541 GC heap after
{Heap after GC invocations=7820 (full 6):
 PSYoungGen      total 2560K, used 512K [0x00000000d5580000, 0x00000000d5a00000, 0x0000000100000000)
  eden space 2048K, 0% used [0x00000000d5580000,0x00000000d5580000,0x00000000d5780000)
  from space 512K, 100% used [0x00000000d5980000,0x00000000d5a00000,0x00000000d5a00000)
  to   space 1024K, 0% used [0x00000000d5800000,0x00000000d5800000,0x00000000d5900000)
 ParOldGen       total 160768K, used 160574K [0x0000000080000000, 0x0000000089d00000, 0x00000000d5580000)
  object space 160768K, 99% used [0x0000000080000000,0x0000000089ccf9a0,0x0000000089d00000)
 Metaspace       used 76293K, committed 78336K, reserved 1179648K
  class space    used 9034K, committed 9984K, reserved 1048576K
}

Dll operation events (20 events):
Event: 0.138 Attempting to load shared library C:\Users\ishas\.vscode\extensions\redhat.java-1.56.0-win32-x64\jre\21.0.12.1-win32-x86_64\bin\jimage.dll
Event: 0.138 Loaded shared library C:\Users\ishas\.vscode\extensions\redhat.java-1.56.0-win32-x64\jre\21.0.12.1-win32-x86_64\bin\jimage.dll
Event: 0.221 Attempting to load shared library c:\Users\ishas\.vscode\extensions\redhat.java-1.56.0-win32-x64\jre\21.0.12.1-win32-x86_64\bin\verify.dll
Event: 0.221 Loaded shared library c:\Users\ishas\.vscode\extensions\redhat.java-1.56.0-win32-x64\jre\21.0.12.1-win32-x86_64\bin\verify.dll
Event: 1.179 Attempting to load shared library C:\Users\ishas\AppData\Roaming\Code\User\globalStorage\redhat.java\1.56.0\config_win\org.eclipse.equinox.launcher\org.eclipse.equinox.launcher.win32.win32.x86_64_1.3.100.v20260804-1928\eclipse_11924.dll
Event: 1.181 Loaded shared library C:\Users\ishas\AppData\Roaming\Code\User\globalStorage\redhat.java\1.56.0\config_win\org.eclipse.equinox.launcher\org.eclipse.equinox.launcher.win32.win32.x86_64_1.3.100.v20260804-1928\eclipse_11924.dll
Event: 4.769 Attempting to load shared library C:\Users\ishas\AppData\Local\Temp\jna-100498736\jna15313639240469063290.dll
Event: 4.903 Loaded shared library C:\Users\ishas\AppData\Local\Temp\jna-100498736\jna15313639240469063290.dll
Event: 21.053 Attempting to load shared library C:\Users\ishas\.gradle\native\1def1411415f61bf3af743bc5b6707747c0891f09f0c88961ee8f79bc544acac\windows-amd64\native-platform.dll
Event: 21.054 Loaded shared library C:\Users\ishas\.gradle\native\1def1411415f61bf3af743bc5b6707747c0891f09f0c88961ee8f79bc544acac\windows-amd64\native-platform.dll
Event: 25.451 Attempting to load shared library C:\Users\ishas\.vscode\extensions\redhat.java-1.56.0-win32-x64\jre\21.0.12.1-win32-x86_64\bin\management.dll
Event: 25.452 Loaded shared library C:\Users\ishas\.vscode\extensions\redhat.java-1.56.0-win32-x64\jre\21.0.12.1-win32-x86_64\bin\management.dll
Event: 25.467 Attempting to load shared library C:\Users\ishas\.vscode\extensions\redhat.java-1.56.0-win32-x64\jre\21.0.12.1-win32-x86_64\bin\management_ext.dll
Event: 25.470 Loaded shared library C:\Users\ishas\.vscode\extensions\redhat.java-1.56.0-win32-x64\jre\21.0.12.1-win32-x86_64\bin\management_ext.dll
Event: 38.735 Attempting to load shared library C:\Users\ishas\.vscode\extensions\redhat.java-1.56.0-win32-x64\jre\21.0.12.1-win32-x86_64\bin\extnet.dll
Event: 38.736 Loaded shared library C:\Users\ishas\.vscode\extensions\redhat.java-1.56.0-win32-x64\jre\21.0.12.1-win32-x86_64\bin\extnet.dll
Event: 42.980 Attempting to load shared library C:\Users\ishas\.vscode\extensions\redhat.java-1.56.0-win32-x64\jre\21.0.12.1-win32-x86_64\bin\sunmscapi.dll
Event: 42.988 Loaded shared library C:\Users\ishas\.vscode\extensions\redhat.java-1.56.0-win32-x64\jre\21.0.12.1-win32-x86_64\bin\sunmscapi.dll
Event: 615.731 Attempting to load shared library C:\Users\ishas\.gradle\native\c067742578af261105cb4f569cf0c3c89f3d7b1fecec35dd04571415982c5e48\windows-amd64\native-platform.dll
Event: 616.251 Loaded shared library C:\Users\ishas\.gradle\native\c067742578af261105cb4f569cf0c3c89f3d7b1fecec35dd04571415982c5e48\windows-amd64\native-platform.dll

Deoptimization events (20 events):
Event: 680.892 Thread 0x000002a5f37e6bf0 DEOPT PACKING pc=0x000002a593adb268 sp=0x000000b26a1fe500
Event: 680.892 Thread 0x000002a5f37e6bf0 DEOPT UNPACKING pc=0x000002a592a03aa2 sp=0x000000b26a1fe4d8 mode 2
Event: 681.690 Thread 0x000002a5f340dc50 DEOPT PACKING pc=0x000002a58d1c215e sp=0x000000b2657fe7d0
Event: 681.690 Thread 0x000002a5f340dc50 DEOPT UNPACKING pc=0x000002a592a04242 sp=0x000000b2657fdcd8 mode 0
Event: 682.453 Thread 0x000002a5f37e6bf0 Uncommon trap: trap_request=0xffffff45 fr.pc=0x000002a593111714 relative=0x00000000000002b4
Event: 682.453 Thread 0x000002a5f37efc50 Uncommon trap: trap_request=0xffffff45 fr.pc=0x000002a593111714 relative=0x00000000000002b4
Event: 682.453 Thread 0x000002a5f37e6bf0 Uncommon trap: reason=unstable_if action=reinterpret pc=0x000002a593111714 method=com.esotericsoftware.kryo.io.Output.writeString(Ljava/lang/CharSequence;)V @ 1 c2
Event: 682.453 Thread 0x000002a5f37efc50 Uncommon trap: reason=unstable_if action=reinterpret pc=0x000002a593111714 method=com.esotericsoftware.kryo.io.Output.writeString(Ljava/lang/CharSequence;)V @ 1 c2
Event: 682.453 Thread 0x000002a5f37e6bf0 DEOPT PACKING pc=0x000002a593111714 sp=0x000000b26a1fe3b0
Event: 682.453 Thread 0x000002a5f37e6bf0 DEOPT UNPACKING pc=0x000002a592a03aa2 sp=0x000000b26a1fe348 mode 2
Event: 682.453 Thread 0x000002a5f37efc50 DEOPT PACKING pc=0x000002a593111714 sp=0x000000b240cfe180
Event: 682.453 Thread 0x000002a5f37efc50 DEOPT UNPACKING pc=0x000002a592a03aa2 sp=0x000000b240cfe118 mode 2
Event: 682.965 Thread 0x000002a5f37eb420 DEOPT PACKING pc=0x000002a58c06a974 sp=0x000000b2558fe1a0
Event: 682.965 Thread 0x000002a5f37eb420 DEOPT UNPACKING pc=0x000002a592a04242 sp=0x000000b2558fd650 mode 0
Event: 683.316 Thread 0x000002a5f33f5920 Uncommon trap: trap_request=0xffffff45 fr.pc=0x000002a59376eb94 relative=0x00000000000004f4
Event: 683.316 Thread 0x000002a5f33f5920 Uncommon trap: reason=unstable_if action=reinterpret pc=0x000002a59376eb94 method=java.io.BufferedWriter.growIfNeeded(I)V @ 21 c2
Event: 683.316 Thread 0x000002a5f33f5920 DEOPT PACKING pc=0x000002a59376eb94 sp=0x000000b2689fe550
Event: 683.317 Thread 0x000002a5f33f5920 DEOPT UNPACKING pc=0x000002a592a03aa2 sp=0x000000b2689fe3e0 mode 2
Event: 683.451 Thread 0x000002a5f34103b0 DEOPT PACKING pc=0x000002a58cb54a19 sp=0x000000b26a2fe880
Event: 683.451 Thread 0x000002a5f34103b0 DEOPT UNPACKING pc=0x000002a592a04242 sp=0x000000b26a2fdd80 mode 0

Classes loaded (20 events):
Event: 496.981 Loading class java/io/ObjectStreamClass$MemberSignature
Event: 497.007 Loading class java/io/ObjectStreamClass$MemberSignature done
Event: 497.007 Loading class java/io/ObjectStreamClass$3
Event: 497.016 Loading class java/io/ObjectStreamClass$3 done
Event: 497.026 Loading class java/io/ObjectStreamClass$4
Event: 497.056 Loading class java/io/ObjectStreamClass$4 done
Event: 497.065 Loading class java/io/ObjectStreamClass$5
Event: 497.074 Loading class java/io/ObjectStreamClass$5 done
Event: 497.283 Loading class java/io/ObjectStreamClass$ExceptionInfo
Event: 497.289 Loading class java/io/ObjectStreamClass$ExceptionInfo done
Event: 504.969 Loading class java/net/Proxy
Event: 504.983 Loading class java/net/Proxy done
Event: 540.071 Loading class java/io/NotSerializableException
Event: 540.071 Loading class java/io/NotSerializableException done
Event: 540.074 Loading class java/io/WriteAbortedException
Event: 540.077 Loading class java/io/WriteAbortedException done
Event: 644.977 Loading class java/nio/file/AtomicMoveNotSupportedException
Event: 644.979 Loading class java/nio/file/AtomicMoveNotSupportedException done
Event: 646.613 Loading class sun/net/util/SocketExceptions
Event: 646.614 Loading class sun/net/util/SocketExceptions done

Classes unloaded (20 events):
Event: 529.859 Thread 0x000002a588323730 Unloading class 0x000002a5a0763c00 'java/lang/invoke/LambdaForm$MH+0x000002a5a0763c00'
Event: 529.859 Thread 0x000002a588323730 Unloading class 0x000002a5a0763400 'java/lang/invoke/LambdaForm$MH+0x000002a5a0763400'
Event: 529.859 Thread 0x000002a588323730 Unloading class 0x000002a5a0763000 'java/lang/invoke/LambdaForm$MH+0x000002a5a0763000'
Event: 529.859 Thread 0x000002a588323730 Unloading class 0x000002a5a0762800 'java/lang/invoke/LambdaForm$MH+0x000002a5a0762800'
Event: 529.860 Thread 0x000002a588323730 Unloading class 0x000002a5a0761400 'java/lang/invoke/LambdaForm$DMH+0x000002a5a0761400'
Event: 529.860 Thread 0x000002a588323730 Unloading class 0x000002a5a075fc00 'java/lang/invoke/LambdaForm$MH+0x000002a5a075fc00'
Event: 529.860 Thread 0x000002a588323730 Unloading class 0x000002a5a075f000 'java/lang/invoke/LambdaForm$MH+0x000002a5a075f000'
Event: 529.860 Thread 0x000002a588323730 Unloading class 0x000002a5a075dc00 'java/lang/invoke/LambdaForm$MH+0x000002a5a075dc00'
Event: 529.860 Thread 0x000002a588323730 Unloading class 0x000002a5a075d000 'java/lang/invoke/LambdaForm$MH+0x000002a5a075d000'
Event: 529.860 Thread 0x000002a588323730 Unloading class 0x000002a5a075bc00 'java/lang/invoke/LambdaForm$MH+0x000002a5a075bc00'
Event: 529.860 Thread 0x000002a588323730 Unloading class 0x000002a5a0759800 'java/lang/invoke/LambdaForm$MH+0x000002a5a0759800'
Event: 529.860 Thread 0x000002a588323730 Unloading class 0x000002a5a0758000 'java/lang/invoke/LambdaForm$MH+0x000002a5a0758000'
Event: 529.860 Thread 0x000002a588323730 Unloading class 0x000002a5a0753000 'java/lang/invoke/LambdaForm$MH+0x000002a5a0753000'
Event: 529.860 Thread 0x000002a588323730 Unloading class 0x000002a5a0752400 'java/lang/invoke/LambdaForm$DMH+0x000002a5a0752400'
Event: 529.860 Thread 0x000002a588323730 Unloading class 0x000002a5a0751c00 'java/lang/invoke/LambdaForm$DMH+0x000002a5a0751c00'
Event: 529.860 Thread 0x000002a588323730 Unloading class 0x000002a5a0750c00 'java/lang/invoke/LambdaForm$MH+0x000002a5a0750c00'
Event: 529.860 Thread 0x000002a588323730 Unloading class 0x000002a5a0744c00 'java/lang/invoke/LambdaForm$MH+0x000002a5a0744c00'
Event: 529.860 Thread 0x000002a588323730 Unloading class 0x000002a5a0744400 'java/lang/invoke/LambdaForm$MH+0x000002a5a0744400'
Event: 529.861 Thread 0x000002a588323730 Unloading class 0x000002a5a073cc00 'java/lang/invoke/LambdaForm$MH+0x000002a5a073cc00'
Event: 529.861 Thread 0x000002a588323730 Unloading class 0x000002a5a073c000 'java/lang/invoke/LambdaForm$MH+0x000002a5a073c000'

Classes redefined (0 events):
No events

Internal exceptions (20 events):
Event: 683.475 Thread 0x000002a5f2dfa120 Exception <a 'sun/nio/fs/WindowsException'{0x00000000d56623f0}> (0x00000000d56623f0) 
thrown [s\src\hotspot\share\prims\jni.cpp, line 520]
Event: 683.476 Thread 0x000002a5f2dfa120 Exception <a 'sun/nio/fs/WindowsException'{0x00000000d566e540}> (0x00000000d566e540) 
thrown [s\src\hotspot\share\prims\jni.cpp, line 520]
Event: 683.476 Thread 0x000002a5f2dfa120 Exception <a 'sun/nio/fs/WindowsException'{0x00000000d5684b50}> (0x00000000d5684b50) 
thrown [s\src\hotspot\share\prims\jni.cpp, line 520]
Event: 683.477 Thread 0x000002a5f2dfa120 Exception <a 'sun/nio/fs/WindowsException'{0x00000000d568b838}> (0x00000000d568b838) 
thrown [s\src\hotspot\share\prims\jni.cpp, line 520]
Event: 683.478 Thread 0x000002a5f2dfa120 Exception <a 'sun/nio/fs/WindowsException'{0x00000000d56a38a0}> (0x00000000d56a38a0) 
thrown [s\src\hotspot\share\prims\jni.cpp, line 520]
Event: 683.478 Thread 0x000002a5f2dfa120 Exception <a 'sun/nio/fs/WindowsException'{0x00000000d56bca90}> (0x00000000d56bca90) 
thrown [s\src\hotspot\share\prims\jni.cpp, line 520]
Event: 683.479 Thread 0x000002a5f2dfa120 Exception <a 'sun/nio/fs/WindowsException'{0x00000000d56c81a8}> (0x00000000d56c81a8) 
thrown [s\src\hotspot\share\prims\jni.cpp, line 520]
Event: 683.480 Thread 0x000002a5f2dfa120 Exception <a 'sun/nio/fs/WindowsException'{0x00000000d56cf1f0}> (0x00000000d56cf1f0) 
thrown [s\src\hotspot\share\prims\jni.cpp, line 520]
Event: 683.480 Thread 0x000002a5f2dfa120 Exception <a 'sun/nio/fs/WindowsException'{0x00000000d56da7d0}> (0x00000000d56da7d0) 
thrown [s\src\hotspot\share\prims\jni.cpp, line 520]
Event: 683.481 Thread 0x000002a5f2dfa120 Exception <a 'sun/nio/fs/WindowsException'{0x00000000d56e1a10}> (0x00000000d56e1a10) 
thrown [s\src\hotspot\share\prims\jni.cpp, line 520]
Event: 683.482 Thread 0x000002a5f2dfa120 Exception <a 'sun/nio/fs/WindowsException'{0x00000000d56ebeb0}> (0x00000000d56ebeb0) 
thrown [s\src\hotspot\share\prims\jni.cpp, line 520]
Event: 683.483 Thread 0x000002a5f2dfa120 Exception <a 'sun/nio/fs/WindowsException'{0x00000000d56f2528}> (0x00000000d56f2528) 
thrown [s\src\hotspot\share\prims\jni.cpp, line 520]
Event: 683.483 Thread 0x000002a5f2dfa120 Exception <a 'sun/nio/fs/WindowsException'{0x00000000d56f8970}> (0x00000000d56f8970) 
thrown [s\src\hotspot\share\prims\jni.cpp, line 520]
Event: 683.484 Thread 0x000002a5f2dfa120 Exception <a 'sun/nio/fs/WindowsException'{0x00000000d56fef50}> (0x00000000d56fef50) 
thrown [s\src\hotspot\share\prims\jni.cpp, line 520]
Event: 683.484 Thread 0x000002a5f2dfa120 Exception <a 'sun/nio/fs/WindowsException'{0x00000000d57053b0}> (0x00000000d57053b0) 
thrown [s\src\hotspot\share\prims\jni.cpp, line 520]
Event: 683.485 Thread 0x000002a5f2dfa120 Exception <a 'sun/nio/fs/WindowsException'{0x00000000d570dbb0}> (0x00000000d570dbb0) 
thrown [s\src\hotspot\share\prims\jni.cpp, line 520]
Event: 683.487 Thread 0x000002a5f2dfa120 Exception <a 'sun/nio/fs/WindowsException'{0x00000000d57335f8}> (0x00000000d57335f8) 
thrown [s\src\hotspot\share\prims\jni.cpp, line 520]
Event: 683.489 Thread 0x000002a5f2dfa120 Exception <a 'sun/nio/fs/WindowsException'{0x00000000d573e530}> (0x00000000d573e530) 
thrown [s\src\hotspot\share\prims\jni.cpp, line 520]
Event: 683.551 Thread 0x000002a5f2dfa120 Exception <a 'sun/nio/fs/WindowsException'{0x00000000d5613dd0}> (0x00000000d5613dd0) 
thrown [s\src\hotspot\share\prims\jni.cpp, line 520]
Event: 683.552 Thread 0x000002a5f2dfa120 Exception <a 'sun/nio/fs/WindowsException'{0x00000000d5633638}> (0x00000000d5633638) 
thrown [s\src\hotspot\share\prims\jni.cpp, line 520]

ZGC Phase Switch (0 events):
No events

VM Operations (20 events):
Event: 682.985 Executing safepoint VM operation: ParallelGCFailedAllocation (Allocation Failure)
Event: 683.063 Executing safepoint VM operation: ParallelGCFailedAllocation (Allocation Failure) done
Event: 683.107 Executing safepoint VM operation: ParallelGCFailedAllocation (Allocation Failure)
Event: 683.112 Executing safepoint VM operation: ParallelGCFailedAllocation (Allocation Failure) done
Event: 683.191 Executing safepoint VM operation: ParallelGCFailedAllocation (Allocation Failure)
Event: 683.311 Executing safepoint VM operation: ParallelGCFailedAllocation (Allocation Failure) done
Event: 683.318 Executing safepoint VM operation: ParallelGCFailedAllocation (Allocation Failure)
Event: 683.321 Executing safepoint VM operation: ParallelGCFailedAllocation (Allocation Failure) done
Event: 683.359 Executing safepoint VM operation: ParallelGCFailedAllocation (Allocation Failure)
Event: 683.361 Executing safepoint VM operation: ParallelGCFailedAllocation (Allocation Failure) done
Event: 683.396 Executing safepoint VM operation: ParallelGCFailedAllocation (Allocation Failure)
Event: 683.399 Executing safepoint VM operation: ParallelGCFailedAllocation (Allocation Failure) done
Event: 683.422 Executing safepoint VM operation: ParallelGCFailedAllocation (Allocation Failure)
Event: 683.425 Executing safepoint VM operation: ParallelGCFailedAllocation (Allocation Failure) done
Event: 683.466 Executing safepoint VM operation: ParallelGCFailedAllocation (Allocation Failure)
Event: 683.470 Executing safepoint VM operation: ParallelGCFailedAllocation (Allocation Failure) done
Event: 683.499 Executing safepoint VM operation: ParallelGCFailedAllocation (Allocation Failure)
Event: 683.503 Executing safepoint VM operation: ParallelGCFailedAllocation (Allocation Failure) done
Event: 683.539 Executing safepoint VM operation: ParallelGCFailedAllocation (Allocation Failure)
Event: 683.541 Executing safepoint VM operation: ParallelGCFailedAllocation (Allocation Failure) done

Memory protections (0 events):
No events

Nmethod flushes (20 events):
Event: 671.817 Thread 0x000002a588323730 flushing  nmethod 0x000002a58d1e2c10
Event: 671.817 Thread 0x000002a588323730 flushing  nmethod 0x000002a58d1e3810
Event: 671.817 Thread 0x000002a588323730 flushing  nmethod 0x000002a58d1e3e90
Event: 671.817 Thread 0x000002a588323730 flushing  nmethod 0x000002a58d1e4c10
Event: 671.817 Thread 0x000002a588323730 flushing  nmethod 0x000002a58d1e6010
Event: 671.817 Thread 0x000002a588323730 flushing  nmethod 0x000002a58d1e9090
Event: 671.817 Thread 0x000002a588323730 flushing  nmethod 0x000002a58d1ecc10
Event: 671.817 Thread 0x000002a588323730 flushing  nmethod 0x000002a58d1ee490
Event: 671.817 Thread 0x000002a588323730 flushing  nmethod 0x000002a58d1f0990
Event: 671.817 Thread 0x000002a588323730 flushing  nmethod 0x000002a58d1f0e10
Event: 671.817 Thread 0x000002a588323730 flushing  nmethod 0x000002a58d1f1f10
Event: 671.817 Thread 0x000002a588323730 flushing  nmethod 0x000002a58d1f2410
Event: 671.817 Thread 0x000002a588323730 flushing  nmethod 0x000002a58d1f2890
Event: 671.817 Thread 0x000002a588323730 flushing  nmethod 0x000002a58d1f4290
Event: 671.817 Thread 0x000002a588323730 flushing  nmethod 0x000002a58d1f7610
Event: 671.817 Thread 0x000002a588323730 flushing  nmethod 0x000002a58d1fb590
Event: 671.817 Thread 0x000002a588323730 flushing  nmethod 0x000002a58d1fde10
Event: 671.817 Thread 0x000002a588323730 flushing  nmethod 0x000002a58d203010
Event: 671.817 Thread 0x000002a588323730 flushing  nmethod 0x000002a58d210110
Event: 671.817 Thread 0x000002a588323730 flushing  nmethod 0x000002a58d218f10

Events (20 events):
Event: 683.311 Thread 0x000002a5f33f03d0 Thread added: 0x000002a5f33f4c00
Event: 683.314 Thread 0x000002a5f33f10f0 Thread exited: 0x000002a5f33f10f0
Event: 683.315 Thread 0x000002a5f37e5ed0 Thread exited: 0x000002a5f37e5ed0
Event: 683.322 Thread 0x000002a5f33f5920 Thread exited: 0x000002a5f33f5920
Event: 683.334 Thread 0x000002a5f33f4c00 Thread exited: 0x000002a5f33f4c00
Event: 683.334 Thread 0x000002a5f33f03d0 Thread exited: 0x000002a5f33f03d0
Event: 683.334 Thread 0x000002a5f2df1de0 Thread exited: 0x000002a5f2df1de0
Event: 683.335 Thread 0x000002a5f2dfe2c0 Thread exited: 0x000002a5f2dfe2c0
Event: 683.352 Thread 0x000002a5f37f1000 Thread added: 0x000002a5f33f10f0
Event: 683.380 Thread 0x000002a5f33f10f0 Thread added: 0x000002a5f33f03d0
Event: 683.433 Thread 0x000002a5f2e010b0 Thread exited: 0x000002a5f2e010b0
Event: 683.433 Thread 0x000002a5f2e0c1e0 Thread exited: 0x000002a5f2e0c1e0
Event: 683.433 Thread 0x000002a5f37c3100 Thread exited: 0x000002a5f37c3100
Event: 683.434 Thread 0x000002a5f34103b0 Thread exited: 0x000002a5f34103b0
Event: 683.449 Thread 0x000002a5f37e7fa0 Thread added: 0x000002a5f34103b0
Event: 683.495 Thread 0x000002a5f2e08d60 Thread exited: 0x000002a5f2e08d60
Event: 683.495 Thread 0x000002a5f2e0d590 Thread exited: 0x000002a5f2e0d590
Event: 683.495 Thread 0x000002a5f342c1f0 Thread exited: 0x000002a5f342c1f0
Event: 683.496 Thread 0x000002a5f3412b10 Thread exited: 0x000002a5f3412b10
Event: 683.508 Thread 0x000002a5f34203a0 Thread added: 0x000002a5f3412b10


Dynamic libraries:
0x00007ff620c60000 - 0x00007ff620c6e000 	c:\Users\ishas\.vscode\extensions\redhat.java-1.56.0-win32-x64\jre\21.0.12.1-win32-x86_64\bin\java.exe
0x00007ffa2e940000 - 0x00007ffa2eba7000 	C:\Windows\SYSTEM32\ntdll.dll
0x00007ffa2cfe0000 - 0x00007ffa2d0ab000 	C:\Windows\System32\KERNEL32.DLL
0x00007ffa2bc00000 - 0x00007ffa2c002000 	C:\Windows\System32\KERNELBASE.dll
0x00007ffa2c1d0000 - 0x00007ffa2c31c000 	C:\Windows\System32\ucrtbase.dll
0x00007ff9fa4a0000 - 0x00007ff9fa4b8000 	c:\Users\ishas\.vscode\extensions\redhat.java-1.56.0-win32-x64\jre\21.0.12.1-win32-x86_64\bin\jli.dll
0x00007ffa2e190000 - 0x00007ffa2e35f000 	C:\Windows\System32\USER32.dll
0x00007ffa2c1a0000 - 0x00007ffa2c1c7000 	C:\Windows\System32\win32u.dll
0x00007ffa2ca50000 - 0x00007ffa2ca7b000 	C:\Windows\System32\GDI32.dll
0x00007ffa2c530000 - 0x00007ffa2c659000 	C:\Windows\System32\gdi32full.dll
0x00007ffa2c480000 - 0x00007ffa2c523000 	C:\Windows\System32\msvcp_win.dll
0x00007ffa148b0000 - 0x00007ffa14b40000 	C:\Windows\WinSxS\amd64_microsoft.windows.common-controls_6595b64144ccf1df_6.0.26100.9278_none_3e0d1ba8e3303201\COMCTL32.dll
0x00007ffa2d9e0000 - 0x00007ffa2da89000 	C:\Windows\System32\msvcrt.dll
0x00007ff9e20b0000 - 0x00007ff9e20ce000 	c:\Users\ishas\.vscode\extensions\redhat.java-1.56.0-win32-x64\jre\21.0.12.1-win32-x86_64\bin\VCRUNTIME140.dll
0x00007ffa2ca10000 - 0x00007ffa2ca41000 	C:\Windows\System32\IMM32.DLL
0x00007ffa23480000 - 0x00007ffa2348c000 	c:\Users\ishas\.vscode\extensions\redhat.java-1.56.0-win32-x64\jre\21.0.12.1-win32-x86_64\bin\vcruntime140_1.dll
0x00007ff99de70000 - 0x00007ff99defd000 	c:\Users\ishas\.vscode\extensions\redhat.java-1.56.0-win32-x64\jre\21.0.12.1-win32-x86_64\bin\msvcp140.dll
0x00007ff932e40000 - 0x00007ff933be2000 	c:\Users\ishas\.vscode\extensions\redhat.java-1.56.0-win32-x64\jre\21.0.12.1-win32-x86_64\bin\server\jvm.dll
0x00007ffa2ca80000 - 0x00007ffa2cb3c000 	C:\Windows\System32\ADVAPI32.dll
0x00007ffa2dbe0000 - 0x00007ffa2dc89000 	C:\Windows\System32\sechost.dll
0x00007ffa2df60000 - 0x00007ffa2e078000 	C:\Windows\System32\RPCRT4.dll
0x00007ffa2ded0000 - 0x00007ffa2df50000 	C:\Windows\System32\WS2_32.dll
0x00007ffa2b9a0000 - 0x00007ffa2b9fe000 	C:\Windows\SYSTEM32\POWRPROF.dll
0x00007ffa23860000 - 0x00007ffa23896000 	C:\Windows\SYSTEM32\WINMM.dll
0x00007ffa16280000 - 0x00007ffa1628b000 	C:\Windows\SYSTEM32\VERSION.dll
0x00007ffa2b980000 - 0x00007ffa2b995000 	C:\Windows\SYSTEM32\UMPDC.dll
0x00007ffa2a810000 - 0x00007ffa2a82b000 	C:\Windows\SYSTEM32\kernel.appcore.dll
0x00007ffa0f940000 - 0x00007ffa0f94a000 	c:\Users\ishas\.vscode\extensions\redhat.java-1.56.0-win32-x64\jre\21.0.12.1-win32-x86_64\bin\jimage.dll
0x00007ffa28fe0000 - 0x00007ffa2922c000 	C:\Windows\SYSTEM32\DBGHELP.DLL
0x00007ffa2c680000 - 0x00007ffa2ca05000 	C:\Windows\System32\combase.dll
0x00007ffa2dc90000 - 0x00007ffa2dd69000 	C:\Windows\System32\OLEAUT32.dll
0x00007ffa23820000 - 0x00007ffa2385b000 	C:\Windows\SYSTEM32\dbgcore.DLL
0x00007ffa2c330000 - 0x00007ffa2c3dc000 	C:\Windows\System32\bcryptPrimitives.dll
0x00007ffa16750000 - 0x00007ffa1675f000 	c:\Users\ishas\.vscode\extensions\redhat.java-1.56.0-win32-x64\jre\21.0.12.1-win32-x86_64\bin\instrument.dll
0x00007ff9e2090000 - 0x00007ff9e20b0000 	c:\Users\ishas\.vscode\extensions\redhat.java-1.56.0-win32-x64\jre\21.0.12.1-win32-x86_64\bin\java.dll
0x00007ffa2d160000 - 0x00007ffa2d8f8000 	C:\Windows\System32\SHELL32.dll
0x00007ffa29570000 - 0x00007ffa29e1e000 	C:\Windows\SYSTEM32\windows.storage.dll
0x00007ffa2da90000 - 0x00007ffa2db8b000 	C:\Windows\System32\SHCORE.dll
0x00007ffa2e470000 - 0x00007ffa2e4d6000 	C:\Windows\System32\shlwapi.dll
0x00007ffa2ba60000 - 0x00007ffa2ba89000 	C:\Windows\SYSTEM32\profapi.dll
0x00007ff9df1d0000 - 0x00007ff9df1e8000 	c:\Users\ishas\.vscode\extensions\redhat.java-1.56.0-win32-x64\jre\21.0.12.1-win32-x86_64\bin\zip.dll
0x00007ffa0f870000 - 0x00007ffa0f880000 	C:\Users\ishas\.vscode\extensions\redhat.java-1.56.0-win32-x64\jre\21.0.12.1-win32-x86_64\bin\net.dll
0x00007ffa1a330000 - 0x00007ffa1a45a000 	C:\Windows\SYSTEM32\WINHTTP.dll
0x00007ffa2add0000 - 0x00007ffa2ae3c000 	C:\Windows\system32\mswsock.dll
0x00007ff9fa4d0000 - 0x00007ff9fa4e6000 	C:\Users\ishas\.vscode\extensions\redhat.java-1.56.0-win32-x64\jre\21.0.12.1-win32-x86_64\bin\nio.dll
0x00007ffa16040000 - 0x00007ffa16050000 	c:\Users\ishas\.vscode\extensions\redhat.java-1.56.0-win32-x64\jre\21.0.12.1-win32-x86_64\bin\verify.dll
0x00007ff9b5300000 - 0x00007ff9b5345000 	C:\Users\ishas\AppData\Roaming\Code\User\globalStorage\redhat.java\1.56.0\config_win\org.eclipse.equinox.launcher\org.eclipse.equinox.launcher.win32.win32.x86_64_1.3.100.v20260804-1928\eclipse_11924.dll
0x00007ffa2e760000 - 0x00007ffa2e8fa000 	C:\Windows\System32\ole32.dll
0x00007ffa2b0c0000 - 0x00007ffa2b0db000 	C:\Windows\SYSTEM32\CRYPTSP.dll
0x00007ffa2a770000 - 0x00007ffa2a7a9000 	C:\Windows\system32\rsaenh.dll
0x00007ffa2ae80000 - 0x00007ffa2aeb4000 	C:\Windows\SYSTEM32\USERENV.dll
0x00007ffa2ba30000 - 0x00007ffa2ba5a000 	C:\Windows\SYSTEM32\bcrypt.dll
0x00007ffa2b0e0000 - 0x00007ffa2b0ec000 	C:\Windows\SYSTEM32\CRYPTBASE.dll
0x00007ffa2a240000 - 0x00007ffa2a273000 	C:\Windows\SYSTEM32\IPHLPAPI.DLL
0x00007ffa2c670000 - 0x00007ffa2c67a000 	C:\Windows\System32\NSI.dll
0x00007ff9b5210000 - 0x00007ff9b5259000 	C:\Users\ishas\AppData\Local\Temp\jna-100498736\jna15313639240469063290.dll
0x00007ffa2c660000 - 0x00007ffa2c668000 	C:\Windows\System32\PSAPI.DLL
0x00007ffa22760000 - 0x00007ffa2277d000 	C:\Windows\SYSTEM32\dhcpcsvc6.DLL
0x00007ffa22730000 - 0x00007ffa22755000 	C:\Windows\SYSTEM32\dhcpcsvc.DLL
0x00007ff9e91a0000 - 0x00007ff9e91c7000 	C:\Users\ishas\.gradle\native\1def1411415f61bf3af743bc5b6707747c0891f09f0c88961ee8f79bc544acac\windows-amd64\native-platform.dll
0x00007ffa23580000 - 0x00007ffa2358a000 	C:\Users\ishas\.vscode\extensions\redhat.java-1.56.0-win32-x64\jre\21.0.12.1-win32-x86_64\bin\management.dll
0x00007ffa23570000 - 0x00007ffa2357c000 	C:\Users\ishas\.vscode\extensions\redhat.java-1.56.0-win32-x64\jre\21.0.12.1-win32-x86_64\bin\management_ext.dll
0x00007ffa23560000 - 0x00007ffa23569000 	C:\Users\ishas\.vscode\extensions\redhat.java-1.56.0-win32-x64\jre\21.0.12.1-win32-x86_64\bin\extnet.dll
0x00007ffa23550000 - 0x00007ffa2355e000 	C:\Users\ishas\.vscode\extensions\redhat.java-1.56.0-win32-x64\jre\21.0.12.1-win32-x86_64\bin\sunmscapi.dll
0x00007ffa2c010000 - 0x00007ffa2c18e000 	C:\Windows\System32\CRYPT32.dll
0x00007ffa2b300000 - 0x00007ffa2b330000 	C:\Windows\SYSTEM32\ncrypt.dll
0x00007ffa2b2b0000 - 0x00007ffa2b2ef000 	C:\Windows\SYSTEM32\NTASN1.dll
0x00007ffa0d950000 - 0x00007ffa0d958000 	C:\Windows\system32\wshunix.dll
0x00007ff9b4c30000 - 0x00007ff9b4c57000 	C:\Users\ishas\.gradle\native\c067742578af261105cb4f569cf0c3c89f3d7b1fecec35dd04571415982c5e48\windows-amd64\native-platform.dll

JVMTI agents:
c:\Users\ishas\.vscode\extensions\redhat.java-1.56.0-win32-x64\lombok\lombok-1.18.39-4050.jar path:c:\Users\ishas\.vscode\extensions\redhat.java-1.56.0-win32-x64\jre\21.0.12.1-win32-x86_64\bin\instrument.dll, loaded, initialized, instrumentlib options:none

dbghelp: loaded successfully - version: 4.0.5 - missing functions: none
symbol engine: initialized successfully - sym options: 0x614 - pdb path: .;c:\Users\ishas\.vscode\extensions\redhat.java-1.56.0-win32-x64\jre\21.0.12.1-win32-x86_64\bin;C:\Windows\SYSTEM32;C:\Windows\WinSxS\amd64_microsoft.windows.common-controls_6595b64144ccf1df_6.0.26100.9278_none_3e0d1ba8e3303201;c:\Users\ishas\.vscode\extensions\redhat.java-1.56.0-win32-x64\jre\21.0.12.1-win32-x86_64\bin\server;C:\Users\ishas\AppData\Roaming\Code\User\globalStorage\redhat.java\1.56.0\config_win\org.eclipse.equinox.launcher\org.eclipse.equinox.launcher.win32.win32.x86_64_1.3.100.v20260804-1928;C:\Users\ishas\AppData\Local\Temp\jna-100498736;C:\Users\ishas\.gradle\native\1def1411415f61bf3af743bc5b6707747c0891f09f0c88961ee8f79bc544acac\windows-amd64;C:\Users\ishas\.gradle\native\c067742578af261105cb4f569cf0c3c89f3d7b1fecec35dd04571415982c5e48\windows-amd64

VM Arguments:
jvm_args: --add-modules=ALL-SYSTEM --add-opens=java.base/java.util=ALL-UNNAMED --add-opens=java.base/java.lang=ALL-UNNAMED --add-opens=java.base/sun.nio.fs=ALL-UNNAMED -Declipse.application=org.eclipse.jdt.ls.core.id1 -Dosgi.bundles.defaultStartLevel=4 -Declipse.product=org.eclipse.jdt.ls.core.product -Djava.import.generatesMetadataFilesAtProjectRoot=false -Dm2e.project.cache.size=50 -DDetectVMInstallationsJob.disabled=true -Dfile.encoding=utf8 -XX:+UseParallelGC -XX:GCTimeRatio=4 -XX:AdaptiveSizePolicyWeight=90 -Dsun.zip.disableMemoryMapping=true -Xmx2G -Xms100m -Xlog:disable -javaagent:c:\Users\ishas\.vscode\extensions\redhat.java-1.56.0-win32-x64\lombok\lombok-1.18.39-4050.jar -XX:+HeapDumpOnOutOfMemoryError -XX:HeapDumpPath=c:\Users\ishas\AppData\Roaming\Code\User\workspaceStorage\6248e871424619cb14c6f791d1003452\redhat.java -Daether.dependencyCollector.impl=bf 
java_command: c:\Users\ishas\.vscode\extensions\redhat.java-1.56.0-win32-x64\server\plugins\org.eclipse.equinox.launcher_1.8.0.v20260804-1928.jar -configuration c:\Users\ishas\AppData\Roaming\Code\User\globalStorage\redhat.java\1.56.0\config_win -data c:\Users\ishas\AppData\Roaming\Code\User\workspaceStorage\6248e871424619cb14c6f791d1003452\redhat.java\jdt_ws --stdio
java_class_path (initial): c:\Users\ishas\.vscode\extensions\redhat.java-1.56.0-win32-x64\server\plugins\org.eclipse.equinox.launcher_1.8.0.v20260804-1928.jar
Launcher Type: SUN_STANDARD

[Global flags]
    uintx AdaptiveSizePolicyWeight                 = 90                                        {product} {command line}
     intx CICompilerCount                          = 4                                         {product} {ergonomic}
    uintx GCTimeRatio                              = 4                                         {product} {command line}
     bool HeapDumpOnOutOfMemoryError               = true                                   {manageable} {command line}
    ccstr HeapDumpPath                             = c:\Users\ishas\AppData\Roaming\Code\User\workspaceStorage\6248e871424619cb14c6f791d1003452\redhat.java         {manageable} {command line}
   size_t InitialHeapSize                          = 104857600                                 {product} {command line}
   size_t MaxHeapSize                              = 2147483648                                {product} {command line}
   size_t MaxNewSize                               = 715653120                                 {product} {ergonomic}
   size_t MinHeapDeltaBytes                        = 524288                                    {product} {ergonomic}
   size_t MinHeapSize                              = 104857600                                 {product} {command line}
   size_t NewSize                                  = 34603008                                  {product} {ergonomic}
    uintx NonNMethodCodeHeapSize                   = 5839372                                {pd product} {ergonomic}
    uintx NonProfiledCodeHeapSize                  = 122909434                              {pd product} {ergonomic}
   size_t OldSize                                  = 70254592                                  {product} {ergonomic}
    uintx ProfiledCodeHeapSize                     = 122909434                              {pd product} {ergonomic}
    uintx ReservedCodeCacheSize                    = 251658240                              {pd product} {ergonomic}
     bool SegmentedCodeCache                       = true                                      {product} {ergonomic}
   size_t SoftMaxHeapSize                          = 2147483648                             {manageable} {ergonomic}
     bool UseCompressedOops                        = true                           {product lp64_product} {ergonomic}
     bool UseLargePagesIndividualAllocation        = false                                  {pd product} {ergonomic}
     bool UseParallelGC                            = true                                      {product} {command line}

Logging:
Log output configuration:
 #0: stdout all=off uptime,level,tags foldmultilines=false
 #1: stderr all=off uptime,level,tags foldmultilines=false

Release file:
JAVA_VERSION="21.0.12.1" 
MODULES="java.base java.compiler java.datatransfer java.xml java.prefs java.desktop java.instrument java.logging java.management java.security.sasl java.naming java.rmi java.management.rmi java.net.http java.scripting java.security.jgss java.transaction.xa java.sql java.sql.rowset java.xml.crypto java.se java.smartcardio jdk.accessibility jdk.internal.jvmstat jdk.attach jdk.charsets jdk.internal.opt jdk.zipfs jdk.compiler jdk.crypto.ec jdk.crypto.cryptoki jdk.crypto.mscapi jdk.dynalink jdk.internal.ed jdk.editpad jdk.hotspot.agent jdk.httpserver jdk.internal.le jdk.internal.vm.ci jdk.internal.vm.compiler jdk.internal.vm.compiler.management jdk.jartool jdk.javadoc jdk.jcmd jdk.management jdk.management.agent jdk.jconsole jdk.jdeps jdk.jdwp.agent jdk.jdi jdk.jfr jdk.jshell jdk.jsobject jdk.jstatd jdk.localedata jdk.management.jfr jdk.naming.dns jdk.naming.rmi jdk.net jdk.nio.mapmode jdk.random jdk.sctp jdk.security.auth jdk.security.jgss jdk.unsupported jdk.unsupported.desktop jdk.xml.dom" 

Environment Variables:
PATH=C:\Program Files\Microsoft\jdk-21.0.12.101-hotspot\bin;C:\Program Files\Microsoft\jdk-17.0.12.7-hotspot\bin;C:\Program Files\Eclipse Adoptium\jdk-17.0.17.10-hotspot\bin;C:\Windows\system32;C:\Windows;C:\Windows\System32\Wbem;C:\Windows\System32\WindowsPowerShell\v1.0\;C:\Windows\System32\OpenSSH\;C:\Program Files\nodejs\;C:\Users\ishas\Downloads\apache-maven-3.9.11-bin\apache-maven-3.9.11\bin;C:\Users\ishas\Downloads\apache-maven-3.9.11-bin\apache-maven-3.9.11\bin;C:\Program Files\MySQL\MySQL Server 8.0\bin;C:\Users\ishas\AppData\Local\Programs\Python\Python313;C:\Program Files\Git\cmd;C:\Users\ishas\AppData\Local\Programs\Python\Launcher\;C:\Program Files\MySQL\MySQL Shell 8.0\bin\;C:\Users\ishas\AppData\Local\Microsoft\WindowsApps;C:\Users\ishas\AppData\Local\Programs\Microsoft VS Code\bin;C:\Users\ishas\AppData\Roaming\npm
USERNAME=ishas
OS=Windows_NT
PROCESSOR_IDENTIFIER=Intel64 Family 6 Model 186 Stepping 2, GenuineIntel
TMP=C:\Users\ishas\AppData\Local\Temp
TEMP=C:\Users\ishas\AppData\Local\Temp




Periodic native trim disabled

---------------  S Y S T E M  ---------------

OS:
 Windows 11 , 64 bit Build 26100 (10.0.26100.9444)
OS uptime: 0 days 0:24 hours
Hyper-V role detected

CPU: total 12 (initial active 12) (6 cores per cpu, 2 threads per core) family 6 model 186 stepping 2 microcode 0x4122, cx8, cmov, fxsr, ht, mmx, 3dnowpref, sse, sse2, sse3, ssse3, sse4.1, sse4.2, popcnt, lzcnt, tsc, tscinvbit, avx, avx2, aes, erms, clmul, bmi1, bmi2, adx, sha, fma, vzeroupper, clflush, clflushopt, clwb, hv, serialize, rdtscp, rdpid, fsrm, f16c, cet_ibt, cet_ss
Processor Information for the first 12 processors :
  Max Mhz: 2100, Current Mhz: 2100, Mhz Limit: 2100

Memory: 4k page, system-wide physical 16076M (13M free)
TotalPageFile size 65228M (AvailPageFile size 40M)
current process WorkingSet (physical memory assigned to process): 288M, peak: 478M
current process commit charge ("private bytes"): 614M, peak: 1822M

vm_info: OpenJDK 64-Bit Server VM (21.0.12.1+1-LTS) for windows-amd64 JRE (21.0.12.1+1-LTS), built on 2026-08-18T00:00:00Z by "admin" with MS VC++ 17.12 (VS2022)

END.
