#
# There is insufficient memory for the Java Runtime Environment to continue.
# Native memory allocation (malloc) failed to allocate 32744 bytes. Error detail: Chunk::new
# Possible reasons:
#   The system is out of physical RAM or swap space
#   This process is running with CompressedOops enabled, and the Java Heap may be blocking the growth of the native heap
# Possible solutions:
#   Reduce memory load on the system
#   Increase physical memory or swap space
#   Check if swap backing store is full
#   Decrease Java heap size (-Xmx/-Xms)
#   Decrease number of Java threads
#   Decrease Java thread stack sizes (-Xss)
#   Set larger code cache with -XX:ReservedCodeCacheSize=
#   JVM is running with Unscaled Compressed Oops mode in which the Java heap is
#     placed in the first 4GB address space. The Java Heap base address is the
#     maximum limit for the native heap growth. Please use -XX:HeapBaseMinAddress
#     to set the Java Heap base and to place the Java Heap above 4GB virtual address.
# This output file may be truncated or incomplete.
#
#  Out of Memory Error (arena.cpp:168), pid=25204, tid=25908
#
# JRE version: OpenJDK Runtime Environment Temurin-21.0.12.1+1 (21.0.12.1+1) (build 21.0.12.1+1-LTS)
# Java VM: OpenJDK 64-Bit Server VM Temurin-21.0.12.1+1 (21.0.12.1+1-LTS, mixed mode, sharing, tiered, compressed oops, compressed class ptrs, g1 gc, windows-amd64)
# No core dump will be written. Minidumps are not enabled by default on client versions of Windows
#

---------------  S U M M A R Y ------------

Command Line: --add-opens=java.base/java.lang=ALL-UNNAMED --add-opens=java.base/java.lang.invoke=ALL-UNNAMED --add-opens=java.base/java.util=ALL-UNNAMED --add-opens=java.prefs/java.util.prefs=ALL-UNNAMED --add-exports=jdk.compiler/com.sun.tools.javac.api=ALL-UNNAMED --add-exports=jdk.compiler/com.sun.tools.javac.util=ALL-UNNAMED --add-opens=java.base/java.util=ALL-UNNAMED --add-opens=java.prefs/java.util.prefs=ALL-UNNAMED --add-opens=java.base/java.nio.charset=ALL-UNNAMED --add-opens=java.base/java.net=ALL-UNNAMED --add-opens=java.base/java.util.concurrent.atomic=ALL-UNNAMED --add-opens=java.xml/javax.xml.namespace=ALL-UNNAMED -Xmx1536m -Dfile.encoding=UTF-8 -Duser.country=IN -Duser.language=en -Duser.variant -javaagent:C:\Users\ishas\.gradle\wrapper\dists\gradle-8.14.3-all\10utluxaxniiv4wxiphsi49nj\gradle-8.14.3\lib\agents\gradle-instrumentation-agent-8.14.3.jar org.gradle.launcher.daemon.bootstrap.GradleDaemon 8.14.3

Host: 13th Gen Intel(R) Core(TM) i5-13420H, 12 cores, 15G,  Windows 11 , 64 bit Build 26100 (10.0.26100.9444)
Time: Mon Sep 14 18:23:23 2026 India Standard Time elapsed time: 1029.984200 seconds (0d 0h 17m 9s)

---------------  T H R E A D  ---------------

Current thread (0x0000026a11e94790):  JavaThread "Daemon worker"        [_thread_in_vm, id=25908, stack(0x000000e027400000,0x000000e027500000) (1024K)]

Stack: [0x000000e027400000,0x000000e027500000]
Native frames: (J=compiled Java code, j=interpreted, Vv=VM code, C=native code)
V  [jvm.dll+0x6d83e9]
V  [jvm.dll+0x8b5736]
V  [jvm.dll+0x8b7cee]
V  [jvm.dll+0x8b83d3]
V  [jvm.dll+0x284596]
V  [jvm.dll+0xc685d]
V  [jvm.dll+0xc6da1]
V  [jvm.dll+0x3ee6bd]
V  [jvm.dll+0x3f2ace]
V  [jvm.dll+0x3ef5d3]
V  [jvm.dll+0x3eed2e]
V  [jvm.dll+0x480020]
C  [java.dll+0x6fda]

Java frames: (J=compiled Java code, j=interpreted, Vv=VM code)
J 798  java.lang.Throwable.fillInStackTrace(I)Ljava/lang/Throwable; java.base@21.0.12.1 (0 bytes) @ 0x00000269be8fbe93 [0x00000269be8fbe40+0x0000000000000053]
J 3107 c2 java.lang.ClassNotFoundException.<init>(Ljava/lang/String;)V java.base@21.0.12.1 (7 bytes) @ 0x00000269bea408cc [0x00000269bea40760+0x000000000000016c]
J 833 c1 jdk.internal.loader.BuiltinClassLoader.loadClass(Ljava/lang/String;Z)Ljava/lang/Class; java.base@21.0.12.1 (22 bytes) @ 0x00000269b6f38c44 [0x00000269b6f38a60+0x00000000000001e4]
J 5018 c2 java.lang.ClassLoader.loadClass(Ljava/lang/String;Z)Ljava/lang/Class; java.base@21.0.12.1 (121 bytes) @ 0x00000269be91cbf8 [0x00000269be91c920+0x00000000000002d8]
J 5018 c2 java.lang.ClassLoader.loadClass(Ljava/lang/String;Z)Ljava/lang/Class; java.base@21.0.12.1 (121 bytes) @ 0x00000269be91cbf8 [0x00000269be91c920+0x00000000000002d8]
J 5018 c2 java.lang.ClassLoader.loadClass(Ljava/lang/String;Z)Ljava/lang/Class; java.base@21.0.12.1 (121 bytes) @ 0x00000269be91cbf8 [0x00000269be91c920+0x00000000000002d8]
J 3610 c2 java.lang.ClassLoader.loadClass(Ljava/lang/String;)Ljava/lang/Class; java.base@21.0.12.1 (7 bytes) @ 0x00000269bea9bb6c [0x00000269bea9bb20+0x000000000000004c]
v  ~StubRoutines::call_stub 0x00000269be30100d
J 1061  java.lang.Class.forName0(Ljava/lang/String;ZLjava/lang/ClassLoader;Ljava/lang/Class;)Ljava/lang/Class; java.base@21.0.12.1 (0 bytes) @ 0x00000269be922b5f [0x00000269be922ac0+0x000000000000009f]
J 5607 c2 java.lang.Class.forName(Ljava/lang/String;ZLjava/lang/ClassLoader;)Ljava/lang/Class; java.base@21.0.12.1 (24 bytes) @ 0x00000269bebb0ec4 [0x00000269bebb0ea0+0x0000000000000024]
J 1614 c1 sun.reflect.generics.factory.CoreReflectionFactory.makeNamedType(Ljava/lang/String;)Ljava/lang/reflect/Type; java.base@21.0.12.1 (21 bytes) @ 0x00000269b70e0994 [0x00000269b70e08e0+0x00000000000000b4]
J 1611 c1 sun.reflect.generics.visitor.Reifier.visitClassTypeSignature(Lsun/reflect/generics/tree/ClassTypeSignature;)V java.base@21.0.12.1 (381 bytes) @ 0x00000269b70dddf4 [0x00000269b70dd320+0x0000000000000ad4]
J 1610 c1 sun.reflect.generics.tree.ClassTypeSignature.accept(Lsun/reflect/generics/visitor/TypeTreeVisitor;)V java.base@21.0.12.1 (8 bytes) @ 0x00000269b70dcd14 [0x00000269b70dcc40+0x00000000000000d4]
J 1633 c1 sun.reflect.annotation.AnnotationParser.parseSig(Ljava/lang/String;Ljava/lang/Class;)Ljava/lang/Class; java.base@21.0.12.1 (62 bytes) @ 0x00000269b70ebfc4 [0x00000269b70eb880+0x0000000000000744]
J 1649 c1 sun.reflect.annotation.AnnotationParser.parseAnnotation2(Ljava/nio/ByteBuffer;Ljdk/internal/reflect/ConstantPool;Ljava/lang/Class;Z[Ljava/lang/Class;)Ljava/lang/annotation/Annotation; java.base@21.0.12.1 (275 bytes) @ 0x00000269b70f34ac [0x00000269b70f32c0+0x00000000000001ec]
J 2699 c1 sun.reflect.annotation.AnnotationParser.parseAnnotations2([BLjdk/internal/reflect/ConstantPool;Ljava/lang/Class;[Ljava/lang/Class;)Ljava/util/Map; java.base@21.0.12.1 (134 bytes) @ 0x00000269b7309154 [0x00000269b7308de0+0x0000000000000374]
J 1624 c1 sun.reflect.annotation.AnnotationParser.parseAnnotations([BLjdk/internal/reflect/ConstantPool;Ljava/lang/Class;)Ljava/util/Map; java.base@21.0.12.1 (37 bytes) @ 0x00000269b70e33ec [0x00000269b70e3300+0x00000000000000ec]
J 2013 c1 java.lang.Class.createAnnotationData(I)Ljava/lang/Class$AnnotationData; java.base@21.0.12.1 (185 bytes) @ 0x00000269b71a7654 [0x00000269b71a7560+0x00000000000000f4]
J 3113 c2 java.lang.Class.annotationData()Ljava/lang/Class$AnnotationData; java.base@21.0.12.1 (44 bytes) @ 0x00000269bea52c24 [0x00000269bea52ba0+0x0000000000000084]
J 3527 c1 org.gradle.internal.reflect.JavaReflectionUtil.getAnnotation(Ljava/lang/Class;Ljava/lang/Class;Z)Ljava/lang/annotation/Annotation; (101 bytes) @ 0x00000269b74ab72c [0x00000269b74ab5e0+0x000000000000014c]
j  org.gradle.internal.reflect.JavaReflectionUtil.hasAnnotation(Ljava/lang/Class;Ljava/lang/Class;)Z+3
j  org.gradle.internal.instantiation.generator.AbstractClassGenerator$ExtensibleTypePropertyHandler.startType(Ljava/lang/Class;)V+9
j  org.gradle.internal.instantiation.generator.AbstractClassGenerator.inspectType(Ljava/lang/Class;Ljava/util/List;Ljava/util/List;Lorg/gradle/internal/instantiation/generator/AbstractClassGenerator$UnclaimedPropertyHandler;)V+57
j  org.gradle.internal.instantiation.generator.AbstractClassGenerator.generateUnderLock(Ljava/lang/Class;)Lorg/gradle/internal/instantiation/generator/AbstractClassGenerator$GeneratedClassImpl;+363
j  org.gradle.internal.instantiation.generator.AbstractClassGenerator$$Lambda+0x00000269cc1c9c88.apply(Ljava/lang/Object;)Ljava/lang/Object;+8
j  org.gradle.cache.internal.DefaultCrossBuildInMemoryCacheFactory$AbstractCrossBuildInMemoryCache.produce(Ljava/util/function/Function;Ljava/lang/Object;)Ljava/lang/Object;+2
j  org.gradle.cache.internal.DefaultCrossBuildInMemoryCacheFactory$AbstractCrossBuildInMemoryCache.produceAndRetain(Ljava/util/function/Function;Ljava/lang/Object;)Ljava/lang/Object;+3
j  org.gradle.cache.internal.DefaultCrossBuildInMemoryCacheFactory$AbstractCrossBuildInMemoryCache.lambda$get$1(Ljava/util/function/Function;Ljava/lang/Object;)Ljava/lang/Object;+3
j  org.gradle.cache.internal.DefaultCrossBuildInMemoryCacheFactory$AbstractCrossBuildInMemoryCache$$Lambda+0x00000269cc1c91f8.get()Ljava/lang/Object;+12
j  org.gradle.internal.lazy.LockingLazy.get()Ljava/lang/Object;+22
j  org.gradle.cache.internal.DefaultCrossBuildInMemoryCacheFactory$AbstractCrossBuildInMemoryCache.get(Ljava/lang/Object;Ljava/util/function/Function;)Ljava/lang/Object;+18
j  org.gradle.internal.instantiation.generator.AbstractClassGenerator.generate(Ljava/lang/Class;)Lorg/gradle/internal/instantiation/generator/ClassGenerator$GeneratedClass;+14
j  org.gradle.internal.instantiation.generator.AsmBackedClassGenerator.generate(Ljava/lang/Class;)Lorg/gradle/internal/instantiation/generator/ClassGenerator$GeneratedClass;+2
j  org.gradle.internal.instantiation.generator.Jsr330ConstructorSelector.lambda$forType$0(Ljava/lang/Class;)Lorg/gradle/internal/instantiation/generator/Jsr330ConstructorSelector$CachedConstructor;+9
j  org.gradle.internal.instantiation.generator.Jsr330ConstructorSelector$$Lambda+0x00000269cc1c8d88.get()Ljava/lang/Object;+8
j  org.gradle.cache.Cache.lambda$get$0(Ljava/util/function/Supplier;Ljava/lang/Object;)Ljava/lang/Object;+1
j  org.gradle.cache.Cache$$Lambda+0x00000269cc154b20.apply(Ljava/lang/Object;)Ljava/lang/Object;+5
j  org.gradle.cache.internal.DefaultCrossBuildInMemoryCacheFactory$AbstractCrossBuildInMemoryCache.produce(Ljava/util/function/Function;Ljava/lang/Object;)Ljava/lang/Object;+2
j  org.gradle.cache.internal.DefaultCrossBuildInMemoryCacheFactory$AbstractCrossBuildInMemoryCache.produceAndRetain(Ljava/util/function/Function;Ljava/lang/Object;)Ljava/lang/Object;+3
j  org.gradle.cache.internal.DefaultCrossBuildInMemoryCacheFactory$AbstractCrossBuildInMemoryCache.lambda$get$1(Ljava/util/function/Function;Ljava/lang/Object;)Ljava/lang/Object;+3
j  org.gradle.cache.internal.DefaultCrossBuildInMemoryCacheFactory$AbstractCrossBuildInMemoryCache$$Lambda+0x00000269cc1c91f8.get()Ljava/lang/Object;+12
j  org.gradle.internal.lazy.LockingLazy.get()Ljava/lang/Object;+22
j  org.gradle.cache.internal.DefaultCrossBuildInMemoryCacheFactory$AbstractCrossBuildInMemoryCache.get(Ljava/lang/Object;Ljava/util/function/Function;)Ljava/lang/Object;+18
j  org.gradle.cache.Cache.get(Ljava/lang/Object;Ljava/util/function/Supplier;)Ljava/lang/Object;+8
j  org.gradle.internal.instantiation.generator.Jsr330ConstructorSelector.forType(Ljava/lang/Class;)Lorg/gradle/internal/instantiation/generator/ClassGenerator$GeneratedConstructor;+12
j  org.gradle.internal.instantiation.generator.Jsr330ConstructorSelector.forParams(Ljava/lang/Class;[Ljava/lang/Object;)Lorg/gradle/internal/instantiation/generator/ClassGenerator$GeneratedConstructor;+2
j  org.gradle.internal.instantiation.generator.DependencyInjectingInstantiator.doCreate(Ljava/lang/Class;Lorg/gradle/api/Describable;[Ljava/lang/Object;)Ljava/lang/Object;+6
j  org.gradle.internal.instantiation.generator.DependencyInjectingInstantiator.newInstance(Ljava/lang/Class;[Ljava/lang/Object;)Ljava/lang/Object;+4
j  org.gradle.api.internal.plugins.PluginInstantiator.newInstance(Ljava/lang/Class;[Ljava/lang/Object;)Ljava/lang/Object;+16
j  org.gradle.api.internal.plugins.DefaultPluginManager.instantiatePlugin(Ljava/lang/Class;)Ljava/lang/Object;+9
j  org.gradle.api.internal.plugins.DefaultPluginManager.producePluginInstance(Ljava/lang/Class;)Lorg/gradle/api/Plugin;+16
j  org.gradle.api.internal.plugins.DefaultPluginManager.addPlugin(Ljava/lang/Runnable;Lorg/gradle/api/internal/plugins/PluginImplementation;Ljava/lang/String;Ljava/lang/Class;)V+16
j  org.gradle.api.internal.plugins.DefaultPluginManager.access$100(Lorg/gradle/api/internal/plugins/DefaultPluginManager;Ljava/lang/Runnable;Lorg/gradle/api/internal/plugins/PluginImplementation;Ljava/lang/String;Ljava/lang/Class;)V+6
j  org.gradle.api.internal.plugins.DefaultPluginManager$AddPluginBuildOperation.run(Lorg/gradle/internal/operations/BuildOperationContext;)V+20
j  org.gradle.internal.operations.DefaultBuildOperationRunner$1.execute(Lorg/gradle/internal/operations/RunnableBuildOperation;Lorg/gradle/internal/operations/BuildOperationContext;)V+2
j  org.gradle.internal.operations.DefaultBuildOperationRunner$1.execute(Lorg/gradle/internal/operations/BuildOperation;Lorg/gradle/internal/operations/BuildOperationContext;)V+6
j  org.gradle.internal.operations.DefaultBuildOperationRunner$2.execute(Lorg/gradle/internal/operations/BuildOperationDescriptor;Lorg/gradle/internal/operations/BuildOperationState;Lorg/gradle/internal/operations/BuildOperationState;Lorg/gradle/internal/operations/DefaultBuildOperationRunner$ReadableBuildOperationContext;Lorg/gradle/internal/operations/DefaultBuildOperationRunner$BuildOperationExecutionListener;)Lorg/gradle/internal/operations/BuildOperation;+22
j  org.gradle.internal.operations.DefaultBuildOperationRunner$2.execute(Lorg/gradle/internal/operations/BuildOperationDescriptor;Lorg/gradle/internal/operations/BuildOperationState;Lorg/gradle/internal/operations/BuildOperationState;Lorg/gradle/internal/operations/DefaultBuildOperationRunner$ReadableBuildOperationContext;Lorg/gradle/internal/operations/DefaultBuildOperationRunner$BuildOperationExecutionListener;)Ljava/lang/Object;+8
j  org.gradle.internal.operations.DefaultBuildOperationRunner.execute(Lorg/gradle/internal/operations/BuildOperationDescriptor$Builder;Lorg/gradle/internal/operations/BuildOperationState;Lorg/gradle/internal/operations/DefaultBuildOperationRunner$BuildOperationExecution;)Ljava/lang/Object;+141
j  org.gradle.internal.operations.DefaultBuildOperationRunner.execute(Lorg/gradle/internal/operations/BuildOperation;Lorg/gradle/internal/operations/BuildOperationWorker;Lorg/gradle/internal/operations/BuildOperationState;)V+18
j  org.gradle.internal.operations.DefaultBuildOperationRunner.run(Lorg/gradle/internal/operations/RunnableBuildOperation;)V+9
j  org.gradle.api.internal.plugins.DefaultPluginManager.lambda$doApply$0(Ljava/lang/Runnable;Lorg/gradle/api/internal/plugins/PluginImplementation;Ljava/lang/String;Ljava/lang/Class;Lorg/gradle/internal/code/UserCodeApplicationId;)V+20
j  org.gradle.api.internal.plugins.DefaultPluginManager$$Lambda+0x00000269cc6c4000.execute(Ljava/lang/Object;)V+24
j  org.gradle.internal.code.DefaultUserCodeApplicationContext.apply(Lorg/gradle/internal/code/UserCodeSource;Lorg/gradle/api/Action;)V+37
j  org.gradle.api.internal.plugins.DefaultPluginManager.doApply(Lorg/gradle/api/internal/plugins/PluginImplementation;)V+144
j  org.gradle.api.internal.plugins.DefaultPluginManager.apply(Ljava/lang/String;)V+52
j  org.gradle.api.plugins.internal.SoftwareReportingTasksAutoApplyAction.execute(Lorg/gradle/api/internal/project/ProjectInternal;)V+8
j  org.gradle.api.plugins.internal.SoftwareReportingTasksAutoApplyAction.execute(Ljava/lang/Object;)V+5
j  org.gradle.configuration.project.PluginsProjectConfigureActions.execute(Lorg/gradle/api/internal/project/ProjectInternal;)V+31
j  org.gradle.configuration.project.PluginsProjectConfigureActions.execute(Ljava/lang/Object;)V+5
j  org.gradle.configuration.project.ConfigureActionsProjectEvaluator.evaluate(Lorg/gradle/api/internal/project/ProjectInternal;Lorg/gradle/api/internal/project/ProjectStateInternal;)V+33
j  org.gradle.configuration.project.LifecycleProjectEvaluator$EvaluateProject.lambda$run$0(Lorg/gradle/internal/operations/BuildOperationContext;Lorg/gradle/api/internal/project/ProjectInternal;)V+67
j  org.gradle.configuration.project.LifecycleProjectEvaluator$EvaluateProject$$Lambda+0x00000269cc6a68c0.accept(Ljava/lang/Object;)V+12
j  org.gradle.api.internal.project.DefaultProjectStateRegistry$ProjectStateImpl.lambda$applyToMutableState$1(Ljava/util/function/Consumer;Lorg/gradle/api/internal/project/ProjectInternal;)Ljava/lang/Object;+2
j  org.gradle.api.internal.project.DefaultProjectStateRegistry$ProjectStateImpl$$Lambda+0x00000269cc69a380.apply(Ljava/lang/Object;)Ljava/lang/Object;+8
j  org.gradle.api.internal.project.DefaultProjectStateRegistry$ProjectStateImpl.lambda$fromMutableState$2(Ljava/util/function/Function;)Ljava/lang/Object;+5
j  org.gradle.api.internal.project.DefaultProjectStateRegistry$ProjectStateImpl$$Lambda+0x00000269cc69a5c8.create()Ljava/lang/Object;+8
j  org.gradle.internal.work.DefaultWorkerLeaseService.withReplacedLocks(Ljava/util/Collection;Lorg/gradle/internal/resources/ResourceLock;Lorg/gradle/internal/Factory;)Ljava/lang/Object;+40
j  org.gradle.api.internal.project.DefaultProjectStateRegistry$ProjectStateImpl.fromMutableState(Ljava/util/function/Function;)Ljava/lang/Object;+133
j  org.gradle.api.internal.project.DefaultProjectStateRegistry$ProjectStateImpl.applyToMutableState(Ljava/util/function/Consumer;)V+7
j  org.gradle.configuration.project.LifecycleProjectEvaluator$EvaluateProject.run(Lorg/gradle/internal/operations/BuildOperationContext;)V+16
j  org.gradle.internal.operations.DefaultBuildOperationRunner$1.execute(Lorg/gradle/internal/operations/RunnableBuildOperation;Lorg/gradle/internal/operations/BuildOperationContext;)V+2
j  org.gradle.internal.operations.DefaultBuildOperationRunner$1.execute(Lorg/gradle/internal/operations/BuildOperation;Lorg/gradle/internal/operations/BuildOperationContext;)V+6
j  org.gradle.internal.operations.DefaultBuildOperationRunner$2.execute(Lorg/gradle/internal/operations/BuildOperationDescriptor;Lorg/gradle/internal/operations/BuildOperationState;Lorg/gradle/internal/operations/BuildOperationState;Lorg/gradle/internal/operations/DefaultBuildOperationRunner$ReadableBuildOperationContext;Lorg/gradle/internal/operations/DefaultBuildOperationRunner$BuildOperationExecutionListener;)Lorg/gradle/internal/operations/BuildOperation;+22
j  org.gradle.internal.operations.DefaultBuildOperationRunner$2.execute(Lorg/gradle/internal/operations/BuildOperationDescriptor;Lorg/gradle/internal/operations/BuildOperationState;Lorg/gradle/internal/operations/BuildOperationState;Lorg/gradle/internal/operations/DefaultBuildOperationRunner$ReadableBuildOperationContext;Lorg/gradle/internal/operations/DefaultBuildOperationRunner$BuildOperationExecutionListener;)Ljava/lang/Object;+8
j  org.gradle.internal.operations.DefaultBuildOperationRunner.execute(Lorg/gradle/internal/operations/BuildOperationDescriptor$Builder;Lorg/gradle/internal/operations/BuildOperationState;Lorg/gradle/internal/operations/DefaultBuildOperationRunner$BuildOperationExecution;)Ljava/lang/Object;+141
j  org.gradle.internal.operations.DefaultBuildOperationRunner.execute(Lorg/gradle/internal/operations/BuildOperation;Lorg/gradle/internal/operations/BuildOperationWorker;Lorg/gradle/internal/operations/BuildOperationState;)V+18
j  org.gradle.internal.operations.DefaultBuildOperationRunner.run(Lorg/gradle/internal/operations/RunnableBuildOperation;)V+9
j  org.gradle.configuration.project.LifecycleProjectEvaluator.evaluate(Lorg/gradle/api/internal/project/ProjectInternal;Lorg/gradle/api/internal/project/ProjectStateInternal;)V+42
j  org.gradle.api.internal.project.DefaultProject.evaluateUnchecked()Lorg/gradle/api/internal/project/ProjectInternal;+20
j  org.gradle.api.internal.project.ProjectLifecycleController.lambda$ensureSelfConfigured$2()V+4
j  org.gradle.api.internal.project.ProjectLifecycleController$$Lambda+0x00000269cc6a4e50.run()V+4
j  org.gradle.internal.model.StateTransitionController.lambda$doTransition$14(Ljava/lang/Runnable;)Lorg/gradle/internal/build/ExecutionResult;+1
j  org.gradle.internal.model.StateTransitionController$$Lambda+0x00000269cc418c50.get()Ljava/lang/Object;+4
j  org.gradle.internal.model.StateTransitionController.doTransition(Lorg/gradle/internal/model/StateTransitionController$State;Lorg/gradle/internal/model/StateTransitionController$State;Ljava/util/function/Supplier;)Lorg/gradle/internal/build/ExecutionResult;+24
j  org.gradle.internal.model.StateTransitionController.doTransition(Lorg/gradle/internal/model/StateTransitionController$State;Lorg/gradle/internal/model/StateTransitionController$State;Ljava/lang/Runnable;)V+9
j  org.gradle.internal.model.StateTransitionController.lambda$maybeTransitionIfNotCurrentlyTransitioning$10(Lorg/gradle/internal/model/StateTransitionController$State;Lorg/gradle/internal/model/StateTransitionController$State;Ljava/lang/Runnable;)V+16
j  org.gradle.internal.model.StateTransitionController$$Lambda+0x00000269cc6a5078.run()V+16
j  org.gradle.internal.work.DefaultSynchronizer.withLock(Ljava/lang/Runnable;)V+6
j  org.gradle.internal.model.StateTransitionController.maybeTransitionIfNotCurrentlyTransitioning(Lorg/gradle/internal/model/StateTransitionController$State;Lorg/gradle/internal/model/StateTransitionController$State;Ljava/lang/Runnable;)V+13
j  org.gradle.api.internal.project.ProjectLifecycleController.ensureSelfConfigured()V+16
j  org.gradle.api.internal.project.DefaultProjectStateRegistry$ProjectStateImpl.ensureConfigured()V+19
j  org.gradle.execution.TaskPathProjectEvaluator.configure(Lorg/gradle/api/internal/project/ProjectInternal;)V+6
j  org.gradle.execution.TaskPathProjectEvaluator.configureHierarchy(Lorg/gradle/api/internal/project/ProjectInternal;)V+2
j  org.gradle.configuration.DefaultProjectsPreparer.prepareProjects(Lorg/gradle/api/internal/GradleInternal;)V+52
j  org.gradle.configuration.BuildTreePreparingProjectsPreparer.prepareProjects(Lorg/gradle/api/internal/GradleInternal;)V+114
j  org.gradle.configuration.BuildOperationFiringProjectsPreparer$ConfigureBuild.run(Lorg/gradle/internal/operations/BuildOperationContext;)V+11
j  org.gradle.internal.operations.DefaultBuildOperationRunner$1.execute(Lorg/gradle/internal/operations/RunnableBuildOperation;Lorg/gradle/internal/operations/BuildOperationContext;)V+2
j  org.gradle.internal.operations.DefaultBuildOperationRunner$1.execute(Lorg/gradle/internal/operations/BuildOperation;Lorg/gradle/internal/operations/BuildOperationContext;)V+6
j  org.gradle.internal.operations.DefaultBuildOperationRunner$2.execute(Lorg/gradle/internal/operations/BuildOperationDescriptor;Lorg/gradle/internal/operations/BuildOperationState;Lorg/gradle/internal/operations/BuildOperationState;Lorg/gradle/internal/operations/DefaultBuildOperationRunner$ReadableBuildOperationContext;Lorg/gradle/internal/operations/DefaultBuildOperationRunner$BuildOperationExecutionListener;)Lorg/gradle/internal/operations/BuildOperation;+22
j  org.gradle.internal.operations.DefaultBuildOperationRunner$2.execute(Lorg/gradle/internal/operations/BuildOperationDescriptor;Lorg/gradle/internal/operations/BuildOperationState;Lorg/gradle/internal/operations/BuildOperationState;Lorg/gradle/internal/operations/DefaultBuildOperationRunner$ReadableBuildOperationContext;Lorg/gradle/internal/operations/DefaultBuildOperationRunner$BuildOperationExecutionListener;)Ljava/lang/Object;+8
j  org.gradle.internal.operations.DefaultBuildOperationRunner.execute(Lorg/gradle/internal/operations/BuildOperationDescriptor$Builder;Lorg/gradle/internal/operations/BuildOperationState;Lorg/gradle/internal/operations/DefaultBuildOperationRunner$BuildOperationExecution;)Ljava/lang/Object;+141
j  org.gradle.internal.operations.DefaultBuildOperationRunner.execute(Lorg/gradle/internal/operations/BuildOperation;Lorg/gradle/internal/operations/BuildOperationWorker;Lorg/gradle/internal/operations/BuildOperationState;)V+18
j  org.gradle.internal.operations.DefaultBuildOperationRunner.run(Lorg/gradle/internal/operations/RunnableBuildOperation;)V+9
j  org.gradle.configuration.BuildOperationFiringProjectsPreparer.prepareProjects(Lorg/gradle/api/internal/GradleInternal;)V+13
j  org.gradle.initialization.VintageBuildModelController.lambda$prepareProjects$2()V+8
j  org.gradle.initialization.VintageBuildModelController$$Lambda+0x00000269cc670000.run()V+4
j  org.gradle.internal.model.StateTransitionController.lambda$doTransition$14(Ljava/lang/Runnable;)Lorg/gradle/internal/build/ExecutionResult;+1
j  org.gradle.internal.model.StateTransitionController$$Lambda+0x00000269cc418c50.get()Ljava/lang/Object;+4
j  org.gradle.internal.model.StateTransitionController.doTransition(Lorg/gradle/internal/model/StateTransitionController$State;Lorg/gradle/internal/model/StateTransitionController$State;Ljava/util/function/Supplier;)Lorg/gradle/internal/build/ExecutionResult;+24
j  org.gradle.internal.model.StateTransitionController.doTransition(Lorg/gradle/internal/model/StateTransitionController$State;Lorg/gradle/internal/model/StateTransitionController$State;Ljava/lang/Runnable;)V+9
j  org.gradle.internal.model.StateTransitionController.lambda$transitionIfNotPreviously$11(Lorg/gradle/internal/model/StateTransitionController$State;Lorg/gradle/internal/model/StateTransitionController$State;Ljava/lang/Runnable;)V+16
j  org.gradle.internal.model.StateTransitionController$$Lambda+0x00000269cc420000.run()V+16
j  org.gradle.internal.work.DefaultSynchronizer.withLock(Ljava/lang/Runnable;)V+6
j  org.gradle.internal.model.StateTransitionController.transitionIfNotPreviously(Lorg/gradle/internal/model/StateTransitionController$State;Lorg/gradle/internal/model/StateTransitionController$State;Ljava/lang/Runnable;)V+13
j  org.gradle.initialization.VintageBuildModelController.prepareProjects()V+16
j  org.gradle.initialization.VintageBuildModelController.prepareToScheduleTasks()V+5
j  org.gradle.internal.build.DefaultBuildLifecycleController.lambda$prepareToScheduleTasks$6()V+9
j  org.gradle.internal.build.DefaultBuildLifecycleController$$Lambda+0x00000269cc418800.run()V+4
j  org.gradle.internal.model.StateTransitionController.lambda$doTransition$14(Ljava/lang/Runnable;)Lorg/gradle/internal/build/ExecutionResult;+1
j  org.gradle.internal.model.StateTransitionController$$Lambda+0x00000269cc418c50.get()Ljava/lang/Object;+4
j  org.gradle.internal.model.StateTransitionController.doTransition(Lorg/gradle/internal/model/StateTransitionController$State;Lorg/gradle/internal/model/StateTransitionController$State;Ljava/util/function/Supplier;)Lorg/gradle/internal/build/ExecutionResult;+24
j  org.gradle.internal.model.StateTransitionController.doTransition(Lorg/gradle/internal/model/StateTransitionController$State;Lorg/gradle/internal/model/StateTransitionController$State;Ljava/lang/Runnable;)V+9
j  org.gradle.internal.model.StateTransitionController.lambda$maybeTransition$9(Lorg/gradle/internal/model/StateTransitionController$State;Lorg/gradle/internal/model/StateTransitionController$State;Ljava/lang/Runnable;)V+16
j  org.gradle.internal.model.StateTransitionController$$Lambda+0x00000269cc418a28.run()V+16
j  org.gradle.internal.work.DefaultSynchronizer.withLock(Ljava/lang/Runnable;)V+6
j  org.gradle.internal.model.StateTransitionController.maybeTransition(Lorg/gradle/internal/model/StateTransitionController$State;Lorg/gradle/internal/model/StateTransitionController$State;Ljava/lang/Runnable;)V+13
j  org.gradle.internal.build.DefaultBuildLifecycleController.prepareToScheduleTasks()V+16
j  org.gradle.internal.buildtree.DefaultBuildTreeWorkPreparer.scheduleRequestedTasks(Lorg/gradle/internal/buildtree/BuildTreeWorkGraph;Lorg/gradle/execution/EntryTaskSelector;)Lorg/gradle/internal/buildtree/BuildTreeWorkGraph$FinalizedGraph;+4
j  org.gradle.internal.cc.impl.VintageBuildTreeWorkController$scheduleAndRunRequestedTasks$1.apply(Lorg/gradle/internal/buildtree/BuildTreeWorkGraph;)Lorg/gradle/internal/build/ExecutionResult;+18
j  org.gradle.internal.cc.impl.VintageBuildTreeWorkController$scheduleAndRunRequestedTasks$1.apply(Ljava/lang/Object;)Ljava/lang/Object;+5
j  org.gradle.composite.internal.DefaultIncludedBuildTaskGraph.withNewWorkGraph(Ljava/util/function/Function;)Ljava/lang/Object;+30
j  org.gradle.internal.cc.impl.VintageBuildTreeWorkController.scheduleAndRunRequestedTasks(Lorg/gradle/execution/EntryTaskSelector;)Lorg/gradle/internal/build/ExecutionResult;+16
j  org.gradle.internal.buildtree.DefaultBuildTreeLifecycleController.lambda$scheduleAndRunTasks$1(Lorg/gradle/execution/EntryTaskSelector;)Lorg/gradle/internal/build/ExecutionResult;+5
j  org.gradle.internal.buildtree.DefaultBuildTreeLifecycleController$$Lambda+0x00000269cc41af88.get()Ljava/lang/Object;+8
j  org.gradle.internal.buildtree.DefaultBuildTreeLifecycleController.lambda$runBuild$4(Ljava/util/function/Supplier;)Ljava/lang/Object;+1
j  org.gradle.internal.buildtree.DefaultBuildTreeLifecycleController$$Lambda+0x00000269cc41b1b0.get()Ljava/lang/Object;+8
j  org.gradle.internal.model.StateTransitionController.lambda$transition$6(Ljava/util/function/Supplier;)Lorg/gradle/internal/build/ExecutionResult;+1
j  org.gradle.internal.model.StateTransitionController$$Lambda+0x00000269cc41b600.get()Ljava/lang/Object;+4
j  org.gradle.internal.model.StateTransitionController.doTransition(Lorg/gradle/internal/model/StateTransitionController$State;Lorg/gradle/internal/model/StateTransitionController$State;Ljava/util/function/Supplier;)Lorg/gradle/internal/build/ExecutionResult;+24
j  org.gradle.internal.model.StateTransitionController.lambda$transition$7(Lorg/gradle/internal/model/StateTransitionController$State;Lorg/gradle/internal/model/StateTransitionController$State;Ljava/util/function/Supplier;)Ljava/lang/Object;+9
j  org.gradle.internal.model.StateTransitionController$$Lambda+0x00000269cc41b3d8.create()Ljava/lang/Object;+16
j  org.gradle.internal.work.DefaultSynchronizer.withLock(Lorg/gradle/internal/Factory;)Ljava/lang/Object;+6
j  org.gradle.internal.model.StateTransitionController.transition(Lorg/gradle/internal/model/StateTransitionController$State;Lorg/gradle/internal/model/StateTransitionController$State;Ljava/util/function/Supplier;)Ljava/lang/Object;+13
j  org.gradle.internal.buildtree.DefaultBuildTreeLifecycleController.runBuild(Ljava/util/function/Supplier;)Ljava/lang/Object;+17
j  org.gradle.internal.buildtree.DefaultBuildTreeLifecycleController.scheduleAndRunTasks(Lorg/gradle/execution/EntryTaskSelector;)V+8
j  org.gradle.internal.buildtree.DefaultBuildTreeLifecycleController.scheduleAndRunTasks()V+2
j  org.gradle.tooling.internal.provider.runner.BuildModelActionRunner.run(Lorg/gradle/internal/invocation/BuildAction;Lorg/gradle/internal/buildtree/BuildTreeLifecycleController;)Lorg/gradle/internal/buildtree/BuildActionRunner$Result;+65
j  org.gradle.launcher.exec.ChainingBuildActionRunner.run(Lorg/gradle/internal/invocation/BuildAction;Lorg/gradle/internal/buildtree/BuildTreeLifecycleController;)Lorg/gradle/internal/buildtree/BuildActionRunner$Result;+34
j  org.gradle.internal.buildtree.ProblemReportingBuildActionRunner.run(Lorg/gradle/internal/invocation/BuildAction;Lorg/gradle/internal/buildtree/BuildTreeLifecycleController;)Lorg/gradle/internal/buildtree/BuildActionRunner$Result;+12
j  org.gradle.launcher.exec.BuildOutcomeReportingBuildActionRunner.run(Lorg/gradle/internal/invocation/BuildAction;Lorg/gradle/internal/buildtree/BuildTreeLifecycleController;)Lorg/gradle/internal/buildtree/BuildActionRunner$Result;+69
j  org.gradle.tooling.internal.provider.FileSystemWatchingBuildActionRunner.run(Lorg/gradle/internal/invocation/BuildAction;Lorg/gradle/internal/buildtree/BuildTreeLifecycleController;)Lorg/gradle/internal/buildtree/BuildActionRunner$Result;+317
j  org.gradle.launcher.exec.BuildCompletionNotifyingBuildActionRunner.run(Lorg/gradle/internal/invocation/BuildAction;Lorg/gradle/internal/buildtree/BuildTreeLifecycleController;)Lorg/gradle/internal/buildtree/BuildActionRunner$Result;+6
j  org.gradle.launcher.exec.RootBuildLifecycleBuildActionExecutor.lambda$execute$0(Lorg/gradle/internal/invocation/BuildAction;Lorg/gradle/internal/buildtree/BuildTreeLifecycleController;)Lorg/gradle/internal/buildtree/BuildActionRunner$Result;+6
j  org.gradle.launcher.exec.RootBuildLifecycleBuildActionExecutor$$Lambda+0x00000269cc406628.apply(Ljava/lang/Object;)Ljava/lang/Object;+12
j  org.gradle.composite.internal.DefaultRootBuildState.run(Ljava/util/function/Function;)Ljava/lang/Object;+87
j  org.gradle.launcher.exec.RootBuildLifecycleBuildActionExecutor.execute(Lorg/gradle/internal/invocation/BuildAction;Lorg/gradle/internal/buildtree/BuildTreeContext;)Lorg/gradle/internal/buildtree/BuildActionRunner$Result;+75
j  org.gradle.internal.buildtree.InitDeprecationLoggingActionExecutor.execute(Lorg/gradle/internal/invocation/BuildAction;Lorg/gradle/internal/buildtree/BuildTreeContext;)Lorg/gradle/internal/buildtree/BuildActionRunner$Result;+83
j  org.gradle.internal.buildtree.InitProblems.execute(Lorg/gradle/internal/invocation/BuildAction;Lorg/gradle/internal/buildtree/BuildTreeContext;)Lorg/gradle/internal/buildtree/BuildActionRunner$Result;+13
j  org.gradle.internal.buildtree.DefaultBuildTreeContext.execute(Lorg/gradle/internal/invocation/BuildAction;)Lorg/gradle/internal/buildtree/BuildActionRunner$Result;+64
j  org.gradle.launcher.exec.BuildTreeLifecycleBuildActionExecutor.lambda$execute$0(Lorg/gradle/internal/invocation/BuildAction;Lorg/gradle/internal/buildtree/BuildTreeContext;)Lorg/gradle/internal/buildtree/BuildActionRunner$Result;+2
j  org.gradle.launcher.exec.BuildTreeLifecycleBuildActionExecutor$$Lambda+0x00000269cc2b58f0.apply(Ljava/lang/Object;)Ljava/lang/Object;+8
j  org.gradle.internal.buildtree.BuildTreeState.run(Ljava/util/function/Function;)Ljava/lang/Object;+47
j  org.gradle.launcher.exec.BuildTreeLifecycleBuildActionExecutor.execute(Lorg/gradle/internal/invocation/BuildAction;Lorg/gradle/internal/session/BuildSessionContext;)Lorg/gradle/internal/buildtree/BuildActionRunner$Result;+74
j  org.gradle.launcher.exec.RunAsBuildOperationBuildActionExecutor$2.call(Lorg/gradle/internal/operations/BuildOperationContext;)Lorg/gradle/internal/buildtree/BuildActionRunner$Result;+25
j  org.gradle.launcher.exec.RunAsBuildOperationBuildActionExecutor$2.call(Lorg/gradle/internal/operations/BuildOperationContext;)Ljava/lang/Object;+2
j  org.gradle.internal.operations.DefaultBuildOperationRunner$CallableBuildOperationWorker.execute(Lorg/gradle/internal/operations/CallableBuildOperation;Lorg/gradle/internal/operations/BuildOperationContext;)V+3
j  org.gradle.internal.operations.DefaultBuildOperationRunner$CallableBuildOperationWorker.execute(Lorg/gradle/internal/operations/BuildOperation;Lorg/gradle/internal/operations/BuildOperationContext;)V+6
j  org.gradle.internal.operations.DefaultBuildOperationRunner$2.execute(Lorg/gradle/internal/operations/BuildOperationDescriptor;Lorg/gradle/internal/operations/BuildOperationState;Lorg/gradle/internal/operations/BuildOperationState;Lorg/gradle/internal/operations/DefaultBuildOperationRunner$ReadableBuildOperationContext;Lorg/gradle/internal/operations/DefaultBuildOperationRunner$BuildOperationExecutionListener;)Lorg/gradle/internal/operations/BuildOperation;+22
j  org.gradle.internal.operations.DefaultBuildOperationRunner$2.execute(Lorg/gradle/internal/operations/BuildOperationDescriptor;Lorg/gradle/internal/operations/BuildOperationState;Lorg/gradle/internal/operations/BuildOperationState;Lorg/gradle/internal/operations/DefaultBuildOperationRunner$ReadableBuildOperationContext;Lorg/gradle/internal/operations/DefaultBuildOperationRunner$BuildOperationExecutionListener;)Ljava/lang/Object;+8
j  org.gradle.internal.operations.DefaultBuildOperationRunner.execute(Lorg/gradle/internal/operations/BuildOperationDescriptor$Builder;Lorg/gradle/internal/operations/BuildOperationState;Lorg/gradle/internal/operations/DefaultBuildOperationRunner$BuildOperationExecution;)Ljava/lang/Object;+141
j  org.gradle.internal.operations.DefaultBuildOperationRunner.execute(Lorg/gradle/internal/operations/BuildOperation;Lorg/gradle/internal/operations/BuildOperationWorker;Lorg/gradle/internal/operations/BuildOperationState;)V+18
j  org.gradle.internal.operations.DefaultBuildOperationRunner.call(Lorg/gradle/internal/operations/CallableBuildOperation;)Ljava/lang/Object;+16
j  org.gradle.launcher.exec.RunAsBuildOperationBuildActionExecutor.execute(Lorg/gradle/internal/invocation/BuildAction;Lorg/gradle/internal/session/BuildSessionContext;)Lorg/gradle/internal/buildtree/BuildActionRunner$Result;+23
j  org.gradle.launcher.exec.RunAsWorkerThreadBuildActionExecutor.lambda$execute$0(Lorg/gradle/internal/invocation/BuildAction;Lorg/gradle/internal/session/BuildSessionContext;)Lorg/gradle/internal/buildtree/BuildActionRunner$Result;+6
j  org.gradle.launcher.exec.RunAsWorkerThreadBuildActionExecutor$$Lambda+0x00000269cc287790.create()Ljava/lang/Object;+12
j  org.gradle.internal.work.DefaultWorkerLeaseService.withLocks(Ljava/util/Collection;Lorg/gradle/internal/Factory;)Ljava/lang/Object;+28
j  org.gradle.internal.work.DefaultWorkerLeaseService.runAsWorkerThread(Lorg/gradle/internal/Factory;)Ljava/lang/Object;+33
j  org.gradle.launcher.exec.RunAsWorkerThreadBuildActionExecutor.execute(Lorg/gradle/internal/invocation/BuildAction;Lorg/gradle/internal/session/BuildSessionContext;)Lorg/gradle/internal/buildtree/BuildActionRunner$Result;+12
j  org.gradle.tooling.internal.provider.continuous.ContinuousBuildActionExecutor.execute(Lorg/gradle/internal/invocation/BuildAction;Lorg/gradle/internal/session/BuildSessionContext;)Lorg/gradle/internal/buildtree/BuildActionRunner$Result;+58
j  org.gradle.tooling.internal.provider.SubscribableBuildActionExecutor.execute(Lorg/gradle/internal/invocation/BuildAction;Lorg/gradle/internal/session/BuildSessionContext;)Lorg/gradle/internal/buildtree/BuildActionRunner$Result;+30
j  org.gradle.internal.session.DefaultBuildSessionContext.execute(Lorg/gradle/internal/invocation/BuildAction;)Lorg/gradle/internal/buildtree/BuildActionRunner$Result;+64
j  org.gradle.internal.buildprocess.execution.BuildSessionLifecycleBuildActionExecutor$ActionImpl.apply(Lorg/gradle/internal/session/BuildSessionContext;)Lorg/gradle/launcher/exec/BuildActionResult;+6
j  org.gradle.internal.buildprocess.execution.BuildSessionLifecycleBuildActionExecutor$ActionImpl.apply(Ljava/lang/Object;)Ljava/lang/Object;+5
j  org.gradle.internal.session.BuildSessionState.run(Ljava/util/function/Function;)Ljava/lang/Object;+5
j  org.gradle.internal.buildprocess.execution.BuildSessionLifecycleBuildActionExecutor.execute(Lorg/gradle/internal/invocation/BuildAction;Lorg/gradle/launcher/exec/BuildActionParameters;Lorg/gradle/initialization/BuildRequestContext;)Lorg/gradle/launcher/exec/BuildActionResult;+95
j  org.gradle.internal.buildprocess.execution.BuildSessionLifecycleBuildActionExecutor.execute(Lorg/gradle/internal/invocation/BuildAction;Ljava/lang/Object;Ljava/lang/Object;)Lorg/gradle/launcher/exec/BuildActionResult;+10
j  org.gradle.internal.buildprocess.execution.StartParamsValidatingActionExecutor.execute(Lorg/gradle/internal/invocation/BuildAction;Lorg/gradle/launcher/exec/BuildActionParameters;Lorg/gradle/initialization/BuildRequestContext;)Lorg/gradle/launcher/exec/BuildActionResult;+203
j  org.gradle.internal.buildprocess.execution.StartParamsValidatingActionExecutor.execute(Lorg/gradle/internal/invocation/BuildAction;Ljava/lang/Object;Ljava/lang/Object;)Lorg/gradle/launcher/exec/BuildActionResult;+10
j  org.gradle.internal.buildprocess.execution.SessionFailureReportingActionExecutor.execute(Lorg/gradle/internal/invocation/BuildAction;Lorg/gradle/launcher/exec/BuildActionParameters;Lorg/gradle/initialization/BuildRequestContext;)Lorg/gradle/launcher/exec/BuildActionResult;+7
j  org.gradle.internal.buildprocess.execution.SessionFailureReportingActionExecutor.execute(Lorg/gradle/internal/invocation/BuildAction;Ljava/lang/Object;Ljava/lang/Object;)Lorg/gradle/launcher/exec/BuildActionResult;+10
j  org.gradle.internal.buildprocess.execution.SetupLoggingActionExecutor.execute(Lorg/gradle/internal/invocation/BuildAction;Lorg/gradle/launcher/exec/BuildActionParameters;Lorg/gradle/initialization/BuildRequestContext;)Lorg/gradle/launcher/exec/BuildActionResult;+50
j  org.gradle.internal.buildprocess.execution.SetupLoggingActionExecutor.execute(Lorg/gradle/internal/invocation/BuildAction;Ljava/lang/Object;Ljava/lang/Object;)Lorg/gradle/launcher/exec/BuildActionResult;+10
j  org.gradle.launcher.daemon.server.exec.ExecuteBuild.doBuild(Lorg/gradle/launcher/daemon/server/api/DaemonCommandExecution;Lorg/gradle/launcher/daemon/protocol/Build;)V+147
j  org.gradle.launcher.daemon.server.exec.BuildCommandOnly.execute(Lorg/gradle/launcher/daemon/server/api/DaemonCommandExecution;)V+49
j  org.gradle.launcher.daemon.server.api.DaemonCommandExecution.proceed()Z+23
j  org.gradle.launcher.daemon.server.exec.WatchForDisconnection.execute(Lorg/gradle/launcher/daemon/server/api/DaemonCommandExecution;)V+19
j  org.gradle.launcher.daemon.server.api.DaemonCommandExecution.proceed()Z+23
j  org.gradle.launcher.daemon.server.exec.ResetDeprecationLogger.execute(Lorg/gradle/launcher/daemon/server/api/DaemonCommandExecution;)V+7
j  org.gradle.launcher.daemon.server.api.DaemonCommandExecution.proceed()Z+23
j  org.gradle.launcher.daemon.server.exec.RequestStopIfSingleUsedDaemon.execute(Lorg/gradle/launcher/daemon/server/api/DaemonCommandExecution;)V+33
j  org.gradle.launcher.daemon.server.api.DaemonCommandExecution.proceed()Z+23
j  org.gradle.launcher.daemon.server.exec.ForwardClientInput.lambda$execute$0(Lorg/gradle/launcher/daemon/server/api/DaemonCommandExecution;Lorg/gradle/internal/daemon/clientinput/StdinHandler;)Ljava/lang/Object;+11
j  org.gradle.launcher.daemon.server.exec.ForwardClientInput$$Lambda+0x00000269cc194208.apply(Ljava/lang/Object;)Ljava/lang/Object;+8
j  org.gradle.internal.daemon.clientinput.ClientInputForwarder.forwardInput(Ljava/util/function/Function;)Ljava/lang/Object;+46
j  org.gradle.launcher.daemon.server.exec.ForwardClientInput.execute(Lorg/gradle/launcher/daemon/server/api/DaemonCommandExecution;)V+10
j  org.gradle.launcher.daemon.server.api.DaemonCommandExecution.proceed()Z+23
j  org.gradle.launcher.daemon.server.exec.LogAndCheckHealth.execute(Lorg/gradle/launcher/daemon/server/api/DaemonCommandExecution;)V+51
j  org.gradle.launcher.daemon.server.api.DaemonCommandExecution.proceed()Z+23
j  org.gradle.launcher.daemon.server.exec.LogToClient.doBuild(Lorg/gradle/launcher/daemon/server/api/DaemonCommandExecution;Lorg/gradle/launcher/daemon/protocol/Build;)V+87
j  org.gradle.launcher.daemon.server.exec.BuildCommandOnly.execute(Lorg/gradle/launcher/daemon/server/api/DaemonCommandExecution;)V+49
j  org.gradle.launcher.daemon.server.api.DaemonCommandExecution.proceed()Z+23
j  org.gradle.launcher.daemon.server.exec.EstablishBuildEnvironment.doBuild(Lorg/gradle/launcher/daemon/server/api/DaemonCommandExecution;Lorg/gradle/launcher/daemon/protocol/Build;)V+356
j  org.gradle.launcher.daemon.server.exec.BuildCommandOnly.execute(Lorg/gradle/launcher/daemon/server/api/DaemonCommandExecution;)V+49
j  org.gradle.launcher.daemon.server.api.DaemonCommandExecution.proceed()Z+23
j  org.gradle.launcher.daemon.server.exec.StartBuildOrRespondWithBusy$1.run()V+44
j  org.gradle.launcher.daemon.server.DaemonStateCoordinator.lambda$runCommand$0(Ljava/lang/Runnable;)V+1
j  org.gradle.launcher.daemon.server.DaemonStateCoordinator$$Lambda+0x00000269cc18eba0.run()V+8
j  org.gradle.internal.concurrent.ExecutorPolicy$CatchAndRecordFailures.onExecute(Ljava/lang/Runnable;)V+1
j  org.gradle.internal.concurrent.AbstractManagedExecutor$1.run()V+25
j  java.util.concurrent.ThreadPoolExecutor.runWorker(Ljava/util/concurrent/ThreadPoolExecutor$Worker;)V+92 java.base@21.0.12.1
j  java.util.concurrent.ThreadPoolExecutor$Worker.run()V+5 java.base@21.0.12.1
j  java.lang.Thread.runWith(Ljava/lang/Object;Ljava/lang/Runnable;)V+5 java.base@21.0.12.1
j  java.lang.Thread.run()V+19 java.base@21.0.12.1
v  ~StubRoutines::call_stub 0x00000269be30100d

Compiled method (n/a) 1030162  798     n 0       java.lang.Throwable::fillInStackTrace (native)
 total in heap  [0x00000269be8fbc90,0x00000269be8fc1a0] = 1296
 relocation     [0x00000269be8fbdf0,0x00000269be8fbe28] = 56
 main code      [0x00000269be8fbe40,0x00000269be8fc19f] = 863
 stub code      [0x00000269be8fc19f,0x00000269be8fc1a0] = 1

[Constant Pool (empty)]

[MachCode]
[Entry Point]
  # {method} {0x00000269cb45e700} 'fillInStackTrace' '(I)Ljava/lang/Throwable;' in 'java/lang/Throwable'
  # this:     rdx:rdx   = 'java/lang/Throwable'
  # parm0:    r8        = int
  #           [sp+0x70]  (sp of caller)
  0x00000269be8fbe40: 448b 5208 | 49bb 0000 | 00cb 6902 | 0000 4d03 | d349 3bc2 | 0f84 0600 

  0x00000269be8fbe58: ;   {runtime_call ic_miss_stub}
  0x00000269be8fbe58: 0000 e921 | 29a5 ff90 
[Verified Entry Point]
  0x00000269be8fbe60: 8984 2400 | 80ff ff55 | 488b ec48 | 83ec 6090 | 4181 7f20 | 0500 0000 

  0x00000269be8fbe78: ;   {runtime_call StubRoutines (final stubs)}
  0x00000269be8fbe78: 7405 e821 | a6a3 ff48 | 8954 2420 | 4883 fa00 | 488d 5424 | 2048 0f44 | 5424 20c5 

  0x00000269be8fbe94: ;   {internal_word}
  0x00000269be8fbe94: f877 49ba | 93be 8fbe | 6902 0000 | 4d89 97a8 | 0300 0049 | 89a7 a003 

  0x00000269be8fbeac: ;   {external_word}
  0x00000269be8fbeac: 0000 49ba | 066d 5583 | fe7f 0000 | 4180 3a00 | 0f84 4a00 | 0000 5241 

  0x00000269be8fbec4: ;   {metadata({method} {0x00000269cb45e700} 'fillInStackTrace' '(I)Ljava/lang/Throwable;' in 'java/lang/Throwable')}
  0x00000269be8fbec4: 5048 baf8 | e645 cb69 | 0200 0049 | 8bcf 4883 | ec20 40f6 | c40f 0f84 | 1900 0000 | 4883 ec08 
  0x00000269be8fbee4: ;   {runtime_call}
  0x00000269be8fbee4: 48b8 e0ea | fe82 fe7f | 0000 ffd0 | 4883 c408 | e90c 0000 

  0x00000269be8fbef8: ;   {runtime_call}
  0x00000269be8fbef8: 0048 b8e0 | eafe 82fe | 7f00 00ff | d048 83c4 | 2041 585a | 498d 8fc0 | 0300 0041 | c787 4c04 
  0x00000269be8fbf18: 0000 0400 

  0x00000269be8fbf1c: ;   {runtime_call}
  0x00000269be8fbf1c: 0000 48b8 | cc6f d9dc | fe7f 0000 | ffd0 c5f8 | 7741 c787 | 4c04 0000 | 0500 0000 | f083 4424 
  0x00000269be8fbf3c: c000 493b | af50 0400 | 000f 870e | 0000 0041 | 83bf 4804 | 0000 000f | 842b 0000 | 00c5 f877 
  0x00000269be8fbf5c: 4889 45f8 | 498b cf4c | 8be4 4883 | ec20 4883 

  0x00000269be8fbf6c: ;   {runtime_call}
  0x00000269be8fbf6c: e4f0 48b8 | 0058 ca82 | fe7f 0000 | ffd0 498b | e44d 33e4 | 488b 45f8 | 41c7 874c | 0400 0008 
  0x00000269be8fbf8c: 0000 0041 | 83bf c804 | 0000 020f | 84d5 0100 

  0x00000269be8fbf9c: ;   {external_word}
  0x00000269be8fbf9c: 0049 ba06 | 6d55 83fe | 7f00 0041 | 803a 000f | 844c 0000 | 0048 8945 

  0x00000269be8fbfb4: ;   {metadata({method} {0x00000269cb45e700} 'fillInStackTrace' '(I)Ljava/lang/Throwable;' in 'java/lang/Throwable')}
  0x00000269be8fbfb4: f848 baf8 | e645 cb69 | 0200 0049 | 8bcf 4883 | ec20 40f6 | c40f 0f84 | 1900 0000 | 4883 ec08 
  0x00000269be8fbfd4: ;   {runtime_call}
  0x00000269be8fbfd4: 48b8 e0ea | fe82 fe7f | 0000 ffd0 | 4883 c408 | e90c 0000 

  0x00000269be8fbfe8: ;   {runtime_call}
  0x00000269be8fbfe8: 0048 b8e0 | eafe 82fe | 7f00 00ff | d048 83c4 | 2048 8b45 | f849 c787 | a003 0000 | 0000 0000 
  0x00000269be8fc008: 49c7 87a8 | 0300 0000 | 0000 00c5 | f877 4885 | c00f 8430 | 0100 00a8 | 030f 8508 | 0000 0048 
  0x00000269be8fc028: 8b00 e920 | 0100 00a8 | 010f 8509 | 0000 0048 | 8b40 fee9 | 0f01 0000 | 488b 40ff | 4180 7f40 
  0x00000269be8fc048: 000f 8400 | 0100 0048 | 83f8 000f | 84f6 0000 | 0049 8b4f | 2848 83f9 | 000f 8414 | 0000 0048 
  0x00000269be8fc068: 83e9 0849 | 894f 2849 | 034f 3848 | 8901 e9d4 | 0000 0048 | 83ec 7048 | 8904 2448 | 894c 2408 
  0x00000269be8fc088: 4889 5424 | 104c 8944 | 2418 4c89 | 4c24 204c | 8954 2428 | 4c89 5c24 | 30c5 fb11 | 4424 40c5 
  0x00000269be8fc0a8: fb11 4c24 | 48c5 fb11 | 5424 50c5 | fb11 5c24 | 58c5 fb11 | 6424 60c5 | fb11 6c24 | 6849 8bd7 
  0x00000269be8fc0c8: 488b c848 | 83ec 2040 | f6c4 0f0f | 8419 0000 | 0048 83ec 

  0x00000269be8fc0dc: ;   {runtime_call}
  0x00000269be8fc0dc: 0848 b820 | a4bd 82fe | 7f00 00ff | d048 83c4 | 08e9 0c00 

  0x00000269be8fc0f0: ;   {runtime_call}
  0x00000269be8fc0f0: 0000 48b8 | 20a4 bd82 | fe7f 0000 | ffd0 4883 | c420 c5fb | 106c 2468 | c5fb 1064 | 2460 c5fb 
  0x00000269be8fc110: 105c 2458 | c5fb 1054 | 2450 c5fb | 104c 2448 | c5fb 1044 | 2440 4c8b | 5c24 304c | 8b54 2428 
  0x00000269be8fc130: 4c8b 4c24 | 204c 8b44 | 2418 488b | 5424 1048 | 8b4c 2408 | 488b 0424 | 4883 c470 | c5f8 7749 
  0x00000269be8fc150: 8b8f 3004 | 0000 c781 | 0001 0000 | 0000 0000 | c949 837f | 0800 0f85 | 0100 0000 

  0x00000269be8fc16c: ;   {runtime_call StubRoutines (initial stubs)}
  0x00000269be8fc16c: c3e9 8e4d | a0ff c5f8 | 7748 8945 | f84c 8be4 | 4883 ec20 | 4883 e4f0 

  0x00000269be8fc184: ;   {runtime_call}
  0x00000269be8fc184: 48b8 3022 | ff82 fe7f | 0000 ffd0 | 498b e44d | 33e4 488b | 45f8 e9fe | fdff fff4 
[/MachCode]


Compiled method (c2) 1030180 3107       4       java.lang.ClassNotFoundException::<init> (7 bytes)
 total in heap  [0x00000269bea40590,0x00000269bea40fd0] = 2624
 relocation     [0x00000269bea406f0,0x00000269bea40748] = 88
 main code      [0x00000269bea40760,0x00000269bea40e98] = 1848
 stub code      [0x00000269bea40e98,0x00000269bea40ec0] = 40
 oops           [0x00000269bea40ec0,0x00000269bea40ed0] = 16
 metadata       [0x00000269bea40ed0,0x00000269bea40f08] = 56
 scopes data    [0x00000269bea40f08,0x00000269bea40f60] = 88
 scopes pcs     [0x00000269bea40f60,0x00000269bea40fb0] = 80
 dependencies   [0x00000269bea40fb0,0x00000269bea40fb8] = 8
 handler table  [0x00000269bea40fb8,0x00000269bea40fd0] = 24

[Constant Pool (empty)]

[MachCode]
[Entry Point]
  # {method} {0x00000269cb0698f8} '<init>' '(Ljava/lang/String;)V' in 'java/lang/ClassNotFoundException'
  # this:     rdx:rdx   = 'java/lang/ClassNotFoundException'
  # parm0:    r8:r8     = 'java/lang/String'
  #           [sp+0x60]  (sp of caller)
  0x00000269bea40760: 448b 5208 | 49bb 0000 | 00cb 6902 | 0000 4d03 | d349 3bc2 

  0x00000269bea40774: ;   {runtime_call ic_miss_stub}
  0x00000269bea40774: 0f85 06e0 | 90ff 6690 | 0f1f 4000 
[Verified Entry Point]
  0x00000269bea40780: 8984 2400 | 80ff ff55 | 4883 ec50 | 4181 7f20 | 0500 0000 | 0f85 f306 | 0000 4c89 | 4424 2041 
  0x00000269bea407a0: 807f 4000 | 0f85 d602 | 0000 488b | fa41 807f | 4000 0f85 | 9502 0000 

  0x00000269bea407b8: ;   {oop(a 'java/lang/StackTraceElement'[0] {0x00000000a05b7240})}
  0x00000269bea407b8: c747 1c40 | 725b a04c | 8bd7 4489 | 5718 4c8b 

  0x00000269bea407c8: ;   {oop(a 'java/util/Collections$EmptyList'{0x00000000a05b7230})}
  0x00000269bea407c8: d748 bb30 | 725b a000 

  0x00000269bea407d0: ;   {oop(a 'java/lang/StackTraceElement'[0] {0x00000000a05b7240})}
  0x00000269bea407d0: 0000 0048 | bd40 725b | a000 0000 | 004c 8bdd | 4d33 da49 | c1eb 144d | 85db 741a | 49c1 ea09 
  0x00000269bea407f0: 48b9 0000 | 13c6 6902 | 0000 4903 | ca80 3902 | 0f85 9c03 | 0000 4180 | 7f40 000f | 8509 0200 
  0x00000269bea40810: ;   {oop(a 'java/util/Collections$EmptyList'{0x00000000a05b7230})}
  0x00000269bea40810: 00c7 4720 | 3072 5ba0 | 4c8b d34c | 8bdf 4d33 | d349 c1ea | 144d 85d2 | 741a 49c1 | eb09 48b9 
  0x00000269bea40830: 0000 13c6 | 6902 0000 | 4903 cb80 | 3902 0f85 | 1003 0000 | 488d 5c24 | 4048 8b07 | a802 0f85 
  0x00000269bea40850: 2300 0000 | 4883 c801 | 4889 03f0 | 480f b11f | 0f84 3700 | 0000 482b | c448 2507 | f0ff ff48 
  0x00000269bea40870: 8903 e924 | 0000 004c | 8bd0 4833 | c0f0 4d0f | b17a 3e48 | c703 0300 | 0000 7411 | 4c3b f875 
  0x00000269bea40890: 1549 ff82 | 8600 0000 | 4833 c075 | 0949 ff87 | 5005 0000 | 33c0 0f85 | e403 0000 | 448b 571c 
  0x00000269bea408b0: 4585 d20f | 84d0 0400 | 0048 897c | 2428 4533 | c048 8bd7 

  0x00000269bea408c4: ;   {optimized virtual_call}
  0x00000269bea408c4: 6666 90e8 

  0x00000269bea408c8: ; ImmutableOopMap {rbp=Oop [32]=Oop [40]=Oop }
                      ;*invokevirtual fillInStackTrace {reexecute=0 rethrow=0 return_oop=1}
                      ; - java.lang.Throwable::fillInStackTrace@16
                      ; - java.lang.Throwable::<init>@24
                      ; - java.lang.Exception::<init>@3
                      ; - java.lang.ReflectiveOperationException::<init>@3
                      ; - java.lang.ClassNotFoundException::<init>@3
  0x00000269bea408c8: 94b5 ebff 

  0x00000269bea408cc: ;   {other}
  0x00000269bea408cc: 0f1f 8400 | 3c03 0000 | 4180 7f40 | 000f 850a | 0200 0048 | 8b5c 2428 

  0x00000269bea408e4: ;   {oop(a 'java/lang/StackTraceElement'[0] {0x00000000a05b7240})}
  0x00000269bea408e4: c743 1c40 | 725b a04c | 8bd5 4c8b | db4d 33d3 | 49c1 ea14 | 4d85 d274 | 1a49 c1eb | 0948 b900 
  0x00000269bea40904: 0013 c669 | 0200 0049 | 03cb 8039 | 020f 85d9 | 0200 0048 | 8d44 2440 | 4883 3800 | 0f84 7900 
  0x00000269bea40924: 0000 4c8b | 1341 f6c2 | 020f 8462 | 0000 0049 | 83ba 8600 | 0000 0074 | 0949 ff8a | 8600 0000 
  0x00000269bea40944: eb4b 498b | 8296 0000 | 0049 0b82 | 8e00 0000 | 750a 49c7 | 423e 0000 | 0000 eb3d | 4983 ba9e 
  0x00000269bea40964: 0000 0000 | 7422 4833 | c049 c742 | 3e00 0000 | 00f0 8304 | 2400 4983 | ba9e 0000 | 0000 750d 
  0x00000269bea40984: f04d 0fb1 | 7a3e 7505 | 83c8 01eb | 0ca8 00eb | 084c 8b10 | f04c 0fb1 | 1375 0a49 | ff8f 5005 
  0x00000269bea409a4: 0000 4533 | d20f 8507 | 0300 0041 | 807f 4000 | 0f85 fc00 | 0000 4c8b | d34c 8b44 | 2420 4d8b 
  0x00000269bea409c4: d844 895b | 144d 8bd8 | 4d33 da49 | c1eb 144d | 85db 7420 | 4d85 c074 | 1b49 c1ea 

  0x00000269bea409e0: ;   {no_reloc}
  0x00000269bea409e0: 0949 b800 | 0013 c669 | 0200 004d | 03c2 4180 | 3802 0f85 | 4602 0000 | 4180 7f40 | 000f 851e 
  0x00000269bea40a00: 0100 0044 | 8963 1848 | 83c4 505d 

  0x00000269bea40a0c: ;   {poll_return}
  0x00000269bea40a0c: 493b a750 | 0400 000f | 875e 0400 | 00c3 448b | 5f20 4585 | db0f 84ea | fdff ff4d | 8b57 2849 
  0x00000269bea40a2c: 8bcb 4d85 | d20f 84de | 0200 004d | 8b5f 384b | 894c 13f8 | 4983 c2f8 | 4d89 5728 | e9c4 fdff 
  0x00000269bea40a4c: ff44 8b5f | 1c45 85db | 0f84 5efd | ffff 4d8b | 5728 498b | cb4d 85d2 | 0f84 7102 | 0000 4d8b 
  0x00000269bea40a6c: 5f38 4b89 | 4c13 f849 | 83c2 f84d | 8957 28e9 | 38fd ffff | 488b fa44 | 8b5a 1845 | 85db 0f84 
  0x00000269bea40a8c: 1dfd ffff | 4d8b 5728 | 498b cb4d | 85d2 0f84 | 5802 0000 | 4d8b 5f38 | 4b89 4c13 | f849 83c2 
  0x00000269bea40aac: f84d 8957 | 28e9 f7fc | ffff 448b | 5b14 4585 | db0f 84f7 | feff ff4d | 8b57 2849 | 8bcb 4d85 
  0x00000269bea40acc: d20f 8499 | 0200 004d | 8b5f 384b | 894c 13f8 | 4983 c2f8 | 4d89 5728 | e9d1 feff | ff48 8b5c 
  0x00000269bea40aec: 2428 448b | 531c 4585 | d20f 84e9 | fdff ff4d | 8b5f 2849 | 8bca 4d85 | db0f 8427 

  0x00000269bea40b08: ;   {no_reloc}
  0x00000269bea40b08: 0200 004d | 8b57 384b | 894c 1af8 | 4983 c3f8 | 4d89 5f28 | e9c3 fdff | ff44 8b53 | 1845 85d2 
  0x00000269bea40b28: 0f84 d5fe | ffff 4d8b | 5f28 498b | ca4d 85db | 0f84 1102 | 0000 4d8b | 5738 4b89 | 4c1a f849 
  0x00000269bea40b48: 83c3 f84d | 895f 28e9 | affe ffff | 4d8b 5748 | 4d8b 5f58 | f083 4424 | c000 8039 | 000f 84d9 
  0x00000269bea40b68: fcff ff44 | 8821 4d85 | d275 1d49 | 8bd7 49ba | 00a4 bd82 | fe7f 0000 

  0x00000269bea40b80: ;   {other}
  0x00000269bea40b80: 41ff d20f | 1f84 0000 | 0000 00e9 | b4fc ffff | 4b89 4c13 | f849 83c2 | f84d 8957 | 48e9 a2fc 
  0x00000269bea40ba0: ffff 4d8b | 5748 4d8b | 5f58 f083 | 4424 c000 | 8039 000f | 844d fcff | ff44 8821 | 4d85 d275 
  0x00000269bea40bc0: 1d49 8bd7 | 49ba 00a4 | bd82 fe7f | 0000 41ff 

  0x00000269bea40bd0: ;   {other}
  0x00000269bea40bd0: d20f 1f84 | 0000 0000 | 00e9 28fc | ffff 4b89 | 4c13 f849 | 83c2 f84d | 8957 48e9 | 16fc ffff 
  0x00000269bea40bf0: 4d8b 5748 | 4d8b 5f58 | f083 4424 | c000 8039 | 000f 8410 | fdff ff44 | 8821 4d85 | d275 1d49 
  0x00000269bea40c10: 8bd7 49ba | 00a4 bd82 | fe7f 0000 

  0x00000269bea40c1c: ;   {other}
  0x00000269bea40c1c: 41ff d20f | 1f84 0000 | 0000 00e9 | ebfc ffff | 4b89 4c13 | f849 83c2 | f84d 8957 | 48e9 d9fc 
  0x00000269bea40c3c: ffff 4d8b | 5748 4d8b | 5f58 f083 | 4424 c000 | 4180 3800 | 0f84 a2fd | ffff 4588 | 204d 85d2 
  0x00000269bea40c5c: 7520 498b | c849 8bd7 | 49ba 00a4 | bd82 fe7f | 0000 41ff 

  0x00000269bea40c70: ;   {other}
  0x00000269bea40c70: d20f 1f84 | 0000 0000 | 00e9 7afd | ffff 4f89 | 4413 f849 | 83c2 f84d | 8957 48e9 | 68fd ffff 
  0x00000269bea40c90: 4889 7c24 | 2848 8bd7 | 4c8d 4424 

  0x00000269bea40c9c: ;   {runtime_call _complete_monitor_locking_Java}
  0x00000269bea40c9c: 4066 90e8 

  0x00000269bea40ca0: ; ImmutableOopMap {rbp=Oop [32]=Oop [40]=Oop }
                      ;*synchronization entry
                      ; - java.lang.Throwable::fillInStackTrace@-1
                      ; - java.lang.Throwable::<init>@24
                      ; - java.lang.Exception::<init>@3
                      ; - java.lang.ReflectiveOperationException::<init>@3
                      ; - java.lang.ClassNotFoundException::<init>@3
  0x00000269bea40ca0: dc67 95ff 

  0x00000269bea40ca4: ;   {other}
  0x00000269bea40ca4: 0f1f 8400 | 1407 0001 | 488b 7c24 | 28e9 f6fb | ffff 488b | cb48 8d54 | 2440 4d8b | c749 ba40 
  0x00000269bea40cc4: d9fe 82fe | 7f00 0041 

  0x00000269bea40ccc: ;   {other}
  0x00000269bea40ccc: ffd2 0f1f | 8400 0000 | 0000 e9d4 | fcff ff49 | 8bd7 49ba | 20a4 bd82 | fe7f 0000 

  0x00000269bea40ce8: ;   {other}
  0x00000269bea40ce8: 41ff d20f | 1f84 0000 | 0000 00e9 | c0fa ffff | 498b d749 | ba20 a4bd | 82fe 7f00 | 0041 ffd2 
  0x00000269bea40d08: ;   {other}
  0x00000269bea40d08: 0f1f 8400 | 0000 0000 | e998 faff | ff49 8bd7 | 49ba 20a4 | bd82 fe7f | 0000 41ff 

  0x00000269bea40d24: ;   {other}
  0x00000269bea40d24: d20f 1f84 | 0000 0000 | 00e9 dffa | ffff 498b | d749 ba20 | a4bd 82fe | 7f00 0041 

  0x00000269bea40d40: ;   {other}
  0x00000269bea40d40: ffd2 0f1f | 8400 0000 | 0000 e995 | fbff ff49 | 8bd7 49ba | 20a4 bd82 | fe7f 0000 

  0x00000269bea40d5c: ;   {other}
  0x00000269bea40d5c: 41ff d20f | 1f84 0000 | 0000 00e9 | 97fc ffff | 498b d749 | ba20 a4bd | 82fe 7f00 | 0041 ffd2 
  0x00000269bea40d7c: ;   {other}
  0x00000269bea40d7c: 0f1f 8400 | 0000 0000 | e931 fcff | ffba 45ff | ffff 4889 | 7c24 2844 | 8954 2430 | 4889 7c24 
  0x00000269bea40d9c: ;   {runtime_call UncommonTrapBlob}
  0x00000269bea40d9c: 3866 90e8 

  0x00000269bea40da0: ; ImmutableOopMap {[32]=Oop [40]=Oop [48]=NarrowOop [56]=Oop }
                      ;*ifnonnull {reexecute=1 rethrow=0 return_oop=0}
                      ; - (reexecute) java.lang.Throwable::fillInStackTrace@4
                      ; - java.lang.Throwable::<init>@24
                      ; - java.lang.Exception::<init>@3
                      ; - java.lang.ReflectiveOperationException::<init>@3
                      ; - java.lang.ClassNotFoundException::<init>@3
  0x00000269bea40da0: dc35 91ff 

  0x00000269bea40da4: ;   {other}
  0x00000269bea40da4: 0f1f 8400 | 1408 0002 | 488b d84c | 8b5c 2428 | 488d 4424 | 4048 8338 | 000f 8479 | 0000 004d 
  0x00000269bea40dc4: 8b13 41f6 | c202 0f84 | 6200 0000 | 4983 ba86 | 0000 0000 | 7409 49ff | 8a86 0000 | 00eb 4b49 
  0x00000269bea40de4: 8b82 9600 | 0000 490b | 828e 0000 | 0075 0a49 | c742 3e00 | 0000 00eb | 3d49 83ba | 9e00 0000 
  0x00000269bea40e04: 0074 2248 | 33c0 49c7 | 423e 0000 | 0000 f083 | 0424 0049 | 83ba 9e00 | 0000 0075 | 0df0 4d0f 
  0x00000269bea40e24: b17a 3e75 | 0583 c801 | eb0c a800 | eb08 4c8b | 10f0 4d0f | b113 750a | 49ff 8f50 | 0500 0045 
  0x00000269bea40e44: 33d2 750d | 488b d348 | 83c4 505d 

  0x00000269bea40e50: ;   {runtime_call _rethrow_Java}
  0x00000269bea40e50: e92b 6f95 | ff49 8bcb | 488d 5424 | 404d 8bc7 | 49ba 40d9 | fe82 fe7f | 0000 41ff 

  0x00000269bea40e6c: ;   {other}
  0x00000269bea40e6c: d20f 1f84 | 0000 0000 

  0x00000269bea40e74: ;   {internal_word}
  0x00000269bea40e74: 00eb d149 | ba0c 0aa4 | be69 0200 | 004d 8997 | 6804 0000 

  0x00000269bea40e88: ;   {runtime_call SafepointBlob}
  0x00000269bea40e88: e9f3 4591 

  0x00000269bea40e8c: ;   {runtime_call StubRoutines (final stubs)}
  0x00000269bea40e8c: ffe8 0e56 | 8fff e903 | f9ff fff4 
[Stub Code]
  0x00000269bea40e98: ;   {no_reloc}
  0x00000269bea40e98: 48bb 0000 | 0000 0000 

  0x00000269bea40ea0: ;   {runtime_call nmethod}
  0x00000269bea40ea0: 0000 e9fb 

  0x00000269bea40ea4: ;   {runtime_call ExceptionBlob}
  0x00000269bea40ea4: ffff ffe9 | d411 95ff 
[Deopt Handler Code]
  0x00000269bea40eac: e800 0000 | 0048 832c 

  0x00000269bea40eb4: ;   {runtime_call DeoptimizationBlob}
  0x00000269bea40eb4: 2405 e965 | 3891 fff4 | f4f4 f4f4 
[/MachCode]


Compiled method (c1) 1030235  833       3       jdk.internal.loader.BuiltinClassLoader::loadClass (22 bytes)
 total in heap  [0x00000269b6f38890,0x00000269b6f38dd0] = 1344
 relocation     [0x00000269b6f389f0,0x00000269b6f38a48] = 88
 main code      [0x00000269b6f38a60,0x00000269b6f38cc0] = 608
 stub code      [0x00000269b6f38cc0,0x00000269b6f38d18] = 88
 metadata       [0x00000269b6f38d18,0x00000269b6f38d20] = 8
 scopes data    [0x00000269b6f38d20,0x00000269b6f38d68] = 72
 scopes pcs     [0x00000269b6f38d68,0x00000269b6f38dc8] = 96
 dependencies   [0x00000269b6f38dc8,0x00000269b6f38dd0] = 8

[Constant Pool (empty)]

[MachCode]
[Entry Point]
  # {method} {0x00000269cb0656a8} 'loadClass' '(Ljava/lang/String;Z)Ljava/lang/Class;' in 'jdk/internal/loader/BuiltinClassLoader'
  # this:     rdx:rdx   = 'jdk/internal/loader/BuiltinClassLoader'
  # parm0:    r8:r8     = 'java/lang/String'
  # parm1:    r9        = boolean
  #           [sp+0x50]  (sp of caller)
  0x00000269b6f38a60: 448b 5208 | 49bb 0000 | 00cb 6902 | 0000 4d03 | d34c 3bd0 

  0x00000269b6f38a74: ;   {runtime_call ic_miss_stub}
  0x00000269b6f38a74: 0f85 065d | 4107 660f | 1f44 0000 
[Verified Entry Point]
  0x00000269b6f38a80: 8984 2400 | 80ff ff55 | 4883 ec40 | 4181 7f20 | 0500 0000 

  0x00000269b6f38a94: ;   {runtime_call StubRoutines (final stubs)}
  0x00000269b6f38a94: 7405 e805 

  0x00000269b6f38a98: ;   {metadata(method data for {method} {0x00000269cb0656a8} 'loadClass' '(Ljava/lang/String;Z)Ljava/lang/Class;' in 'jdk/internal/loader/BuiltinClassLoader')}
  0x00000269b6f38a98: da3f 0748 | be20 d110 | 0d6a 0200 | 008b becc | 0000 0083 | c702 89be | cc00 0000 | 81e7 fe07 
  0x00000269b6f38ab8: 0000 85ff | 0f84 9401 | 0000 488b 

  0x00000269b6f38ac4: ;   {metadata(method data for {method} {0x00000269cb0656a8} 'loadClass' '(Ljava/lang/String;Z)Ljava/lang/Class;' in 'jdk/internal/loader/BuiltinClassLoader')}
  0x00000269b6f38ac4: f248 bf20 | d110 0d6a | 0200 008b | 7608 49ba | 0000 00cb | 6902 0000 | 4903 f248 | 3bb7 2001 
  0x00000269b6f38ae4: 0000 750d | 4883 8728 | 0100 0001 | e960 0000 | 0048 3bb7 | 3001 0000 | 750d 4883 | 8738 0100 
  0x00000269b6f38b04: 0001 e94a | 0000 0048 | 83bf 2001 | 0000 0075 | 1748 89b7 | 2001 0000 | 48c7 8728 | 0100 0001 
  0x00000269b6f38b24: 0000 00e9 | 2900 0000 | 4883 bf30 | 0100 0000 | 7517 4889 | b730 0100 | 0048 c787 | 3801 0000 
  0x00000269b6f38b44: 0100 0000 | e908 0000 | 0048 8387 | 1001 0000 | 0149 8bf0 | 4c8b c648 | 8974 2420 | 0f1f 4400 
  0x00000269b6f38b64: 0048 b8ff | ffff ffff 

  0x00000269b6f38b6c: ;   {virtual_call}
  0x00000269b6f38b6c: ffff ffe8 

  0x00000269b6f38b70: ; ImmutableOopMap {[32]=Oop }
                      ;*invokevirtual loadClassOrNull {reexecute=0 rethrow=0 return_oop=0}
                      ; - jdk.internal.loader.BuiltinClassLoader::loadClass@3
  0x00000269b6f38b70: fc06 4f07 

  0x00000269b6f38b74: ;   {other}
  0x00000269b6f38b74: 0f1f 8400 | e402 0000 

  0x00000269b6f38b7c: ;   {metadata(method data for {method} {0x00000269cb0656a8} 'loadClass' '(Ljava/lang/String;Z)Ljava/lang/Class;' in 'jdk/internal/loader/BuiltinClassLoader')}
  0x00000269b6f38b7c: 4885 c048 | ba20 d110 | 0d6a 0200 | 0048 c7c6 | 5801 0000 | 7407 48c7 | c648 0100 | 0048 8b3c 
  0x00000269b6f38b9c: 3248 8d7f | 0148 893c | 320f 8413 | 0000 0048 | 83c4 405d 

  0x00000269b6f38bb0: ;   {poll_return}
  0x00000269b6f38bb0: 493b a750 | 0400 000f | 87ba 0000 | 00c3 4c8b 

  0x00000269b6f38bc0: ;   {metadata('java/lang/ClassNotFoundException')}
  0x00000269b6f38bc0: 4424 2048 | ba88 9306 | cb69 0200 | 0049 8b87 | b801 0000 | 488d 7828 | 493b bfc8 | 0100 000f 
  0x00000269b6f38be0: 87a8 0000 | 0049 89bf | b801 0000 | 48c7 0001 | 0000 0048 | 8bca 49ba | 0000 00cb | 6902 0000 
  0x00000269b6f38c00: 492b ca89 | 4808 4833 | c989 480c | 4833 c948 | 8948 1048 | 8948 1848 | 8948 2048 

  0x00000269b6f38c1c: ;   {metadata(method data for {method} {0x00000269cb0656a8} 'loadClass' '(Ljava/lang/String;Z)Ljava/lang/Class;' in 'jdk/internal/loader/BuiltinClassLoader')}
  0x00000269b6f38c1c: 8bd0 48be | 20d1 100d | 6a02 0000 | 4883 8668 | 0100 0001 | 488b d048 | 8944 2428 | 0f1f 8000 
  0x00000269b6f38c3c: ;   {optimized virtual_call}
  0x00000269b6f38c3c: 0000 00e8 

  0x00000269b6f38c40: ; ImmutableOopMap {[40]=Oop }
                      ;*invokespecial <init> {reexecute=0 rethrow=0 return_oop=0}
                      ; - jdk.internal.loader.BuiltinClassLoader::loadClass@16
  0x00000269b6f38c40: 3c7b b007 

  0x00000269b6f38c44: ;   {other}
  0x00000269b6f38c44: 0f1f 8400 | b403 0001 | 488b 4424 | 28e9 5e00 

  0x00000269b6f38c54: ;   {metadata({method} {0x00000269cb0656a8} 'loadClass' '(Ljava/lang/String;Z)Ljava/lang/Class;' in 'jdk/internal/loader/BuiltinClassLoader')}
  0x00000269b6f38c54: 0000 49ba | a056 06cb | 6902 0000 | 4c89 5424 | 0848 c704 | 24ff ffff 

  0x00000269b6f38c6c: ;   {runtime_call counter_overflow Runtime1 stub}
  0x00000269b6f38c6c: ffe8 8ef4 

  0x00000269b6f38c70: ; ImmutableOopMap {rdx=Oop r8=Oop }
                      ;*synchronization entry
                      ; - jdk.internal.loader.BuiltinClassLoader::loadClass@-1
  0x00000269b6f38c70: 4e07 e94b 

  0x00000269b6f38c74: ;   {internal_word}
  0x00000269b6f38c74: feff ff49 | bab0 8bf3 | b669 0200 | 004d 8997 | 6804 0000 

  0x00000269b6f38c88: ;   {runtime_call SafepointBlob}
  0x00000269b6f38c88: e9f3 c741 | 0748 8bd2 

  0x00000269b6f38c90: ;   {runtime_call fast_new_instance Runtime1 stub}
  0x00000269b6f38c90: e8eb ae45 

  0x00000269b6f38c94: ; ImmutableOopMap {r8=Oop }
                      ;*new {reexecute=0 rethrow=0 return_oop=0}
                      ; - jdk.internal.loader.BuiltinClassLoader::loadClass@11
  0x00000269b6f38c94: 07eb 8449 | 8b87 0005 | 0000 49c7 | 8700 0500 | 0000 0000 | 0049 c787 | 0805 0000 | 0000 0000 
  0x00000269b6f38cb4: 4883 c440 

  0x00000269b6f38cb8: ;   {runtime_call unwind_exception Runtime1 stub}
  0x00000269b6f38cb8: 5de9 c2c6 | 4507 f4f4 
[Stub Code]
  0x00000269b6f38cc0: ;   {no_reloc}
  0x00000269b6f38cc0: 0f1f 4400 

  0x00000269b6f38cc4: ;   {static_stub}
  0x00000269b6f38cc4: 0048 bb00 | 0000 0000 

  0x00000269b6f38ccc: ;   {runtime_call nmethod}
  0x00000269b6f38ccc: 0000 00e9 | fbff ffff 

  0x00000269b6f38cd4: ;   {static_stub}
  0x00000269b6f38cd4: 48bb f098 | 06cb 6902 

  0x00000269b6f38cdc: ;   {runtime_call I2C/C2I adapters}
  0x00000269b6f38cdc: 0000 e904 

  0x00000269b6f38ce0: ;   {runtime_call handle_exception_from_callee Runtime1 stub}
  0x00000269b6f38ce0: b341 07e8 | 9899 4507 

  0x00000269b6f38ce8: ;   {external_word}
  0x00000269b6f38ce8: 48b9 5063 | 2b83 fe7f | 0000 4883 

  0x00000269b6f38cf4: ;   {runtime_call}
  0x00000269b6f38cf4: e4f0 48b8 | c0c9 ed82 | fe7f 0000 

  0x00000269b6f38d00: ;   {section_word}
  0x00000269b6f38d00: ffd0 f449 | ba03 8df3 | b669 0200 

  0x00000269b6f38d0c: ;   {runtime_call DeoptimizationBlob}
  0x00000269b6f38d0c: 0041 52e9 | 0cba 4107 | f4f4 f4f4 
[/MachCode]


---------------  P R O C E S S  ---------------

Threads class SMR info:
_java_thread_list=0x0000026a11df1340, length=40, elements={
0x00000269b1689520, 0x0000026a0c023cd0, 0x0000026a0c025650, 0x0000026a0c02ba20,
0x0000026a0c02c480, 0x0000026a0c02e4d0, 0x0000026a0c032180, 0x0000026a0c02feb0,
0x0000026a0c037910, 0x0000026a0c2cead0, 0x0000026a0c2f8f30, 0x0000026a0cbe9520,
0x0000026a11394780, 0x0000026a0cba8650, 0x0000026a0cb88d50, 0x0000026a0cb893c0,
0x0000026a11e926c0, 0x0000026a11e94790, 0x0000026a11e92d50, 0x0000026a11e954b0,
0x0000026a11e92030, 0x0000026a11e93a70, 0x0000026a11e933e0, 0x0000026a11e94e20,
0x0000026a123e2be0, 0x0000026a123e5340, 0x0000026a123e3900, 0x0000026a123e4620,
0x0000026a123e3f90, 0x0000026a123e1ec0, 0x0000026a11e94100, 0x0000026a12a27b40,
0x0000026a12a28860, 0x0000026a12a26e20, 0x0000026a12a28ef0, 0x0000026a12a281d0,
0x0000026a12a29580, 0x0000026a12a29c10, 0x0000026a12a2a2a0, 0x0000026a12860ec0
}

Java Threads: ( => current thread )
  0x00000269b1689520 JavaThread "main"                              [_thread_blocked, id=24912, stack(0x000000e025700000,0x000000e025800000) (1024K)]
  0x0000026a0c023cd0 JavaThread "Reference Handler"          daemon [_thread_blocked, id=25512, stack(0x000000e025f00000,0x000000e026000000) (1024K)]
  0x0000026a0c025650 JavaThread "Finalizer"                  daemon [_thread_blocked, id=25144, stack(0x000000e026000000,0x000000e026100000) (1024K)]
  0x0000026a0c02ba20 JavaThread "Signal Dispatcher"          daemon [_thread_blocked, id=25492, stack(0x000000e026100000,0x000000e026200000) (1024K)]
  0x0000026a0c02c480 JavaThread "Attach Listener"            daemon [_thread_blocked, id=25508, stack(0x000000e026200000,0x000000e026300000) (1024K)]
  0x0000026a0c02e4d0 JavaThread "Service Thread"             daemon [_thread_blocked, id=25412, stack(0x000000e026300000,0x000000e026400000) (1024K)]
  0x0000026a0c032180 JavaThread "Monitor Deflation Thread"   daemon [_thread_blocked, id=25136, stack(0x000000e026400000,0x000000e026500000) (1024K)]
  0x0000026a0c02feb0 JavaThread "C2 CompilerThread0"         daemon [_thread_blocked, id=24160, stack(0x000000e026500000,0x000000e026600000) (1024K)]
  0x0000026a0c037910 JavaThread "C1 CompilerThread0"         daemon [_thread_blocked, id=25604, stack(0x000000e026600000,0x000000e026700000) (1024K)]
  0x0000026a0c2cead0 JavaThread "Common-Cleaner"             daemon [_thread_blocked, id=25900, stack(0x000000e026700000,0x000000e026800000) (1024K)]
  0x0000026a0c2f8f30 JavaThread "Notification Thread"        daemon [_thread_blocked, id=25952, stack(0x000000e026800000,0x000000e026900000) (1024K)]
  0x0000026a0cbe9520 JavaThread "Daemon health stats"               [_thread_blocked, id=27292, stack(0x000000e026e00000,0x000000e026f00000) (1024K)]
  0x0000026a11394780 JavaThread "Incoming local TCP Connector on port 54972"        [_thread_in_native, id=23836, stack(0x000000e026f00000,0x000000e027000000) (1024K)]
  0x0000026a0cba8650 JavaThread "Daemon periodic checks"            [_thread_blocked, id=31096, stack(0x000000e027000000,0x000000e027100000) (1024K)]
  0x0000026a0cb88d50 JavaThread "Daemon"                            [_thread_blocked, id=30828, stack(0x000000e027100000,0x000000e027200000) (1024K)]
  0x0000026a0cb893c0 JavaThread "Handler for socket connection from /127.0.0.1:54972 to /127.0.0.1:54983"        [_thread_in_native, id=30864, stack(0x000000e027200000,0x000000e027300000) (1024K)]
  0x0000026a11e926c0 JavaThread "Cancel handler"                    [_thread_blocked, id=30860, stack(0x000000e027300000,0x000000e027400000) (1024K)]
=>0x0000026a11e94790 JavaThread "Daemon worker"                     [_thread_in_vm, id=25908, stack(0x000000e027400000,0x000000e027500000) (1024K)]
  0x0000026a11e92d50 JavaThread "Asynchronous log dispatcher for DefaultDaemonConnection: socket connection from /127.0.0.1:54972 to /127.0.0.1:54983"        [_thread_blocked, id=28652, stack(0x000000e027500000,0x000000e027600000) (1024K)]
  0x0000026a11e954b0 JavaThread "Stdin handler"                     [_thread_blocked, id=28620, stack(0x000000e027600000,0x000000e027700000) (1024K)]
  0x0000026a11e92030 JavaThread "Daemon client event forwarder"        [_thread_blocked, id=27096, stack(0x000000e027700000,0x000000e027800000) (1024K)]
  0x0000026a11e93a70 JavaThread "Cache worker for journal cache (C:\Users\ishas\.gradle\caches\journal-1)"        [_thread_blocked, id=31416, stack(0x000000e027800000,0x000000e027900000) (1024K)]
  0x0000026a11e933e0 JavaThread "File lock request listener"        [_thread_in_native, id=31400, stack(0x000000e027900000,0x000000e027a00000) (1024K)]
  0x0000026a11e94e20 JavaThread "Cache worker for file hash cache (C:\Users\ishas\.gradle\caches\8.14.3\fileHashes)"        [_thread_blocked, id=32624, stack(0x000000e027b00000,0x000000e027c00000) (1024K)]
  0x0000026a123e2be0 JavaThread "Cache worker for file hash cache (C:\Users\ishas\Downloads\ai-yoga-assistant-razorpay-v9\yoga3\android\.gradle\8.14.3\fileHashes)"        [_thread_blocked, id=32356, stack(0x000000e028200000,0x000000e028300000) (1024K)]
  0x0000026a123e5340 JavaThread "Cache worker for Build Output Cleanup Cache (C:\Users\ishas\Downloads\ai-yoga-assistant-razorpay-v9\yoga3\android\.gradle\buildOutputCleanup)"        [_thread_blocked, id=28452, stack(0x000000e027c00000,0x000000e027d00000) (1024K)]
  0x0000026a123e3900 JavaThread "File watcher server"        daemon [_thread_in_native, id=32324, stack(0x000000e028300000,0x000000e028400000) (1024K)]
  0x0000026a123e4620 JavaThread "File watcher consumer"      daemon [_thread_blocked, id=32644, stack(0x000000e028400000,0x000000e028500000) (1024K)]
  0x0000026a123e3f90 JavaThread "jar transforms"                    [_thread_blocked, id=31628, stack(0x000000e025500000,0x000000e025600000) (1024K)]
  0x0000026a123e1ec0 JavaThread "jar transforms Thread 2"           [_thread_blocked, id=31748, stack(0x000000e027a00000,0x000000e027b00000) (1024K)]
  0x0000026a11e94100 JavaThread "Cache worker for checksums cache (C:\Users\ishas\Downloads\ai-yoga-assistant-razorpay-v9\yoga3\android\.gradle\8.14.3\checksums)"        [_thread_blocked, id=42336, stack(0x000000e028500000,0x000000e028600000) (1024K)]
  0x0000026a12a27b40 JavaThread "Cache worker for file content cache (C:\Users\ishas\.gradle\caches\8.14.3\fileContent)"        [_thread_blocked, id=42340, stack(0x000000e028600000,0x000000e028700000) (1024K)]
  0x0000026a12a28860 JavaThread "jar transforms Thread 3"           [_thread_blocked, id=43148, stack(0x000000e028700000,0x000000e028800000) (1024K)]
  0x0000026a12a26e20 JavaThread "jar transforms Thread 4"           [_thread_blocked, id=45600, stack(0x000000e028800000,0x000000e028900000) (1024K)]
  0x0000026a12a28ef0 JavaThread "jar transforms Thread 5"           [_thread_blocked, id=29316, stack(0x000000e028900000,0x000000e028a00000) (1024K)]
  0x0000026a12a281d0 JavaThread "File lock release action executor Thread 4"        [_thread_blocked, id=31816, stack(0x000000e025600000,0x000000e025700000) (1024K)]
  0x0000026a12a29580 JavaThread "jar transforms Thread 6"           [_thread_blocked, id=31820, stack(0x000000e028b00000,0x000000e028c00000) (1024K)]
  0x0000026a12a29c10 JavaThread "Cache worker for cache directory md-supplier (C:\Users\ishas\.gradle\caches\8.14.3\md-supplier)"        [_thread_blocked, id=65344, stack(0x000000e028c00000,0x000000e028d00000) (1024K)]
  0x0000026a12a2a2a0 JavaThread "Cache worker for cache directory md-rule (C:\Users\ishas\.gradle\caches\8.14.3\md-rule)"        [_thread_blocked, id=53356, stack(0x000000e028d00000,0x000000e028e00000) (1024K)]
  0x0000026a12860ec0 JavaThread "C2 CompilerThread1"         daemon [_thread_in_native, id=208, stack(0x000000e028e00000,0x000000e028f00000) (1024K)]
Total: 40

Other Threads:
  0x00000269cadcd8b0 VMThread "VM Thread"                           [id=25408, stack(0x000000e025e00000,0x000000e025f00000) (1024K)]
  0x00000269cadc09b0 WatcherThread "VM Periodic Task Thread"        [id=25264, stack(0x000000e025d00000,0x000000e025e00000) (1024K)]
  0x00000269b3c165d0 WorkerThread "GC Thread#0"                     [id=25304, stack(0x000000e025800000,0x000000e025900000) (1024K)]
  0x0000026a0c0b7950 WorkerThread "GC Thread#1"                     [id=4552, stack(0x000000e026900000,0x000000e026a00000) (1024K)]
  0x0000026a0c0b7d00 WorkerThread "GC Thread#2"                     [id=5964, stack(0x000000e026a00000,0x000000e026b00000) (1024K)]
  0x0000026a0c4c44b0 WorkerThread "GC Thread#3"                     [id=24948, stack(0x000000e026b00000,0x000000e026c00000) (1024K)]
  0x0000026a0c4c4860 WorkerThread "GC Thread#4"                     [id=4228, stack(0x000000e026c00000,0x000000e026d00000) (1024K)]
  0x0000026a0c4c4c10 WorkerThread "GC Thread#5"                     [id=23428, stack(0x000000e026d00000,0x000000e026e00000) (1024K)]
  0x0000026a0c501230 WorkerThread "GC Thread#6"                     [id=28596, stack(0x000000e025400000,0x000000e025500000) (1024K)]
  0x0000026a11bf5740 WorkerThread "GC Thread#7"                     [id=32308, stack(0x000000e027d00000,0x000000e027e00000) (1024K)]
  0x0000026a11bf5390 WorkerThread "GC Thread#8"                     [id=32312, stack(0x000000e027e00000,0x000000e027f00000) (1024K)]
  0x0000026a11bf4c30 WorkerThread "GC Thread#9"                     [id=32172, stack(0x000000e027f00000,0x000000e028000000) (1024K)]
  0x00000269b3c234d0 ConcurrentGCThread "G1 Main Marker"            [id=25308, stack(0x000000e025900000,0x000000e025a00000) (1024K)]
  0x00000269b3c23ef0 WorkerThread "G1 Conc#0"                       [id=25260, stack(0x000000e025a00000,0x000000e025b00000) (1024K)]
  0x0000026a11bf44d0 WorkerThread "G1 Conc#1"                       [id=32300, stack(0x000000e028000000,0x000000e028100000) (1024K)]
  0x0000026a1463b280 WorkerThread "G1 Conc#2"                       [id=30880, stack(0x000000e028100000,0x000000e028200000) (1024K)]
  0x00000269b3c8e8d0 ConcurrentGCThread "G1 Refine#0"               [id=15136, stack(0x000000e025b00000,0x000000e025c00000) (1024K)]
  0x00000269cac91680 ConcurrentGCThread "G1 Service"                [id=4112, stack(0x000000e025c00000,0x000000e025d00000) (1024K)]
Total: 18

Threads with active compile tasks:
C2 CompilerThread1  1030261 5668   !   4       sun.reflect.annotation.AnnotationParser::parseAnnotations (37 bytes)
Total: 1

VM state: not at safepoint (normal execution)

VM Mutex/Monitor currently owned by a thread: None

Heap address: 0x00000000a0000000, size: 1536 MB, Compressed Oops mode: 32-bit

CDS archive(s) mapped at: [0x00000269cb000000-0x00000269cbba0000-0x00000269cbba0000), size 12189696, SharedBaseAddress: 0x00000269cb000000, ArchiveRelocationMode: 1.
Compressed class space mapped at: 0x00000269cc000000-0x0000026a0c000000, reserved size: 1073741824
Narrow klass base: 0x00000269cb000000, Narrow klass shift: 0, Narrow klass range: 0x100000000

GC Precious Log:
 CardTable entry size: 512
 Card Set container configuration: InlinePtr #cards 5 size 8 Array Of Cards #cards 12 size 40 Howl #buckets 4 coarsen threshold 1843 Howl Bitmap #cards 512 size 80 coarsen threshold 460 Card regions per heap region 1 cards per card region 2048
 CPUs: 12 total, 12 available
 Memory: 16076M
 Large Page Support: Disabled
 NUMA Support: Disabled
 Compressed Oops: Enabled (32-bit)
 Heap Region Size: 1M
 Heap Min Capacity: 8M
 Heap Initial Capacity: 252M
 Heap Max Capacity: 1536M
 Pre-touch: Disabled
 Parallel Workers: 10
 Concurrent Workers: 3
 Concurrent Refinement Workers: 10
 Periodic GC: Disabled

Heap:
 garbage-first heap   total 97280K, used 52360K [0x00000000a0000000, 0x0000000100000000)
  region size 1024K, 23 young (23552K), 6 survivors (6144K)
 Metaspace       used 42537K, committed 44032K, reserved 1114112K
  class space    used 6177K, committed 6912K, reserved 1048576K

Heap Regions: E=young(eden), S=young(survivor), O=old, HS=humongous(starts), HC=humongous(continues), CS=collection set, F=free, TAMS=top-at-mark-start, PB=parsable bottom
|   0|0x00000000a0000000, 0x00000000a0100000, 0x00000000a0100000|100%|HS|  |TAMS 0x00000000a0000000| PB 0x00000000a0000000| Complete 
|   1|0x00000000a0100000, 0x00000000a0200000, 0x00000000a0200000|100%|HC|  |TAMS 0x00000000a0100000| PB 0x00000000a0100000| Complete 
|   2|0x00000000a0200000, 0x00000000a0300000, 0x00000000a0300000|100%|HC|  |TAMS 0x00000000a0200000| PB 0x00000000a0200000| Complete 
|   3|0x00000000a0300000, 0x00000000a0400000, 0x00000000a0400000|100%| O|  |TAMS 0x00000000a0300000| PB 0x00000000a0300000| Untracked 
|   4|0x00000000a0400000, 0x00000000a0500000, 0x00000000a0500000|100%| O|  |TAMS 0x00000000a0400000| PB 0x00000000a0400000| Untracked 
|   5|0x00000000a0500000, 0x00000000a0600000, 0x00000000a0600000|100%| O|  |TAMS 0x00000000a0500000| PB 0x00000000a0500000| Untracked 
|   6|0x00000000a0600000, 0x00000000a0700000, 0x00000000a0700000|100%|HS|  |TAMS 0x00000000a0600000| PB 0x00000000a0600000| Complete 
|   7|0x00000000a0700000, 0x00000000a0800000, 0x00000000a0800000|100%| O|  |TAMS 0x00000000a0700000| PB 0x00000000a0700000| Untracked 
|   8|0x00000000a0800000, 0x00000000a0900000, 0x00000000a0900000|100%| O|  |TAMS 0x00000000a0800000| PB 0x00000000a0800000| Untracked 
|   9|0x00000000a0900000, 0x00000000a0a00000, 0x00000000a0a00000|100%| O|  |TAMS 0x00000000a0900000| PB 0x00000000a0900000| Untracked 
|  10|0x00000000a0a00000, 0x00000000a0b00000, 0x00000000a0b00000|100%| O|  |TAMS 0x00000000a0a00000| PB 0x00000000a0a00000| Untracked 
|  11|0x00000000a0b00000, 0x00000000a0c00000, 0x00000000a0c00000|100%| O|  |TAMS 0x00000000a0b00000| PB 0x00000000a0b00000| Untracked 
|  12|0x00000000a0c00000, 0x00000000a0c68070, 0x00000000a0d00000| 40%| O|  |TAMS 0x00000000a0c00000| PB 0x00000000a0c00000| Untracked 
|  13|0x00000000a0d00000, 0x00000000a0e00000, 0x00000000a0e00000|100%| O|  |TAMS 0x00000000a0d00000| PB 0x00000000a0d00000| Untracked 
|  14|0x00000000a0e00000, 0x00000000a0f00000, 0x00000000a0f00000|100%| O|  |TAMS 0x00000000a0e00000| PB 0x00000000a0e00000| Untracked 
|  15|0x00000000a0f00000, 0x00000000a1000000, 0x00000000a1000000|100%| O|  |TAMS 0x00000000a0f00000| PB 0x00000000a0f00000| Untracked 
|  16|0x00000000a1000000, 0x00000000a1100000, 0x00000000a1100000|100%| O|  |TAMS 0x00000000a1000000| PB 0x00000000a1000000| Untracked 
|  17|0x00000000a1100000, 0x00000000a1100000, 0x00000000a1200000|  0%| F|  |TAMS 0x00000000a1100000| PB 0x00000000a1100000| Untracked 
|  18|0x00000000a1200000, 0x00000000a1300000, 0x00000000a1300000|100%| O|  |TAMS 0x00000000a1200000| PB 0x00000000a1200000| Untracked 
|  19|0x00000000a1300000, 0x00000000a1300000, 0x00000000a1400000|  0%| F|  |TAMS 0x00000000a1300000| PB 0x00000000a1300000| Untracked 
|  20|0x00000000a1400000, 0x00000000a1400000, 0x00000000a1500000|  0%| F|  |TAMS 0x00000000a1400000| PB 0x00000000a1400000| Untracked 
|  21|0x00000000a1500000, 0x00000000a1500000, 0x00000000a1600000|  0%| F|  |TAMS 0x00000000a1500000| PB 0x00000000a1500000| Untracked 
|  22|0x00000000a1600000, 0x00000000a1600000, 0x00000000a1700000|  0%| F|  |TAMS 0x00000000a1600000| PB 0x00000000a1600000| Untracked 
|  23|0x00000000a1700000, 0x00000000a1800000, 0x00000000a1800000|100%| O|  |TAMS 0x00000000a1700000| PB 0x00000000a1700000| Untracked 
|  24|0x00000000a1800000, 0x00000000a1800000, 0x00000000a1900000|  0%| F|  |TAMS 0x00000000a1800000| PB 0x00000000a1800000| Untracked 
|  25|0x00000000a1900000, 0x00000000a19b9fa0, 0x00000000a1a00000| 72%| S|CS|TAMS 0x00000000a1900000| PB 0x00000000a1900000| Complete 
|  26|0x00000000a1a00000, 0x00000000a1b00000, 0x00000000a1b00000|100%| S|CS|TAMS 0x00000000a1a00000| PB 0x00000000a1a00000| Complete 
|  27|0x00000000a1b00000, 0x00000000a1c00000, 0x00000000a1c00000|100%| S|CS|TAMS 0x00000000a1b00000| PB 0x00000000a1b00000| Complete 
|  28|0x00000000a1c00000, 0x00000000a1d00000, 0x00000000a1d00000|100%| S|CS|TAMS 0x00000000a1c00000| PB 0x00000000a1c00000| Complete 
|  29|0x00000000a1d00000, 0x00000000a1d00000, 0x00000000a1e00000|  0%| F|  |TAMS 0x00000000a1d00000| PB 0x00000000a1d00000| Untracked 
|  30|0x00000000a1e00000, 0x00000000a1e00000, 0x00000000a1f00000|  0%| F|  |TAMS 0x00000000a1e00000| PB 0x00000000a1e00000| Untracked 
|  31|0x00000000a1f00000, 0x00000000a2000000, 0x00000000a2000000|100%| S|CS|TAMS 0x00000000a1f00000| PB 0x00000000a1f00000| Complete 
|  32|0x00000000a2000000, 0x00000000a2100000, 0x00000000a2100000|100%| O|  |TAMS 0x00000000a2000000| PB 0x00000000a2000000| Untracked 
|  33|0x00000000a2100000, 0x00000000a2200000, 0x00000000a2200000|100%| O|  |TAMS 0x00000000a2100000| PB 0x00000000a2100000| Untracked 
|  34|0x00000000a2200000, 0x00000000a2300000, 0x00000000a2300000|100%| O|  |TAMS 0x00000000a2200000| PB 0x00000000a2200000| Untracked 
|  35|0x00000000a2300000, 0x00000000a2400000, 0x00000000a2400000|100%| O|  |TAMS 0x00000000a2300000| PB 0x00000000a2300000| Untracked 
|  36|0x00000000a2400000, 0x00000000a2500000, 0x00000000a2500000|100%| O|  |TAMS 0x00000000a2400000| PB 0x00000000a2400000| Untracked 
|  37|0x00000000a2500000, 0x00000000a2600000, 0x00000000a2600000|100%| S|CS|TAMS 0x00000000a2500000| PB 0x00000000a2500000| Complete 
|  38|0x00000000a2600000, 0x00000000a2600000, 0x00000000a2700000|  0%| F|  |TAMS 0x00000000a2600000| PB 0x00000000a2600000| Untracked 
|  39|0x00000000a2700000, 0x00000000a2700000, 0x00000000a2800000|  0%| F|  |TAMS 0x00000000a2700000| PB 0x00000000a2700000| Untracked 
|  40|0x00000000a2800000, 0x00000000a2800000, 0x00000000a2900000|  0%| F|  |TAMS 0x00000000a2800000| PB 0x00000000a2800000| Untracked 
|  41|0x00000000a2900000, 0x00000000a2900000, 0x00000000a2a00000|  0%| F|  |TAMS 0x00000000a2900000| PB 0x00000000a2900000| Untracked 
|  42|0x00000000a2a00000, 0x00000000a2a00000, 0x00000000a2b00000|  0%| F|  |TAMS 0x00000000a2a00000| PB 0x00000000a2a00000| Untracked 
|  43|0x00000000a2b00000, 0x00000000a2b00000, 0x00000000a2c00000|  0%| F|  |TAMS 0x00000000a2b00000| PB 0x00000000a2b00000| Untracked 
|  44|0x00000000a2c00000, 0x00000000a2c00000, 0x00000000a2d00000|  0%| F|  |TAMS 0x00000000a2c00000| PB 0x00000000a2c00000| Untracked 
|  45|0x00000000a2d00000, 0x00000000a2d00000, 0x00000000a2e00000|  0%| F|  |TAMS 0x00000000a2d00000| PB 0x00000000a2d00000| Untracked 
|  46|0x00000000a2e00000, 0x00000000a2e00000, 0x00000000a2f00000|  0%| F|  |TAMS 0x00000000a2e00000| PB 0x00000000a2e00000| Untracked 
|  47|0x00000000a2f00000, 0x00000000a2f00000, 0x00000000a3000000|  0%| F|  |TAMS 0x00000000a2f00000| PB 0x00000000a2f00000| Untracked 
|  48|0x00000000a3000000, 0x00000000a3000000, 0x00000000a3100000|  0%| F|  |TAMS 0x00000000a3000000| PB 0x00000000a3000000| Untracked 
|  49|0x00000000a3100000, 0x00000000a3100000, 0x00000000a3200000|  0%| F|  |TAMS 0x00000000a3100000| PB 0x00000000a3100000| Untracked 
|  50|0x00000000a3200000, 0x00000000a3200000, 0x00000000a3300000|  0%| F|  |TAMS 0x00000000a3200000| PB 0x00000000a3200000| Untracked 
|  51|0x00000000a3300000, 0x00000000a3300000, 0x00000000a3400000|  0%| F|  |TAMS 0x00000000a3300000| PB 0x00000000a3300000| Untracked 
|  52|0x00000000a3400000, 0x00000000a3400000, 0x00000000a3500000|  0%| F|  |TAMS 0x00000000a3400000| PB 0x00000000a3400000| Untracked 
|  53|0x00000000a3500000, 0x00000000a3500000, 0x00000000a3600000|  0%| F|  |TAMS 0x00000000a3500000| PB 0x00000000a3500000| Untracked 
|  54|0x00000000a3600000, 0x00000000a3600000, 0x00000000a3700000|  0%| F|  |TAMS 0x00000000a3600000| PB 0x00000000a3600000| Untracked 
|  55|0x00000000a3700000, 0x00000000a3700000, 0x00000000a3800000|  0%| F|  |TAMS 0x00000000a3700000| PB 0x00000000a3700000| Untracked 
|  56|0x00000000a3800000, 0x00000000a3800000, 0x00000000a3900000|  0%| F|  |TAMS 0x00000000a3800000| PB 0x00000000a3800000| Untracked 
|  57|0x00000000a3900000, 0x00000000a3900000, 0x00000000a3a00000|  0%| F|  |TAMS 0x00000000a3900000| PB 0x00000000a3900000| Untracked 
|  58|0x00000000a3a00000, 0x00000000a3a00000, 0x00000000a3b00000|  0%| F|  |TAMS 0x00000000a3a00000| PB 0x00000000a3a00000| Untracked 
|  59|0x00000000a3b00000, 0x00000000a3b00000, 0x00000000a3c00000|  0%| F|  |TAMS 0x00000000a3b00000| PB 0x00000000a3b00000| Untracked 
|  60|0x00000000a3c00000, 0x00000000a3c00000, 0x00000000a3d00000|  0%| F|  |TAMS 0x00000000a3c00000| PB 0x00000000a3c00000| Untracked 
|  61|0x00000000a3d00000, 0x00000000a3d00000, 0x00000000a3e00000|  0%| F|  |TAMS 0x00000000a3d00000| PB 0x00000000a3d00000| Untracked 
|  62|0x00000000a3e00000, 0x00000000a3e00000, 0x00000000a3f00000|  0%| F|  |TAMS 0x00000000a3e00000| PB 0x00000000a3e00000| Untracked 
|  63|0x00000000a3f00000, 0x00000000a3f00000, 0x00000000a4000000|  0%| F|  |TAMS 0x00000000a3f00000| PB 0x00000000a3f00000| Untracked 
|  64|0x00000000a4000000, 0x00000000a4000000, 0x00000000a4100000|  0%| F|  |TAMS 0x00000000a4000000| PB 0x00000000a4000000| Untracked 
|  65|0x00000000a4100000, 0x00000000a4100000, 0x00000000a4200000|  0%| F|  |TAMS 0x00000000a4100000| PB 0x00000000a4100000| Untracked 
|  66|0x00000000a4200000, 0x00000000a4200000, 0x00000000a4300000|  0%| F|  |TAMS 0x00000000a4200000| PB 0x00000000a4200000| Untracked 
|  67|0x00000000a4300000, 0x00000000a4300000, 0x00000000a4400000|  0%| F|  |TAMS 0x00000000a4300000| PB 0x00000000a4300000| Untracked 
|  68|0x00000000a4400000, 0x00000000a4400000, 0x00000000a4500000|  0%| F|  |TAMS 0x00000000a4400000| PB 0x00000000a4400000| Untracked 
|  69|0x00000000a4500000, 0x00000000a4500000, 0x00000000a4600000|  0%| F|  |TAMS 0x00000000a4500000| PB 0x00000000a4500000| Untracked 
|  70|0x00000000a4600000, 0x00000000a4600000, 0x00000000a4700000|  0%| F|  |TAMS 0x00000000a4600000| PB 0x00000000a4600000| Untracked 
|  71|0x00000000a4700000, 0x00000000a4700000, 0x00000000a4800000|  0%| F|  |TAMS 0x00000000a4700000| PB 0x00000000a4700000| Untracked 
|  72|0x00000000a4800000, 0x00000000a4880000, 0x00000000a4900000| 50%| E|  |TAMS 0x00000000a4800000| PB 0x00000000a4800000| Complete 
|  73|0x00000000a4900000, 0x00000000a4a00000, 0x00000000a4a00000|100%| E|CS|TAMS 0x00000000a4900000| PB 0x00000000a4900000| Complete 
|  74|0x00000000a4a00000, 0x00000000a4b00000, 0x00000000a4b00000|100%| E|CS|TAMS 0x00000000a4a00000| PB 0x00000000a4a00000| Complete 
|  75|0x00000000a4b00000, 0x00000000a4c00000, 0x00000000a4c00000|100%| E|CS|TAMS 0x00000000a4b00000| PB 0x00000000a4b00000| Complete 
| 144|0x00000000a9000000, 0x00000000a9100000, 0x00000000a9100000|100%| E|CS|TAMS 0x00000000a9000000| PB 0x00000000a9000000| Complete 
| 145|0x00000000a9100000, 0x00000000a9200000, 0x00000000a9200000|100%| E|CS|TAMS 0x00000000a9100000| PB 0x00000000a9100000| Complete 
| 146|0x00000000a9200000, 0x00000000a9300000, 0x00000000a9300000|100%| E|CS|TAMS 0x00000000a9200000| PB 0x00000000a9200000| Complete 
| 147|0x00000000a9300000, 0x00000000a9400000, 0x00000000a9400000|100%| E|CS|TAMS 0x00000000a9300000| PB 0x00000000a9300000| Complete 
| 148|0x00000000a9400000, 0x00000000a9500000, 0x00000000a9500000|100%| E|CS|TAMS 0x00000000a9400000| PB 0x00000000a9400000| Complete 
| 149|0x00000000a9500000, 0x00000000a9600000, 0x00000000a9600000|100%| E|CS|TAMS 0x00000000a9500000| PB 0x00000000a9500000| Complete 
| 150|0x00000000a9600000, 0x00000000a9700000, 0x00000000a9700000|100%| E|CS|TAMS 0x00000000a9600000| PB 0x00000000a9600000| Complete 
| 151|0x00000000a9700000, 0x00000000a9800000, 0x00000000a9800000|100%| E|CS|TAMS 0x00000000a9700000| PB 0x00000000a9700000| Complete 
| 152|0x00000000a9800000, 0x00000000a9900000, 0x00000000a9900000|100%| E|CS|TAMS 0x00000000a9800000| PB 0x00000000a9800000| Complete 
| 153|0x00000000a9900000, 0x00000000a9a00000, 0x00000000a9a00000|100%| E|CS|TAMS 0x00000000a9900000| PB 0x00000000a9900000| Complete 
| 154|0x00000000a9a00000, 0x00000000a9b00000, 0x00000000a9b00000|100%| E|CS|TAMS 0x00000000a9a00000| PB 0x00000000a9a00000| Complete 
| 155|0x00000000a9b00000, 0x00000000a9c00000, 0x00000000a9c00000|100%| E|CS|TAMS 0x00000000a9b00000| PB 0x00000000a9b00000| Complete 
| 251|0x00000000afb00000, 0x00000000afc00000, 0x00000000afc00000|100%| E|CS|TAMS 0x00000000afb00000| PB 0x00000000afb00000| Complete 
|1530|0x00000000ffa00000, 0x00000000ffb00000, 0x00000000ffb00000|100%| O|  |TAMS 0x00000000ffa00000| PB 0x00000000ffa00000| Untracked 
|1531|0x00000000ffb00000, 0x00000000ffc00000, 0x00000000ffc00000|100%| O|  |TAMS 0x00000000ffb00000| PB 0x00000000ffb00000| Untracked 
|1532|0x00000000ffc00000, 0x00000000ffd00000, 0x00000000ffd00000|100%| O|  |TAMS 0x00000000ffc00000| PB 0x00000000ffc00000| Untracked 
|1533|0x00000000ffd00000, 0x00000000ffe00000, 0x00000000ffe00000|100%| O|  |TAMS 0x00000000ffd00000| PB 0x00000000ffd00000| Untracked 
|1534|0x00000000ffe00000, 0x00000000fff00000, 0x00000000fff00000|100%| O|  |TAMS 0x00000000ffe00000| PB 0x00000000ffe00000| Untracked 
|1535|0x00000000fff00000, 0x0000000100000000, 0x0000000100000000|100%| O|  |TAMS 0x00000000fff00000| PB 0x00000000fff00000| Untracked 

Card table byte_map: [0x00000269c6630000,0x00000269c6930000] _byte_map_base: 0x00000269c6130000

Marking Bits: (CMBitMap*) 0x00000269b3c16bf0
 Bits: [0x00000269c6930000, 0x00000269c8130000)

Polling page: 0x00000269b19c0000

Metaspace:

Usage:
  Non-class:     35.51 MB used.
      Class:      6.03 MB used.
       Both:     41.54 MB used.

Virtual space:
  Non-class space:       64.00 MB reserved,      36.25 MB ( 57%) committed,  1 nodes.
      Class space:        1.00 GB reserved,       6.75 MB ( <1%) committed,  1 nodes.
             Both:        1.06 GB reserved,      43.00 MB (  4%) committed. 

Chunk freelists:
   Non-Class:  11.77 MB
       Class:  9.09 MB
        Both:  20.86 MB

MaxMetaspaceSize: unlimited
CompressedClassSpaceSize: 1.00 GB
Initial GC threshold: 21.00 MB
Current GC threshold: 58.69 MB
CDS: on
 - commit_granule_bytes: 65536.
 - commit_granule_words: 8192.
 - virtual_space_node_default_size: 8388608.
 - enlarge_chunks_in_place: 1.
 - use_allocation_guard: 0.


Internal statistics:

num_allocs_failed_limit: 6.
num_arena_births: 2580.
num_arena_deaths: 0.
num_vsnodes_births: 2.
num_vsnodes_deaths: 0.
num_space_committed: 688.
num_space_uncommitted: 0.
num_chunks_returned_to_freelist: 6.
num_chunks_taken_from_freelist: 4527.
num_chunk_merges: 6.
num_chunk_splits: 2939.
num_chunks_enlarged: 1784.
num_inconsistent_stats: 0.

CodeHeap 'non-profiled nmethods': size=120000Kb used=3195Kb max_used=3195Kb free=116804Kb
 bounds [0x00000269be8a0000, 0x00000269bebc0000, 0x00000269c5dd0000]
CodeHeap 'profiled nmethods': size=120000Kb used=9932Kb max_used=9932Kb free=110067Kb
 bounds [0x00000269b6dd0000, 0x00000269b7790000, 0x00000269be300000]
CodeHeap 'non-nmethods': size=5760Kb used=2558Kb max_used=2601Kb free=3202Kb
 bounds [0x00000269be300000, 0x00000269be5a0000, 0x00000269be8a0000]
CodeCache: size=245760Kb, used=15685Kb, max_used=15728Kb, free=230073Kb
 total_blobs=5985, nmethods=5152, adapters=737, full_count=0
Compilation: enabled, stopped_count=0, restarted_count=0

Compilation events (20 events):
Event: 1029.770 Thread 0x0000026a0c037910 nmethod 5673 0x00000269b7780810 code [0x00000269b77809e0, 0x00000269b7780ca8]
Event: 1029.770 Thread 0x0000026a0c037910 5674       3       sun.reflect.generics.repository.GenericDeclRepository::<init> (7 bytes)
Event: 1029.770 Thread 0x0000026a0c037910 nmethod 5674 0x00000269b7780e10 code [0x00000269b7780fe0, 0x00000269b7781330]
Event: 1029.770 Thread 0x0000026a0c037910 5675       3       sun.reflect.generics.repository.AbstractRepository::<init> (19 bytes)
Event: 1029.771 Thread 0x0000026a12860ec0 nmethod 5671 0x00000269bebbd810 code [0x00000269bebbd9a0, 0x00000269bebbdaa0]
Event: 1029.771 Thread 0x0000026a12860ec0 5669       4       org.gradle.internal.instantiation.generator.AbstractClassGenerator$ClassValidator::validateProperty (1 bytes)
Event: 1029.771 Thread 0x0000026a0c037910 nmethod 5675 0x00000269b7781490 code [0x00000269b7781640, 0x00000269b7781938]
Event: 1029.771 Thread 0x0000026a12860ec0 nmethod 5669 0x00000269bebbdb90 code [0x00000269bebbdd20, 0x00000269bebbdda8]
Event: 1029.771 Thread 0x0000026a12860ec0 5670       4       org.gradle.internal.instantiation.generator.AbstractClassGenerator$ClassGenerationHandler::visitProperty (1 bytes)
Event: 1029.772 Thread 0x0000026a12860ec0 nmethod 5670 0x00000269bebbde90 code [0x00000269bebbe020, 0x00000269bebbe0a8]
Event: 1029.772 Thread 0x0000026a12860ec0 5668   !   4       sun.reflect.annotation.AnnotationParser::parseAnnotations (37 bytes)
Event: 1029.772 Thread 0x0000026a0c02feb0 nmethod 5667 0x00000269bebbe190 code [0x00000269bebbe360, 0x00000269bebbe800]
Event: 1029.837 Thread 0x0000026a0c037910 5676       3       jdk.internal.jimage.BasicImageReader::verifyLocation (39 bytes)
Event: 1029.837 Thread 0x0000026a0c037910 nmethod 5676 0x00000269b7781a10 code [0x00000269b7781be0, 0x00000269b7781ec8]
Event: 1029.837 Thread 0x0000026a0c037910 5677       3       jdk.internal.jimage.BasicImageReader::getLocationIndex (52 bytes)
Event: 1029.838 Thread 0x0000026a0c037910 nmethod 5677 0x00000269b7782010 code [0x00000269b7782220, 0x00000269b77826b0]
Event: 1029.868 Thread 0x0000026a0c037910 5678       1       org.gradle.internal.operations.BuildOperationDescriptor::getParentId (5 bytes)
Event: 1029.868 Thread 0x0000026a0c037910 nmethod 5678 0x00000269bebbea10 code [0x00000269bebbeba0, 0x00000269bebbec68]
Event: 1029.884 Thread 0x0000026a0c037910 5679       3       sun.reflect.generics.reflectiveObjects.LazyReflectiveObjectGenerator::reifyBounds (51 bytes)
Event: 1029.954 Thread 0x0000026a0c037910 nmethod 5679 0x00000269b7782910 code [0x00000269b7782b20, 0x00000269b7783370]

GC Heap History (20 events):
Event: 8.417 GC heap before
{Heap before GC invocations=0 (full 0):
 garbage-first heap   total 258048K, used 23552K [0x00000000a0000000, 0x0000000100000000)
  region size 1024K, 23 young (23552K), 0 survivors (0K)
 Metaspace       used 930K, committed 1088K, reserved 1114112K
  class space    used 73K, committed 128K, reserved 1048576K
}
Event: 9.033 GC heap after
{Heap after GC invocations=1 (full 0):
 garbage-first heap   total 258048K, used 1663K [0x00000000a0000000, 0x0000000100000000)
  region size 1024K, 2 young (2048K), 2 survivors (2048K)
 Metaspace       used 930K, committed 1088K, reserved 1114112K
  class space    used 73K, committed 128K, reserved 1048576K
}
Event: 27.626 GC heap before
{Heap before GC invocations=1 (full 0):
 garbage-first heap   total 258048K, used 40575K [0x00000000a0000000, 0x0000000100000000)
  region size 1024K, 38 young (38912K), 2 survivors (2048K)
 Metaspace       used 4378K, committed 4544K, reserved 1114112K
  class space    used 557K, committed 640K, reserved 1048576K
}
Event: 27.634 GC heap after
{Heap after GC invocations=2 (full 0):
 garbage-first heap   total 258048K, used 10727K [0x00000000a0000000, 0x0000000100000000)
  region size 1024K, 5 young (5120K), 5 survivors (5120K)
 Metaspace       used 4378K, committed 4544K, reserved 1114112K
  class space    used 557K, committed 640K, reserved 1048576K
}
Event: 47.114 GC heap before
{Heap before GC invocations=2 (full 0):
 garbage-first heap   total 258048K, used 63975K [0x00000000a0000000, 0x0000000100000000)
  region size 1024K, 55 young (56320K), 5 survivors (5120K)
 Metaspace       used 5752K, committed 6016K, reserved 1114112K
  class space    used 771K, committed 896K, reserved 1048576K
}
Event: 47.122 GC heap after
{Heap after GC invocations=3 (full 0):
 garbage-first heap   total 258048K, used 17357K [0x00000000a0000000, 0x0000000100000000)
  region size 1024K, 6 young (6144K), 6 survivors (6144K)
 Metaspace       used 5752K, committed 6016K, reserved 1114112K
  class space    used 771K, committed 896K, reserved 1048576K
}
Event: 79.646 GC heap before
{Heap before GC invocations=3 (full 0):
 garbage-first heap   total 258048K, used 108493K [0x00000000a0000000, 0x0000000100000000)
  region size 1024K, 96 young (98304K), 6 survivors (6144K)
 Metaspace       used 20774K, committed 21504K, reserved 1114112K
  class space    used 3067K, committed 3392K, reserved 1048576K
}
Event: 79.661 GC heap after
{Heap after GC invocations=4 (full 0):
 garbage-first heap   total 258048K, used 24079K [0x00000000a0000000, 0x0000000100000000)
  region size 1024K, 12 young (12288K), 12 survivors (12288K)
 Metaspace       used 20774K, committed 21504K, reserved 1114112K
  class space    used 3067K, committed 3392K, reserved 1048576K
}
Event: 183.870 GC heap before
{Heap before GC invocations=5 (full 0):
 garbage-first heap   total 81920K, used 81423K [0x00000000a0000000, 0x0000000100000000)
  region size 1024K, 68 young (69632K), 12 survivors (12288K)
 Metaspace       used 26784K, committed 27712K, reserved 1114112K
  class space    used 4036K, committed 4480K, reserved 1048576K
}
Event: 183.939 GC heap after
{Heap after GC invocations=6 (full 0):
 garbage-first heap   total 97280K, used 26478K [0x00000000a0000000, 0x0000000100000000)
  region size 1024K, 9 young (9216K), 9 survivors (9216K)
 Metaspace       used 26784K, committed 27712K, reserved 1114112K
  class space    used 4036K, committed 4480K, reserved 1048576K
}
Event: 198.943 GC heap before
{Heap before GC invocations=6 (full 0):
 garbage-first heap   total 97280K, used 74606K [0x00000000a0000000, 0x0000000100000000)
  region size 1024K, 57 young (58368K), 9 survivors (9216K)
 Metaspace       used 32846K, committed 33792K, reserved 1114112K
  class space    used 4720K, committed 5184K, reserved 1048576K
}
Event: 198.959 GC heap after
{Heap after GC invocations=7 (full 0):
 garbage-first heap   total 97280K, used 31883K [0x00000000a0000000, 0x0000000100000000)
  region size 1024K, 8 young (8192K), 8 survivors (8192K)
 Metaspace       used 32846K, committed 33792K, reserved 1114112K
  class space    used 4720K, committed 5184K, reserved 1048576K
}
Event: 202.729 GC heap before
{Heap before GC invocations=7 (full 0):
 garbage-first heap   total 97280K, used 52363K [0x00000000a0000000, 0x0000000100000000)
  region size 1024K, 25 young (25600K), 8 survivors (8192K)
 Metaspace       used 34887K, committed 35968K, reserved 1114112K
  class space    used 4935K, committed 5440K, reserved 1048576K
}
Event: 202.738 GC heap after
{Heap after GC invocations=8 (full 0):
 garbage-first heap   total 97280K, used 32723K [0x00000000a0000000, 0x0000000100000000)
  region size 1024K, 3 young (3072K), 3 survivors (3072K)
 Metaspace       used 34887K, committed 35968K, reserved 1114112K
  class space    used 4935K, committed 5440K, reserved 1048576K
}
Event: 506.505 GC heap before
{Heap before GC invocations=9 (full 0):
 garbage-first heap   total 97280K, used 78803K [0x00000000a0000000, 0x0000000100000000)
  region size 1024K, 49 young (50176K), 3 survivors (3072K)
 Metaspace       used 36808K, committed 37888K, reserved 1114112K
  class space    used 5219K, committed 5760K, reserved 1048576K
}
Event: 506.647 GC heap after
{Heap after GC invocations=10 (full 0):
 garbage-first heap   total 97280K, used 33488K [0x00000000a0000000, 0x0000000100000000)
  region size 1024K, 4 young (4096K), 4 survivors (4096K)
 Metaspace       used 36808K, committed 37888K, reserved 1114112K
  class space    used 5219K, committed 5760K, reserved 1048576K
}
Event: 893.101 GC heap before
{Heap before GC invocations=10 (full 0):
 garbage-first heap   total 97280K, used 80592K [0x00000000a0000000, 0x0000000100000000)
  region size 1024K, 51 young (52224K), 4 survivors (4096K)
 Metaspace       used 36824K, committed 37888K, reserved 1114112K
  class space    used 5219K, committed 5760K, reserved 1048576K
}
Event: 893.180 GC heap after
{Heap after GC invocations=11 (full 0):
 garbage-first heap   total 97280K, used 33717K [0x00000000a0000000, 0x0000000100000000)
  region size 1024K, 4 young (4096K), 4 survivors (4096K)
 Metaspace       used 36824K, committed 37888K, reserved 1114112K
  class space    used 5219K, committed 5760K, reserved 1048576K
}
Event: 1027.808 GC heap before
{Heap before GC invocations=11 (full 0):
 garbage-first heap   total 97280K, used 83893K [0x00000000a0000000, 0x0000000100000000)
  region size 1024K, 53 young (54272K), 4 survivors (4096K)
 Metaspace       used 40661K, committed 42048K, reserved 1114112K
  class space    used 5857K, committed 6528K, reserved 1048576K
}
Event: 1027.832 GC heap after
{Heap after GC invocations=12 (full 0):
 garbage-first heap   total 97280K, used 35976K [0x00000000a0000000, 0x0000000100000000)
  region size 1024K, 6 young (6144K), 6 survivors (6144K)
 Metaspace       used 40661K, committed 42048K, reserved 1114112K
  class space    used 5857K, committed 6528K, reserved 1048576K
}

Dll operation events (20 events):
Event: 2.496 Attempting to load shared library C:\Users\ishas\.vscode\extensions\redhat.java-1.56.0-win32-x64\jre\21.0.12.1-win32-x86_64\bin\nio.dll
Event: 2.497 Loaded shared library C:\Users\ishas\.vscode\extensions\redhat.java-1.56.0-win32-x64\jre\21.0.12.1-win32-x86_64\bin\nio.dll
Event: 2.502 Attempting to load shared library C:\Users\ishas\.vscode\extensions\redhat.java-1.56.0-win32-x64\jre\21.0.12.1-win32-x86_64\bin\zip.dll
Event: 2.502 Loaded shared library C:\Users\ishas\.vscode\extensions\redhat.java-1.56.0-win32-x64\jre\21.0.12.1-win32-x86_64\bin\zip.dll
Event: 7.833 Attempting to load shared library C:\Users\ishas\.vscode\extensions\redhat.java-1.56.0-win32-x64\jre\21.0.12.1-win32-x86_64\bin\jimage.dll
Event: 7.833 Loaded shared library C:\Users\ishas\.vscode\extensions\redhat.java-1.56.0-win32-x64\jre\21.0.12.1-win32-x86_64\bin\jimage.dll
Event: 11.035 Attempting to load shared library C:\Users\ishas\.vscode\extensions\redhat.java-1.56.0-win32-x64\jre\21.0.12.1-win32-x86_64\bin\verify.dll
Event: 11.035 Loaded shared library C:\Users\ishas\.vscode\extensions\redhat.java-1.56.0-win32-x64\jre\21.0.12.1-win32-x86_64\bin\verify.dll
Event: 12.682 Attempting to load shared library C:\Users\ishas\.gradle\native\1def1411415f61bf3af743bc5b6707747c0891f09f0c88961ee8f79bc544acac\windows-amd64\native-platform.dll
Event: 12.683 Loaded shared library C:\Users\ishas\.gradle\native\1def1411415f61bf3af743bc5b6707747c0891f09f0c88961ee8f79bc544acac\windows-amd64\native-platform.dll
Event: 12.877 Attempting to load shared library C:\Users\ishas\.gradle\native\0.2.7\x86_64-windows-gnu\gradle-fileevents.dll
Event: 12.878 Loaded shared library C:\Users\ishas\.gradle\native\0.2.7\x86_64-windows-gnu\gradle-fileevents.dll
Event: 48.159 Attempting to load shared library C:\Users\ishas\.vscode\extensions\redhat.java-1.56.0-win32-x64\jre\21.0.12.1-win32-x86_64\bin\management.dll
Event: 48.160 Loaded shared library C:\Users\ishas\.vscode\extensions\redhat.java-1.56.0-win32-x64\jre\21.0.12.1-win32-x86_64\bin\management.dll
Event: 48.166 Attempting to load shared library C:\Users\ishas\.vscode\extensions\redhat.java-1.56.0-win32-x64\jre\21.0.12.1-win32-x86_64\bin\management_ext.dll
Event: 48.167 Loaded shared library C:\Users\ishas\.vscode\extensions\redhat.java-1.56.0-win32-x64\jre\21.0.12.1-win32-x86_64\bin\management_ext.dll
Event: 54.213 Attempting to load shared library C:\Users\ishas\.vscode\extensions\redhat.java-1.56.0-win32-x64\jre\21.0.12.1-win32-x86_64\bin\extnet.dll
Event: 54.214 Loaded shared library C:\Users\ishas\.vscode\extensions\redhat.java-1.56.0-win32-x64\jre\21.0.12.1-win32-x86_64\bin\extnet.dll
Event: 67.711 Attempting to load shared library C:\Users\ishas\.vscode\extensions\redhat.java-1.56.0-win32-x64\jre\21.0.12.1-win32-x86_64\bin\sunmscapi.dll
Event: 67.719 Loaded shared library C:\Users\ishas\.vscode\extensions\redhat.java-1.56.0-win32-x64\jre\21.0.12.1-win32-x86_64\bin\sunmscapi.dll

Deoptimization events (20 events):
Event: 1028.778 Thread 0x0000026a11e94790 DEOPT PACKING pc=0x00000269be96b8c4 sp=0x000000e0274f6a90
Event: 1028.778 Thread 0x0000026a11e94790 DEOPT UNPACKING pc=0x00000269be354422 sp=0x000000e0274f6978 mode 2
Event: 1028.921 Thread 0x0000026a11e94790 Uncommon trap: trap_request=0xffffff45 fr.pc=0x00000269be8c6224 relative=0x0000000000000184
Event: 1028.921 Thread 0x0000026a11e94790 Uncommon trap: reason=unstable_if action=reinterpret pc=0x00000269be8c6224 method=java.util.ArrayList.fastRemove([Ljava/lang/Object;I)V @ 19 c2
Event: 1028.921 Thread 0x0000026a11e94790 DEOPT PACKING pc=0x00000269be8c6224 sp=0x000000e0274facb0
Event: 1028.921 Thread 0x0000026a11e94790 DEOPT UNPACKING pc=0x00000269be354422 sp=0x000000e0274fabf0 mode 2
Event: 1028.955 Thread 0x0000026a11e94790 Uncommon trap: trap_request=0xffffffde fr.pc=0x00000269beb152d8 relative=0x0000000000002738
Event: 1028.955 Thread 0x0000026a11e94790 Uncommon trap: reason=class_check action=maybe_recompile pc=0x00000269beb152d8 method=java.util.regex.Pattern$CharProperty.study(Ljava/util/regex/Pattern$TreeInfo;)Z @ 25 c2
Event: 1028.955 Thread 0x0000026a11e94790 DEOPT PACKING pc=0x00000269beb152d8 sp=0x000000e0274fa4e0
Event: 1028.955 Thread 0x0000026a11e94790 DEOPT UNPACKING pc=0x00000269be354422 sp=0x000000e0274fa3d8 mode 2
Event: 1028.960 Thread 0x0000026a11e94790 Uncommon trap: trap_request=0xffffffde fr.pc=0x00000269beb152d8 relative=0x0000000000002738
Event: 1028.960 Thread 0x0000026a11e94790 Uncommon trap: reason=class_check action=maybe_recompile pc=0x00000269beb152d8 method=java.util.regex.Pattern$CharProperty.study(Ljava/util/regex/Pattern$TreeInfo;)Z @ 25 c2
Event: 1028.960 Thread 0x0000026a11e94790 DEOPT PACKING pc=0x00000269beb152d8 sp=0x000000e0274fa4e0
Event: 1028.960 Thread 0x0000026a11e94790 DEOPT UNPACKING pc=0x00000269be354422 sp=0x000000e0274fa3d8 mode 2
Event: 1028.970 Thread 0x0000026a11e94790 DEOPT PACKING pc=0x00000269b729dbb9 sp=0x000000e0274fa260
Event: 1028.970 Thread 0x0000026a11e94790 DEOPT UNPACKING pc=0x00000269be354bc2 sp=0x000000e0274f9760 mode 0
Event: 1029.616 Thread 0x0000026a11e94790 Uncommon trap: trap_request=0xffffff45 fr.pc=0x00000269be8f958c relative=0x00000000000003cc
Event: 1029.616 Thread 0x0000026a11e94790 Uncommon trap: reason=unstable_if action=reinterpret pc=0x00000269be8f958c method=org.gradle.internal.reflect.PropertyAccessorType.isGetGetterName(Ljava/lang/String;)Z @ 14 c2
Event: 1029.616 Thread 0x0000026a11e94790 DEOPT PACKING pc=0x00000269be8f958c sp=0x000000e0274f9100
Event: 1029.616 Thread 0x0000026a11e94790 DEOPT UNPACKING pc=0x00000269be354422 sp=0x000000e0274f9058 mode 2

Classes loaded (20 events):
Event: 1028.087 Loading class java/util/function/IntBinaryOperator
Event: 1028.087 Loading class java/util/function/IntBinaryOperator done
Event: 1028.785 Loading class sun/reflect/generics/tree/BooleanSignature
Event: 1028.785 Loading class sun/reflect/generics/tree/BooleanSignature done
Event: 1028.862 Loading class org/xml/sax/Locator
Event: 1028.865 Loading class org/xml/sax/Locator done
Event: 1028.865 Loading class org/xml/sax/SAXParseException
Event: 1028.866 Loading class org/xml/sax/SAXParseException done
Event: 1028.872 Loading class org/xml/sax/Attributes
Event: 1028.873 Loading class org/xml/sax/Attributes done
Event: 1029.465 Loading class java/util/DualPivotQuicksort
Event: 1029.467 Loading class java/util/DualPivotQuicksort done
Event: 1029.604 Loading class java/util/function/LongUnaryOperator
Event: 1029.604 Loading class java/util/function/LongUnaryOperator done
Event: 1029.803 Loading class java/util/PrimitiveIterator$OfInt
Event: 1029.810 Loading class java/util/PrimitiveIterator
Event: 1029.810 Loading class java/util/PrimitiveIterator done
Event: 1029.810 Loading class java/util/PrimitiveIterator$OfInt done
Event: 1029.825 Loading class java/util/concurrent/RecursiveAction
Event: 1029.829 Loading class java/util/concurrent/RecursiveAction done

Classes unloaded (0 events):
No events

Classes redefined (0 events):
No events

Internal exceptions (20 events):
Event: 1026.331 Thread 0x0000026a11e94790 Exception <a 'java/lang/NoSuchMethodError'{0x00000000a354efe0}: 'java.lang.Object java.lang.invoke.DirectMethodHandle$Holder.invokeStatic(java.lang.Object, java.lang.Object, java.lang.Object, java.lang.Object, java.lang.Object, java.lang.Object, java.lang.Object, java.lang.Object, java.lang.Object, java.lang.Object, java.lang.Object, java.lang.Object, java.lang.Object, java.lang.Object, java.lang.Object, java.lang.Object, java.lang.Object, java.lang.Object, java.lang.Object, java.lang.Object, java.lang.Obj
Event: 1026.375 Thread 0x0000026a11e94790 Exception <a 'java/lang/NoSuchMethodError'{0x00000000a3585670}: 'java.lang.Object java.lang.invoke.DirectMethodHandle$Holder.invokeStatic(java.lang.Object, java.lang.Object, java.lang.Object, java.lang.Object, java.lang.Object, java.lang.Object, java.lang.Object, java.lang.Object, java.lang.Object, java.lang.Object, java.lang.Object, java.lang.Object, java.lang.Object, java.lang.Object, java.lang.Object, java.lang.Object, java.lang.Object, java.lang.Object, java.lang.Object, java.lang.Object, java.lang.Obj
Event: 1026.383 Thread 0x0000026a11e94790 Exception <a 'java/lang/NoSuchMethodError'{0x00000000a35bd4a0}: 'java.lang.Object java.lang.invoke.DirectMethodHandle$Holder.invokeStatic(java.lang.Object, java.lang.Object, java.lang.Object, java.lang.Object, java.lang.Object, java.lang.Object, java.lang.Object, java.lang.Object, java.lang.Object, java.lang.Object, java.lang.Object, java.lang.Object, java.lang.Object, java.lang.Object, java.lang.Object, java.lang.Object, java.lang.Object, java.lang.Object, java.lang.Object, java.lang.Object, java.lang.Obj
Event: 1026.392 Thread 0x0000026a11e94790 Exception <a 'java/lang/NoSuchMethodError'{0x00000000a35f6170}: 'java.lang.Object java.lang.invoke.DirectMethodHandle$Holder.invokeStatic(java.lang.Object, java.lang.Object, java.lang.Object, java.lang.Object, java.lang.Object, java.lang.Object, java.lang.Object, java.lang.Object, java.lang.Object, java.lang.Object, java.lang.Object, java.lang.Object, java.lang.Object, java.lang.Object, java.lang.Object, java.lang.Object, java.lang.Object, java.lang.Object, java.lang.Object, java.lang.Object, java.lang.Obj
Event: 1026.410 Thread 0x0000026a11e94790 Exception <a 'java/lang/NoSuchMethodError'{0x00000000a3431aa0}: 'java.lang.Object java.lang.invoke.DirectMethodHandle$Holder.invokeStatic(java.lang.Object, java.lang.Object, java.lang.Object, java.lang.Object, java.lang.Object, java.lang.Object, java.lang.Object, java.lang.Object, java.lang.Object, java.lang.Object, java.lang.Object, java.lang.Object, java.lang.Object, java.lang.Object, java.lang.Object, java.lang.Object, java.lang.Object, java.lang.Object, java.lang.Object, java.lang.Object, java.lang.Obj
Event: 1026.422 Thread 0x0000026a11e94790 Exception <a 'java/lang/NoSuchMethodError'{0x00000000a346e3a8}: 'java.lang.Object java.lang.invoke.DirectMethodHandle$Holder.invokeStatic(java.lang.Object, java.lang.Object, java.lang.Object, java.lang.Object, java.lang.Object, java.lang.Object, java.lang.Object, java.lang.Object, java.lang.Object, java.lang.Object, java.lang.Object, java.lang.Object, java.lang.Object, java.lang.Object, java.lang.Object, java.lang.Object, java.lang.Object, java.lang.Object, java.lang.Object, java.lang.Object, java.lang.Obj
Event: 1026.430 Thread 0x0000026a11e94790 Exception <a 'java/lang/NoSuchMethodError'{0x00000000a34ac308}: 'java.lang.Object java.lang.invoke.DirectMethodHandle$Holder.invokeStatic(java.lang.Object, java.lang.Object, java.lang.Object, java.lang.Object, java.lang.Object, java.lang.Object, java.lang.Object, java.lang.Object, java.lang.Object, java.lang.Object, java.lang.Object, java.lang.Object, java.lang.Object, java.lang.Object, java.lang.Object, java.lang.Object, java.lang.Object, java.lang.Object, java.lang.Object, java.lang.Object, java.lang.Obj
Event: 1026.437 Thread 0x0000026a11e94790 Exception <a 'java/lang/NoSuchMethodError'{0x00000000a34ebe28}: 'java.lang.Object java.lang.invoke.DirectMethodHandle$Holder.invokeStatic(java.lang.Object, java.lang.Object, java.lang.Object, java.lang.Object, java.lang.Object, java.lang.Object, java.lang.Object, java.lang.Object, java.lang.Object, java.lang.Object, java.lang.Object, java.lang.Object, java.lang.Object, java.lang.Object, java.lang.Object, java.lang.Object, java.lang.Object, java.lang.Object, java.lang.Object, java.lang.Object, java.lang.Obj
Event: 1026.560 Thread 0x0000026a11e94790 Exception <a 'java/lang/NoSuchMethodError'{0x00000000a33bb618}: 'java.lang.Object java.lang.invoke.DirectMethodHandle$Holder.newInvokeSpecial(java.lang.Object, java.lang.Object, java.lang.Object, java.lang.Object, java.lang.Object, java.lang.Object, java.lang.Object, java.lang.Object, java.lang.Object, java.lang.Object, java.lang.Object, java.lang.Object, java.lang.Object, java.lang.Object, java.lang.Object, java.lang.Object, java.lang.Object, java.lang.Object, java.lang.Object)'> (0x00000000a33bb618) 
thr
Event: 1026.561 Thread 0x0000026a11e94790 Exception <a 'java/lang/NoSuchMethodError'{0x00000000a33c1fa0}: 'java.lang.Object java.lang.invoke.DirectMethodHandle$Holder.invokeSpecial(java.lang.Object, java.lang.Object, java.lang.Object, java.lang.Object, java.lang.Object, java.lang.Object, java.lang.Object, java.lang.Object, java.lang.Object, java.lang.Object, java.lang.Object, java.lang.Object, java.lang.Object, java.lang.Object, java.lang.Object, java.lang.Object, java.lang.Object, java.lang.Object, java.lang.Object, java.lang.Object)'> (0x0000000
Event: 1026.618 Thread 0x0000026a11e94790 Exception <a 'java/lang/NoSuchMethodError'{0x00000000a33c7540}: 'java.lang.Object java.lang.invoke.DelegatingMethodHandle$Holder.reinvoke_L(java.lang.Object, java.lang.Object, java.lang.Object, java.lang.Object, java.lang.Object, java.lang.Object, java.lang.Object, java.lang.Object, java.lang.Object, java.lang.Object, java.lang.Object, java.lang.Object, java.lang.Object, java.lang.Object, java.lang.Object, java.lang.Object, java.lang.Object, java.lang.Object, java.lang.Object)'> (0x00000000a33c7540) 
throw
Event: 1028.054 Thread 0x0000026a11e94790 Exception <a 'java/lang/ClassNotFoundException'{0x00000000a9a774b0}: org/gradle/internal/metaobject/ConfigureDelegateBeanInfo> (0x00000000a9a774b0) 
thrown [s\src\hotspot\share\classfile\systemDictionary.cpp, line 313]
Event: 1028.056 Thread 0x0000026a11e94790 Exception <a 'java/lang/ClassNotFoundException'{0x00000000a9a901c8}: org/gradle/internal/metaobject/ConfigureDelegateCustomizer> (0x00000000a9a901c8) 
thrown [s\src\hotspot\share\classfile\systemDictionary.cpp, line 313]
Event: 1028.770 Thread 0x0000026a11e94790 Exception <a 'java/lang/ClassNotFoundException'{0x00000000a981fa58}: org/gradle/api/internal/project/DefaultProject_DecoratedBeanInfo> (0x00000000a981fa58) 
thrown [s\src\hotspot\share\classfile\systemDictionary.cpp, line 313]
Event: 1028.773 Thread 0x0000026a11e94790 Exception <a 'java/lang/ClassNotFoundException'{0x00000000a982bba8}: org/gradle/api/internal/project/DefaultProjectBeanInfo> (0x00000000a982bba8) 
thrown [s\src\hotspot\share\classfile\systemDictionary.cpp, line 313]
Event: 1028.775 Thread 0x0000026a11e94790 Exception <a 'java/lang/ClassNotFoundException'{0x00000000a9838080}: org/gradle/api/internal/project/DefaultProjectCustomizer> (0x00000000a9838080) 
thrown [s\src\hotspot\share\classfile\systemDictionary.cpp, line 313]
Event: 1028.832 Thread 0x0000026a11e94790 Exception <a 'java/lang/ClassNotFoundException'{0x00000000a98f1dc8}: org/gradle/api/internal/project/DefaultProject_DecoratedCustomizer> (0x00000000a98f1dc8) 
thrown [s\src\hotspot\share\classfile\systemDictionary.cpp, line 313]
Event: 1028.898 Thread 0x0000026a11e94790 Exception <a 'java/lang/ClassNotFoundException'{0x00000000a979ad70}: org/gradle/configuration/internal/DefaultListenerBuildOperationDecorator$BuildOperationEmittingClosureBeanInfo> (0x00000000a979ad70) 
thrown [s\src\hotspot\share\classfile\systemDictionary.cpp, line 313]
Event: 1028.899 Thread 0x0000026a11e94790 Exception <a 'java/lang/ClassNotFoundException'{0x00000000a97a7df0}: org/gradle/configuration/internal/DefaultListenerBuildOperationDecorator$BuildOperationEmittingClosureCustomizer> (0x00000000a97a7df0) 
thrown [s\src\hotspot\share\classfile\systemDictionary.cpp, line 313]
Event: 1029.605 Thread 0x0000026a11e94790 Exception <a 'java/lang/NoSuchMethodError'{0x00000000a90dbb20}: 'long java.lang.invoke.DirectMethodHandle$Holder.invokeStatic(java.lang.Object, long)'> (0x00000000a90dbb20) 
thrown [s\src\hotspot\share\interpreter\linkResolver.cpp, line 773]

ZGC Phase Switch (0 events):
No events

VM Operations (20 events):
Event: 1022.062 Executing safepoint VM operation: Cleanup
Event: 1022.062 Executing safepoint VM operation: Cleanup done
Event: 1023.068 Executing safepoint VM operation: Cleanup
Event: 1023.068 Executing safepoint VM operation: Cleanup done
Event: 1024.079 Executing safepoint VM operation: Cleanup
Event: 1024.094 Executing safepoint VM operation: Cleanup done
Event: 1025.104 Executing safepoint VM operation: Cleanup
Event: 1025.105 Executing safepoint VM operation: Cleanup done
Event: 1026.106 Executing safepoint VM operation: Cleanup
Event: 1026.120 Executing safepoint VM operation: Cleanup done
Event: 1027.125 Executing safepoint VM operation: Cleanup
Event: 1027.140 Executing safepoint VM operation: Cleanup done
Event: 1027.710 Executing non-safepoint VM operation: HandshakeAllThreads (Deoptimize)
Event: 1027.711 Executing non-safepoint VM operation: HandshakeAllThreads (Deoptimize) done
Event: 1027.808 Executing safepoint VM operation: G1CollectForAllocation (G1 Evacuation Pause)
Event: 1027.832 Executing safepoint VM operation: G1CollectForAllocation (G1 Evacuation Pause) done
Event: 1028.833 Executing safepoint VM operation: Cleanup
Event: 1028.834 Executing safepoint VM operation: Cleanup done
Event: 1029.640 Executing non-safepoint VM operation: HandshakeAllThreads (Deoptimize)
Event: 1029.640 Executing non-safepoint VM operation: HandshakeAllThreads (Deoptimize) done

Memory protections (0 events):
No events

Nmethod flushes (20 events):
Event: 202.768 Thread 0x00000269cadcd8b0 flushing  nmethod 0x00000269b6f64e10
Event: 202.768 Thread 0x00000269cadcd8b0 flushing  nmethod 0x00000269b6f65210
Event: 202.768 Thread 0x00000269cadcd8b0 flushing  nmethod 0x00000269b6f69590
Event: 202.768 Thread 0x00000269cadcd8b0 flushing  nmethod 0x00000269b6f6a190
Event: 202.768 Thread 0x00000269cadcd8b0 flushing  nmethod 0x00000269b6f6d710
Event: 202.768 Thread 0x00000269cadcd8b0 flushing  nmethod 0x00000269b6fdf190
Event: 202.768 Thread 0x00000269cadcd8b0 flushing  nmethod 0x00000269b6fe4390
Event: 202.768 Thread 0x00000269cadcd8b0 flushing  nmethod 0x00000269b7105210
Event: 202.768 Thread 0x00000269cadcd8b0 flushing  nmethod 0x00000269b7127c10
Event: 202.768 Thread 0x00000269cadcd8b0 flushing  nmethod 0x00000269b712bd90
Event: 202.768 Thread 0x00000269cadcd8b0 flushing  nmethod 0x00000269b7163a90
Event: 202.768 Thread 0x00000269cadcd8b0 flushing  nmethod 0x00000269b7163e90
Event: 202.768 Thread 0x00000269cadcd8b0 flushing  nmethod 0x00000269b7164b10
Event: 202.768 Thread 0x00000269cadcd8b0 flushing  nmethod 0x00000269b71ab210
Event: 202.768 Thread 0x00000269cadcd8b0 flushing  nmethod 0x00000269b71ab710
Event: 202.768 Thread 0x00000269cadcd8b0 flushing  nmethod 0x00000269b71ae090
Event: 202.768 Thread 0x00000269cadcd8b0 flushing  nmethod 0x00000269b71e1010
Event: 202.768 Thread 0x00000269cadcd8b0 flushing  nmethod 0x00000269b71eea10
Event: 202.768 Thread 0x00000269cadcd8b0 flushing  nmethod 0x00000269b71f5690
Event: 202.768 Thread 0x00000269cadcd8b0 flushing  nmethod 0x00000269b71f5990

Events (20 events):
Event: 193.457 Thread 0x0000026a11e94100 Thread exited: 0x0000026a11e94100
Event: 193.682 Thread 0x0000026a11e933e0 Thread added: 0x0000026a123e4cb0
Event: 193.683 Thread 0x0000026a11e94790 Thread added: 0x0000026a123e1ec0
Event: 199.141 Thread 0x0000026a11e94790 Thread added: 0x0000026a11e94100
Event: 199.260 Thread 0x0000026a11e94790 Thread added: 0x0000026a12a27b40
Event: 222.127 Thread 0x0000026a11e94790 Thread added: 0x0000026a12a28860
Event: 251.662 Thread 0x0000026a11e94790 Thread added: 0x0000026a12a26e20
Event: 344.704 Thread 0x0000026a123e4cb0 Thread exited: 0x0000026a123e4cb0
Event: 938.172 Thread 0x0000026a11e933e0 Thread added: 0x0000026a12a29580
Event: 938.232 Thread 0x0000026a11e94790 Thread added: 0x0000026a12a28ef0
Event: 1009.437 Thread 0x0000026a12a29580 Thread exited: 0x0000026a12a29580
Event: 1019.380 Thread 0x0000026a11e933e0 Thread added: 0x0000026a12a281d0
Event: 1019.436 Thread 0x0000026a11e94790 Thread added: 0x0000026a12a29580
Event: 1024.002 Thread 0x0000026a0c02feb0 Thread added: 0x0000026a129928b0
Event: 1024.215 Thread 0x0000026a129928b0 Thread exited: 0x0000026a129928b0
Event: 1025.550 Thread 0x0000026a11e94790 Thread added: 0x0000026a12a29c10
Event: 1026.142 Thread 0x0000026a11e94790 Thread added: 0x0000026a12a2a2a0
Event: 1029.212 Thread 0x0000026a0c02feb0 Thread added: 0x0000026a12a24580
Event: 1029.429 Thread 0x0000026a12a24580 Thread exited: 0x0000026a12a24580
Event: 1029.768 Thread 0x0000026a0c037910 Thread added: 0x0000026a12860ec0


Dynamic libraries:
0x00007ff6906c0000 - 0x00007ff6906ce000 	C:\Users\ishas\.vscode\extensions\redhat.java-1.56.0-win32-x64\jre\21.0.12.1-win32-x86_64\bin\java.exe
0x00007fff22660000 - 0x00007fff228c7000 	C:\Windows\SYSTEM32\ntdll.dll
0x00007fff21bc0000 - 0x00007fff21c8b000 	C:\Windows\System32\KERNEL32.DLL
0x00007fff1fcd0000 - 0x00007fff200d2000 	C:\Windows\System32\KERNELBASE.dll
0x00007fff1fb70000 - 0x00007fff1fcbc000 	C:\Windows\System32\ucrtbase.dll
0x00007ffee06c0000 - 0x00007ffee06de000 	C:\Users\ishas\.vscode\extensions\redhat.java-1.56.0-win32-x64\jre\21.0.12.1-win32-x86_64\bin\VCRUNTIME140.dll
0x00007ffeb4c70000 - 0x00007ffeb4c88000 	C:\Users\ishas\.vscode\extensions\redhat.java-1.56.0-win32-x64\jre\21.0.12.1-win32-x86_64\bin\jli.dll
0x00007fff222b0000 - 0x00007fff2247f000 	C:\Windows\System32\USER32.dll
0x00007fff08e50000 - 0x00007fff090e0000 	C:\Windows\WinSxS\amd64_microsoft.windows.common-controls_6595b64144ccf1df_6.0.26100.9278_none_3e0d1ba8e3303201\COMCTL32.dll
0x00007fff20220000 - 0x00007fff20247000 	C:\Windows\System32\win32u.dll
0x00007fff20460000 - 0x00007fff20509000 	C:\Windows\System32\msvcrt.dll
0x00007fff21d20000 - 0x00007fff21d4b000 	C:\Windows\System32\GDI32.dll
0x00007fff20250000 - 0x00007fff20379000 	C:\Windows\System32\gdi32full.dll
0x00007fff200e0000 - 0x00007fff20183000 	C:\Windows\System32\msvcp_win.dll
0x00007fff21eb0000 - 0x00007fff21ee1000 	C:\Windows\System32\IMM32.DLL
0x00007fff1bf50000 - 0x00007fff1bf5c000 	C:\Users\ishas\.vscode\extensions\redhat.java-1.56.0-win32-x64\jre\21.0.12.1-win32-x86_64\bin\vcruntime140_1.dll
0x00007ffeac2d0000 - 0x00007ffeac35d000 	C:\Users\ishas\.vscode\extensions\redhat.java-1.56.0-win32-x64\jre\21.0.12.1-win32-x86_64\bin\msvcp140.dll
0x00007ffe828b0000 - 0x00007ffe83652000 	C:\Users\ishas\.vscode\extensions\redhat.java-1.56.0-win32-x64\jre\21.0.12.1-win32-x86_64\bin\server\jvm.dll
0x00007fff21ef0000 - 0x00007fff21fac000 	C:\Windows\System32\ADVAPI32.dll
0x00007fff21e00000 - 0x00007fff21ea9000 	C:\Windows\System32\sechost.dll
0x00007fff22500000 - 0x00007fff22618000 	C:\Windows\System32\RPCRT4.dll
0x00007fff21c90000 - 0x00007fff21d10000 	C:\Windows\System32\WS2_32.dll
0x00007fff1f6c0000 - 0x00007fff1f71e000 	C:\Windows\SYSTEM32\POWRPROF.dll
0x00007fff17580000 - 0x00007fff175b6000 	C:\Windows\SYSTEM32\WINMM.dll
0x00007fff0cde0000 - 0x00007fff0cdeb000 	C:\Windows\SYSTEM32\VERSION.dll
0x00007fff1f6a0000 - 0x00007fff1f6b5000 	C:\Windows\SYSTEM32\UMPDC.dll
0x00007fff1e530000 - 0x00007fff1e54b000 	C:\Windows\SYSTEM32\kernel.appcore.dll
0x00007fff17090000 - 0x00007fff1709a000 	C:\Users\ishas\.vscode\extensions\redhat.java-1.56.0-win32-x64\jre\21.0.12.1-win32-x86_64\bin\jimage.dll
0x00007fff1ce70000 - 0x00007fff1d0bc000 	C:\Windows\SYSTEM32\DBGHELP.DLL
0x00007fff20ed0000 - 0x00007fff21255000 	C:\Windows\System32\combase.dll
0x00007fff21a50000 - 0x00007fff21b29000 	C:\Windows\System32\OLEAUT32.dll
0x00007fff17540000 - 0x00007fff1757b000 	C:\Windows\SYSTEM32\dbgcore.DLL
0x00007fff1fab0000 - 0x00007fff1fb5c000 	C:\Windows\System32\bcryptPrimitives.dll
0x00007ffebe020000 - 0x00007ffebe02f000 	C:\Users\ishas\.vscode\extensions\redhat.java-1.56.0-win32-x64\jre\21.0.12.1-win32-x86_64\bin\instrument.dll
0x00007ffedcd90000 - 0x00007ffedcdb0000 	C:\Users\ishas\.vscode\extensions\redhat.java-1.56.0-win32-x64\jre\21.0.12.1-win32-x86_64\bin\java.dll
0x00007fff20510000 - 0x00007fff20ca8000 	C:\Windows\System32\SHELL32.dll
0x00007fff1d290000 - 0x00007fff1db3e000 	C:\Windows\SYSTEM32\windows.storage.dll
0x00007fff21fc0000 - 0x00007fff220bb000 	C:\Windows\System32\SHCORE.dll
0x00007fff22490000 - 0x00007fff224f6000 	C:\Windows\System32\shlwapi.dll
0x00007fff1f780000 - 0x00007fff1f7a9000 	C:\Windows\SYSTEM32\profapi.dll
0x00007ffedcd70000 - 0x00007ffedcd88000 	C:\Users\ishas\.vscode\extensions\redhat.java-1.56.0-win32-x64\jre\21.0.12.1-win32-x86_64\bin\zip.dll
0x00007ffee04e0000 - 0x00007ffee04f0000 	C:\Users\ishas\.vscode\extensions\redhat.java-1.56.0-win32-x64\jre\21.0.12.1-win32-x86_64\bin\net.dll
0x00007fff0dc00000 - 0x00007fff0dd2a000 	C:\Windows\SYSTEM32\WINHTTP.dll
0x00007fff1eaf0000 - 0x00007fff1eb5c000 	C:\Windows\system32\mswsock.dll
0x00007ffedcd50000 - 0x00007ffedcd66000 	C:\Users\ishas\.vscode\extensions\redhat.java-1.56.0-win32-x64\jre\21.0.12.1-win32-x86_64\bin\nio.dll
0x00007ffebc9a0000 - 0x00007ffebc9b0000 	C:\Users\ishas\.vscode\extensions\redhat.java-1.56.0-win32-x64\jre\21.0.12.1-win32-x86_64\bin\verify.dll
0x00007ffeac360000 - 0x00007ffeac387000 	C:\Users\ishas\.gradle\native\1def1411415f61bf3af743bc5b6707747c0891f09f0c88961ee8f79bc544acac\windows-amd64\native-platform.dll
0x00007ffe88010000 - 0x00007ffe88088000 	C:\Users\ishas\.gradle\native\0.2.7\x86_64-windows-gnu\gradle-fileevents.dll
0x00007ffebc890000 - 0x00007ffebc89a000 	C:\Users\ishas\.vscode\extensions\redhat.java-1.56.0-win32-x64\jre\21.0.12.1-win32-x86_64\bin\management.dll
0x00007ffebc430000 - 0x00007ffebc43c000 	C:\Users\ishas\.vscode\extensions\redhat.java-1.56.0-win32-x64\jre\21.0.12.1-win32-x86_64\bin\management_ext.dll
0x00007fff20380000 - 0x00007fff20388000 	C:\Windows\System32\PSAPI.DLL
0x00007fff1df00000 - 0x00007fff1df33000 	C:\Windows\SYSTEM32\IPHLPAPI.DLL
0x00007fff22280000 - 0x00007fff2228a000 	C:\Windows\System32\NSI.dll
0x00007ffeb9d70000 - 0x00007ffeb9d79000 	C:\Users\ishas\.vscode\extensions\redhat.java-1.56.0-win32-x64\jre\21.0.12.1-win32-x86_64\bin\extnet.dll
0x00007fff1ede0000 - 0x00007fff1edfb000 	C:\Windows\SYSTEM32\CRYPTSP.dll
0x00007fff1e490000 - 0x00007fff1e4c9000 	C:\Windows\system32\rsaenh.dll
0x00007fff1eba0000 - 0x00007fff1ebd4000 	C:\Windows\SYSTEM32\USERENV.dll
0x00007fff1f750000 - 0x00007fff1f77a000 	C:\Windows\SYSTEM32\bcrypt.dll
0x00007fff1ee00000 - 0x00007fff1ee0c000 	C:\Windows\SYSTEM32\CRYPTBASE.dll
0x00007ffeb9300000 - 0x00007ffeb930e000 	C:\Users\ishas\.vscode\extensions\redhat.java-1.56.0-win32-x64\jre\21.0.12.1-win32-x86_64\bin\sunmscapi.dll
0x00007fff1f860000 - 0x00007fff1f9de000 	C:\Windows\System32\CRYPT32.dll
0x00007fff1f020000 - 0x00007fff1f050000 	C:\Windows\SYSTEM32\ncrypt.dll
0x00007fff1efd0000 - 0x00007fff1f00f000 	C:\Windows\SYSTEM32\NTASN1.dll
0x00007fff01a10000 - 0x00007fff01a18000 	C:\Windows\system32\wshunix.dll

JVMTI agents:
C:\Users\ishas\.gradle\wrapper\dists\gradle-8.14.3-all\10utluxaxniiv4wxiphsi49nj\gradle-8.14.3\lib\agents\gradle-instrumentation-agent-8.14.3.jar path:C:\Users\ishas\.vscode\extensions\redhat.java-1.56.0-win32-x64\jre\21.0.12.1-win32-x86_64\bin\instrument.dll, loaded, initialized, instrumentlib options:none

dbghelp: loaded successfully - version: 4.0.5 - missing functions: none
symbol engine: initialized successfully - sym options: 0x614 - pdb path: .;C:\Users\ishas\.vscode\extensions\redhat.java-1.56.0-win32-x64\jre\21.0.12.1-win32-x86_64\bin;C:\Windows\SYSTEM32;C:\Windows\WinSxS\amd64_microsoft.windows.common-controls_6595b64144ccf1df_6.0.26100.9278_none_3e0d1ba8e3303201;C:\Users\ishas\.vscode\extensions\redhat.java-1.56.0-win32-x64\jre\21.0.12.1-win32-x86_64\bin\server;C:\Users\ishas\.gradle\native\1def1411415f61bf3af743bc5b6707747c0891f09f0c88961ee8f79bc544acac\windows-amd64;C:\Users\ishas\.gradle\native\0.2.7\x86_64-windows-gnu

VM Arguments:
jvm_args: --add-opens=java.base/java.lang=ALL-UNNAMED --add-opens=java.base/java.lang.invoke=ALL-UNNAMED --add-opens=java.base/java.util=ALL-UNNAMED --add-opens=java.prefs/java.util.prefs=ALL-UNNAMED --add-exports=jdk.compiler/com.sun.tools.javac.api=ALL-UNNAMED --add-exports=jdk.compiler/com.sun.tools.javac.util=ALL-UNNAMED --add-opens=java.base/java.util=ALL-UNNAMED --add-opens=java.prefs/java.util.prefs=ALL-UNNAMED --add-opens=java.base/java.nio.charset=ALL-UNNAMED --add-opens=java.base/java.net=ALL-UNNAMED --add-opens=java.base/java.util.concurrent.atomic=ALL-UNNAMED --add-opens=java.xml/javax.xml.namespace=ALL-UNNAMED -Xmx1536m -Dfile.encoding=UTF-8 -Duser.country=IN -Duser.language=en -Duser.variant -javaagent:C:\Users\ishas\.gradle\wrapper\dists\gradle-8.14.3-all\10utluxaxniiv4wxiphsi49nj\gradle-8.14.3\lib\agents\gradle-instrumentation-agent-8.14.3.jar 
java_command: org.gradle.launcher.daemon.bootstrap.GradleDaemon 8.14.3
java_class_path (initial): C:\Users\ishas\.gradle\wrapper\dists\gradle-8.14.3-all\10utluxaxniiv4wxiphsi49nj\gradle-8.14.3\lib\gradle-daemon-main-8.14.3.jar
Launcher Type: SUN_STANDARD

[Global flags]
     intx CICompilerCount                          = 4                                         {product} {ergonomic}
     uint ConcGCThreads                            = 3                                         {product} {ergonomic}
     uint G1ConcRefinementThreads                  = 10                                        {product} {ergonomic}
   size_t G1HeapRegionSize                         = 1048576                                   {product} {ergonomic}
    uintx GCDrainStackTargetSize                   = 64                                        {product} {ergonomic}
   size_t InitialHeapSize                          = 264241152                                 {product} {ergonomic}
   size_t MarkStackSize                            = 4194304                                   {product} {ergonomic}
   size_t MaxHeapSize                              = 1610612736                                {product} {command line}
   size_t MaxNewSize                               = 965738496                                 {product} {ergonomic}
   size_t MinHeapDeltaBytes                        = 1048576                                   {product} {ergonomic}
   size_t MinHeapSize                              = 8388608                                   {product} {ergonomic}
    uintx NonNMethodCodeHeapSize                   = 5839372                                {pd product} {ergonomic}
    uintx NonProfiledCodeHeapSize                  = 122909434                              {pd product} {ergonomic}
    uintx ProfiledCodeHeapSize                     = 122909434                              {pd product} {ergonomic}
    uintx ReservedCodeCacheSize                    = 251658240                              {pd product} {ergonomic}
     bool SegmentedCodeCache                       = true                                      {product} {ergonomic}
   size_t SoftMaxHeapSize                          = 1610612736                             {manageable} {ergonomic}
     bool UseCompressedOops                        = true                           {product lp64_product} {ergonomic}
     bool UseG1GC                                  = true                                      {product} {ergonomic}
     bool UseLargePagesIndividualAllocation        = false                                  {pd product} {ergonomic}

Logging:
Log output configuration:
 #0: stdout all=warning uptime,level,tags foldmultilines=false
 #1: stderr all=off uptime,level,tags foldmultilines=false

Release file:
JAVA_VERSION="21.0.12.1" 
MODULES="java.base java.compiler java.datatransfer java.xml java.prefs java.desktop java.instrument java.logging java.management java.security.sasl java.naming java.rmi java.management.rmi java.net.http java.scripting java.security.jgss java.transaction.xa java.sql java.sql.rowset java.xml.crypto java.se java.smartcardio jdk.accessibility jdk.internal.jvmstat jdk.attach jdk.charsets jdk.internal.opt jdk.zipfs jdk.compiler jdk.crypto.ec jdk.crypto.cryptoki jdk.crypto.mscapi jdk.dynalink jdk.internal.ed jdk.editpad jdk.hotspot.agent jdk.httpserver jdk.internal.le jdk.internal.vm.ci jdk.internal.vm.compiler jdk.internal.vm.compiler.management jdk.jartool jdk.javadoc jdk.jcmd jdk.management jdk.management.agent jdk.jconsole jdk.jdeps jdk.jdwp.agent jdk.jdi jdk.jfr jdk.jshell jdk.jsobject jdk.jstatd jdk.localedata jdk.management.jfr jdk.naming.dns jdk.naming.rmi jdk.net jdk.nio.mapmode jdk.random jdk.sctp jdk.security.auth jdk.security.jgss jdk.unsupported jdk.unsupported.desktop jdk.xml.dom" 

Environment Variables:
PATH=C:\Program Files\Microsoft\jdk-17.0.12.7-hotspot\bin;C:\Program Files\Eclipse Adoptium\jdk-17.0.17.10-hotspot\bin;C:\Windows\system32;C:\Windows;C:\Windows\System32\Wbem;C:\Windows\System32\WindowsPowerShell\v1.0\;C:\Windows\System32\OpenSSH\;C:\Program Files\nodejs\;C:\Users\ishas\Downloads\apache-maven-3.9.11-bin\apache-maven-3.9.11\bin;C:\Users\ishas\Downloads\apache-maven-3.9.11-bin\apache-maven-3.9.11\bin;C:\Program Files\MySQL\MySQL Server 8.0\bin;C:\Users\ishas\AppData\Local\Programs\Python\Python313;C:\Program Files\Git\cmd;C:\Users\ishas\AppData\Local\Programs\Python\Launcher\;C:\Program Files\MySQL\MySQL Shell 8.0\bin\;C:\Users\ishas\AppData\Local\Microsoft\WindowsApps;C:\Users\ishas\AppData\Local\Programs\Microsoft VS Code\bin;C:\Users\ishas\AppData\Roaming\npm
USERNAME=ishas
OS=Windows_NT
PROCESSOR_IDENTIFIER=Intel64 Family 6 Model 186 Stepping 2, GenuineIntel
TMP=C:\Users\ishas\AppData\Local\Temp
TEMP=C:\Users\ishas\AppData\Local\Temp




Periodic native trim disabled

---------------  S Y S T E M  ---------------

OS:
 Windows 11 , 64 bit Build 26100 (10.0.26100.9444)
OS uptime: 0 days 0:24 hours
Hyper-V role detected

CPU: total 12 (initial active 12) (6 cores per cpu, 2 threads per core) family 6 model 186 stepping 2 microcode 0x4122, cx8, cmov, fxsr, ht, mmx, 3dnowpref, sse, sse2, sse3, ssse3, sse4.1, sse4.2, popcnt, lzcnt, tsc, tscinvbit, avx, avx2, aes, erms, clmul, bmi1, bmi2, adx, sha, fma, vzeroupper, clflush, clflushopt, clwb, hv, serialize, rdtscp, rdpid, fsrm, f16c, cet_ibt, cet_ss
Processor Information for processor 0
  Max Mhz: 2100, Current Mhz: 1453, Mhz Limit: 2100
Processor Information for processor 1
  Max Mhz: 2100, Current Mhz: 2100, Mhz Limit: 2100
Processor Information for processor 2
  Max Mhz: 2100, Current Mhz: 1453, Mhz Limit: 2100
Processor Information for processor 3
  Max Mhz: 2100, Current Mhz: 2100, Mhz Limit: 2100
Processor Information for processor 4
  Max Mhz: 2100, Current Mhz: 1453, Mhz Limit: 2100
Processor Information for processor 5
  Max Mhz: 2100, Current Mhz: 2100, Mhz Limit: 2100
Processor Information for processor 6
  Max Mhz: 2100, Current Mhz: 1453, Mhz Limit: 2100
Processor Information for processor 7
  Max Mhz: 2100, Current Mhz: 1453, Mhz Limit: 2100
Processor Information for processor 8
  Max Mhz: 2100, Current Mhz: 2100, Mhz Limit: 2100
Processor Information for processor 9
  Max Mhz: 2100, Current Mhz: 2100, Mhz Limit: 2100
Processor Information for processor 10
  Max Mhz: 2100, Current Mhz: 1540, Mhz Limit: 2100
Processor Information for processor 11
  Max Mhz: 2100, Current Mhz: 1540, Mhz Limit: 2100

Memory: 4k page, system-wide physical 16076M (969M free)
TotalPageFile size 65228M (AvailPageFile size 376M)
current process WorkingSet (physical memory assigned to process): 185M, peak: 245M
current process commit charge ("private bytes"): 300M, peak: 442M

vm_info: OpenJDK 64-Bit Server VM (21.0.12.1+1-LTS) for windows-amd64 JRE (21.0.12.1+1-LTS), built on 2026-08-18T00:00:00Z by "admin" with MS VC++ 17.12 (VS2022)

END.
