#
# There is insufficient memory for the Java Runtime Environment to continue.
# Native memory allocation (mmap) failed to map 65536 bytes. Error detail: Failed to commit metaspace.
# Possible reasons:
#   The system is out of physical RAM or swap space
#   This process is running with CompressedOops enabled, and the Java Heap may be blocking the growth of the native heap
# Possible solutions:
#   Reduce memory load on the system
#   Increase physical memory or swap space
#   Check if swap backing store is full
#   Decrease Java heap size (-Xmx/-Xms)
#   Decrease number of Java threads
#   Decrease Java thread stack sizes (-Xss)
#   Set larger code cache with -XX:ReservedCodeCacheSize=
#   JVM is running with Unscaled Compressed Oops mode in which the Java heap is
#     placed in the first 4GB address space. The Java Heap base address is the
#     maximum limit for the native heap growth. Please use -XX:HeapBaseMinAddress
#     to set the Java Heap base and to place the Java Heap above 4GB virtual address.
# This output file may be truncated or incomplete.
#
#  Out of Memory Error (virtualSpaceNode.cpp:113), pid=27460, tid=28320
#
# JRE version: OpenJDK Runtime Environment Temurin-21.0.12.1+1 (21.0.12.1+1) (build 21.0.12.1+1-LTS)
# Java VM: OpenJDK 64-Bit Server VM Temurin-21.0.12.1+1 (21.0.12.1+1-LTS, mixed mode, sharing, tiered, compressed oops, compressed class ptrs, g1 gc, windows-amd64)
# No core dump will be written. Minidumps are not enabled by default on client versions of Windows
#

---------------  S U M M A R Y ------------

Command Line: --add-opens=java.base/java.lang=ALL-UNNAMED --add-opens=java.base/java.lang.invoke=ALL-UNNAMED --add-opens=java.base/java.util=ALL-UNNAMED --add-opens=java.prefs/java.util.prefs=ALL-UNNAMED --add-exports=jdk.compiler/com.sun.tools.javac.api=ALL-UNNAMED --add-exports=jdk.compiler/com.sun.tools.javac.util=ALL-UNNAMED --add-opens=java.base/java.util=ALL-UNNAMED --add-opens=java.prefs/java.util.prefs=ALL-UNNAMED --add-opens=java.base/java.nio.charset=ALL-UNNAMED --add-opens=java.base/java.net=ALL-UNNAMED --add-opens=java.base/java.util.concurrent.atomic=ALL-UNNAMED --add-opens=java.xml/javax.xml.namespace=ALL-UNNAMED -Xmx1536m -Dfile.encoding=UTF-8 -Duser.country=IN -Duser.language=en -Duser.variant -javaagent:C:\Users\ishas\.gradle\wrapper\dists\gradle-8.14.3-all\10utluxaxniiv4wxiphsi49nj\gradle-8.14.3\lib\agents\gradle-instrumentation-agent-8.14.3.jar org.gradle.launcher.daemon.bootstrap.GradleDaemon 8.14.3

Host: 13th Gen Intel(R) Core(TM) i5-13420H, 12 cores, 15G,  Windows 11 , 64 bit Build 26100 (10.0.26100.9444)
Time: Mon Sep 14 18:22:45 2026 India Standard Time elapsed time: 19.657812 seconds (0d 0h 0m 19s)

---------------  T H R E A D  ---------------

Current thread (0x0000025e62149fc0):  JavaThread "Daemon worker"        [_thread_in_vm, id=28320, stack(0x000000bc6e200000,0x000000bc6e300000) (1024K)]

Stack: [0x000000bc6e200000,0x000000bc6e300000]
Native frames: (J=compiled Java code, j=interpreted, Vv=VM code, C=native code)
V  [jvm.dll+0x6d83e9]
V  [jvm.dll+0x8b5736]
V  [jvm.dll+0x8b7cee]
V  [jvm.dll+0x8b83d3]
V  [jvm.dll+0x284596]
V  [jvm.dll+0x8b147e]
V  [jvm.dll+0x679ad4]
V  [jvm.dll+0x1e849b]
V  [jvm.dll+0x1e825e]
V  [jvm.dll+0x67c3d2]
V  [jvm.dll+0x67c202]
V  [jvm.dll+0x67a4ae]
V  [jvm.dll+0x684758]
V  [jvm.dll+0x21973e]
V  [jvm.dll+0x219be5]
V  [jvm.dll+0x21a5d8]
V  [jvm.dll+0x20f80e]
V  [jvm.dll+0x5b6a7f]
V  [jvm.dll+0x82f606]
V  [jvm.dll+0x4792f8]
V  [jvm.dll+0x47f128]
C  [java.dll+0x17ec]

Java frames: (J=compiled Java code, j=interpreted, Vv=VM code)
J 830  java.lang.ClassLoader.defineClass1(Ljava/lang/ClassLoader;Ljava/lang/String;[BIILjava/security/ProtectionDomain;Ljava/lang/String;)Ljava/lang/Class; java.base@21.0.12.1 (0 bytes) @ 0x0000025e5127ab11 [0x0000025e5127aa40+0x00000000000000d1]
J 1187 c1 java.lang.ClassLoader.defineClass(Ljava/lang/String;[BIILjava/security/ProtectionDomain;)Ljava/lang/Class; java.base@21.0.12.1 (43 bytes) @ 0x0000025e4995bef4 [0x0000025e4995bba0+0x0000000000000354]
J 941 c1 java.security.SecureClassLoader.defineClass(Ljava/lang/String;[BIILjava/security/CodeSource;)Ljava/lang/Class; java.base@21.0.12.1 (16 bytes) @ 0x0000025e498f331c [0x0000025e498f3240+0x00000000000000dc]
J 1530 c1 java.net.URLClassLoader.defineClass(Ljava/lang/String;Ljdk/internal/loader/Resource;)Ljava/lang/Class; java.base@21.0.12.1 (224 bytes) @ 0x0000025e49a37bc4 [0x0000025e49a36480+0x0000000000001744]
J 929 c1 java.net.URLClassLoader$1.run()Ljava/lang/Class; java.base@21.0.12.1 (81 bytes) @ 0x0000025e498eb1fc [0x0000025e498ea5c0+0x0000000000000c3c]
J 928 c1 java.net.URLClassLoader$1.run()Ljava/lang/Object; java.base@21.0.12.1 (5 bytes) @ 0x0000025e498ea054 [0x0000025e498e9fc0+0x0000000000000094]
J 731 c1 java.security.AccessController.doPrivileged(Ljava/security/PrivilegedExceptionAction;Ljava/security/AccessControlContext;)Ljava/lang/Object; java.base@21.0.12.1 (26 bytes) @ 0x0000025e4988440c [0x0000025e49884220+0x00000000000001ec]
J 880 c1 java.net.URLClassLoader.findClass(Ljava/lang/String;)Ljava/lang/Class; java.base@21.0.12.1 (47 bytes) @ 0x0000025e498d66c4 [0x0000025e498d6520+0x00000000000001a4]
J 832 c1 java.lang.ClassLoader.loadClass(Ljava/lang/String;Z)Ljava/lang/Class; java.base@21.0.12.1 (121 bytes) @ 0x0000025e498bada4 [0x0000025e498ba7e0+0x00000000000005c4]
J 856 c1 java.lang.ClassLoader.loadClass(Ljava/lang/String;)Ljava/lang/Class; java.base@21.0.12.1 (7 bytes) @ 0x0000025e498ca454 [0x0000025e498ca340+0x0000000000000114]
v  ~StubRoutines::call_stub 0x0000025e50c8100d
j  org.gradle.internal.concurrent.CompositeStoppable.toStoppable(Ljava/lang/Object;)Lorg/gradle/internal/concurrent/Stoppable;+24
j  org.gradle.internal.concurrent.CompositeStoppable.add(Ljava/lang/Object;)Lorg/gradle/internal/concurrent/CompositeStoppable;+5
j  org.gradle.internal.concurrent.CompositeStoppable.add([Ljava/lang/Object;)Lorg/gradle/internal/concurrent/CompositeStoppable;+23
j  org.gradle.internal.concurrent.CompositeStoppable.stoppable([Ljava/lang/Object;)Lorg/gradle/internal/concurrent/CompositeStoppable;+8
j  org.gradle.internal.session.CrossBuildSessionState.close()V+11
j  org.gradle.internal.buildprocess.execution.BuildSessionLifecycleBuildActionExecutor.execute(Lorg/gradle/internal/invocation/BuildAction;Lorg/gradle/launcher/exec/BuildActionParameters;Lorg/gradle/initialization/BuildRequestContext;)Lorg/gradle/launcher/exec/BuildActionResult;+142
j  org.gradle.internal.buildprocess.execution.BuildSessionLifecycleBuildActionExecutor.execute(Lorg/gradle/internal/invocation/BuildAction;Ljava/lang/Object;Ljava/lang/Object;)Lorg/gradle/launcher/exec/BuildActionResult;+10
j  org.gradle.internal.buildprocess.execution.StartParamsValidatingActionExecutor.execute(Lorg/gradle/internal/invocation/BuildAction;Lorg/gradle/launcher/exec/BuildActionParameters;Lorg/gradle/initialization/BuildRequestContext;)Lorg/gradle/launcher/exec/BuildActionResult;+203
j  org.gradle.internal.buildprocess.execution.StartParamsValidatingActionExecutor.execute(Lorg/gradle/internal/invocation/BuildAction;Ljava/lang/Object;Ljava/lang/Object;)Lorg/gradle/launcher/exec/BuildActionResult;+10
j  org.gradle.internal.buildprocess.execution.SessionFailureReportingActionExecutor.execute(Lorg/gradle/internal/invocation/BuildAction;Lorg/gradle/launcher/exec/BuildActionParameters;Lorg/gradle/initialization/BuildRequestContext;)Lorg/gradle/launcher/exec/BuildActionResult;+7
j  org.gradle.internal.buildprocess.execution.SessionFailureReportingActionExecutor.execute(Lorg/gradle/internal/invocation/BuildAction;Ljava/lang/Object;Ljava/lang/Object;)Lorg/gradle/launcher/exec/BuildActionResult;+10
j  org.gradle.internal.buildprocess.execution.SetupLoggingActionExecutor.execute(Lorg/gradle/internal/invocation/BuildAction;Lorg/gradle/launcher/exec/BuildActionParameters;Lorg/gradle/initialization/BuildRequestContext;)Lorg/gradle/launcher/exec/BuildActionResult;+50
j  org.gradle.internal.buildprocess.execution.SetupLoggingActionExecutor.execute(Lorg/gradle/internal/invocation/BuildAction;Ljava/lang/Object;Ljava/lang/Object;)Lorg/gradle/launcher/exec/BuildActionResult;+10
j  org.gradle.launcher.daemon.server.exec.ExecuteBuild.doBuild(Lorg/gradle/launcher/daemon/server/api/DaemonCommandExecution;Lorg/gradle/launcher/daemon/protocol/Build;)V+147
j  org.gradle.launcher.daemon.server.exec.BuildCommandOnly.execute(Lorg/gradle/launcher/daemon/server/api/DaemonCommandExecution;)V+49
j  org.gradle.launcher.daemon.server.api.DaemonCommandExecution.proceed()Z+23
j  org.gradle.launcher.daemon.server.exec.WatchForDisconnection.execute(Lorg/gradle/launcher/daemon/server/api/DaemonCommandExecution;)V+19
j  org.gradle.launcher.daemon.server.api.DaemonCommandExecution.proceed()Z+23
j  org.gradle.launcher.daemon.server.exec.ResetDeprecationLogger.execute(Lorg/gradle/launcher/daemon/server/api/DaemonCommandExecution;)V+7
j  org.gradle.launcher.daemon.server.api.DaemonCommandExecution.proceed()Z+23
j  org.gradle.launcher.daemon.server.exec.RequestStopIfSingleUsedDaemon.execute(Lorg/gradle/launcher/daemon/server/api/DaemonCommandExecution;)V+33
j  org.gradle.launcher.daemon.server.api.DaemonCommandExecution.proceed()Z+23
j  org.gradle.launcher.daemon.server.exec.ForwardClientInput.lambda$execute$0(Lorg/gradle/launcher/daemon/server/api/DaemonCommandExecution;Lorg/gradle/internal/daemon/clientinput/StdinHandler;)Ljava/lang/Object;+11
j  org.gradle.launcher.daemon.server.exec.ForwardClientInput$$Lambda+0x0000025e01194000.apply(Ljava/lang/Object;)Ljava/lang/Object;+8
j  org.gradle.internal.daemon.clientinput.ClientInputForwarder.forwardInput(Ljava/util/function/Function;)Ljava/lang/Object;+46
j  org.gradle.launcher.daemon.server.exec.ForwardClientInput.execute(Lorg/gradle/launcher/daemon/server/api/DaemonCommandExecution;)V+10
j  org.gradle.launcher.daemon.server.api.DaemonCommandExecution.proceed()Z+23
j  org.gradle.launcher.daemon.server.exec.LogAndCheckHealth.execute(Lorg/gradle/launcher/daemon/server/api/DaemonCommandExecution;)V+51
j  org.gradle.launcher.daemon.server.api.DaemonCommandExecution.proceed()Z+23
j  org.gradle.launcher.daemon.server.exec.LogToClient.doBuild(Lorg/gradle/launcher/daemon/server/api/DaemonCommandExecution;Lorg/gradle/launcher/daemon/protocol/Build;)V+87
j  org.gradle.launcher.daemon.server.exec.BuildCommandOnly.execute(Lorg/gradle/launcher/daemon/server/api/DaemonCommandExecution;)V+49
j  org.gradle.launcher.daemon.server.api.DaemonCommandExecution.proceed()Z+23
j  org.gradle.launcher.daemon.server.exec.EstablishBuildEnvironment.doBuild(Lorg/gradle/launcher/daemon/server/api/DaemonCommandExecution;Lorg/gradle/launcher/daemon/protocol/Build;)V+356
j  org.gradle.launcher.daemon.server.exec.BuildCommandOnly.execute(Lorg/gradle/launcher/daemon/server/api/DaemonCommandExecution;)V+49
j  org.gradle.launcher.daemon.server.api.DaemonCommandExecution.proceed()Z+23
j  org.gradle.launcher.daemon.server.exec.StartBuildOrRespondWithBusy$1.run()V+44
j  org.gradle.launcher.daemon.server.DaemonStateCoordinator.lambda$runCommand$0(Ljava/lang/Runnable;)V+1
j  org.gradle.launcher.daemon.server.DaemonStateCoordinator$$Lambda+0x0000025e0118e950.run()V+8
j  org.gradle.internal.concurrent.ExecutorPolicy$CatchAndRecordFailures.onExecute(Ljava/lang/Runnable;)V+1
j  org.gradle.internal.concurrent.AbstractManagedExecutor$1.run()V+25
j  java.util.concurrent.ThreadPoolExecutor.runWorker(Ljava/util/concurrent/ThreadPoolExecutor$Worker;)V+92 java.base@21.0.12.1
j  java.util.concurrent.ThreadPoolExecutor$Worker.run()V+5 java.base@21.0.12.1
j  java.lang.Thread.runWith(Ljava/lang/Object;Ljava/lang/Runnable;)V+5 java.base@21.0.12.1
j  java.lang.Thread.run()V+19 java.base@21.0.12.1
v  ~StubRoutines::call_stub 0x0000025e50c8100d

Compiled method (n/a) 19696  830     n 0       java.lang.ClassLoader::defineClass1 (native)
 total in heap  [0x0000025e5127a890,0x0000025e5127ae28] = 1432
 relocation     [0x0000025e5127a9f0,0x0000025e5127aa28] = 56
 main code      [0x0000025e5127aa40,0x0000025e5127ae21] = 993
 stub code      [0x0000025e5127ae21,0x0000025e5127ae28] = 7

[Constant Pool (empty)]

[MachCode]
[Entry Point]
  # {method} {0x0000025e00434c38} 'defineClass1' '(Ljava/lang/ClassLoader;Ljava/lang/String;[BIILjava/security/ProtectionDomain;Ljava/lang/String;)Ljava/lang/Class;' in 'java/lang/ClassLoader'
  # parm0:    rdx:rdx   = 'java/lang/ClassLoader'
  # parm1:    r8:r8     = 'java/lang/String'
  # parm2:    r9:r9     = '[B'
  # parm3:    rdi       = int
  # parm4:    rsi       = int
  # parm5:    rcx:rcx   = 'java/security/ProtectionDomain'
  # parm6:    [sp+0xa0]   = 'java/lang/String'  (sp of caller)
  0x0000025e5127aa40: 448b 5208 | 49bb 0000 | 0000 5e02 | 0000 4d03 | d349 3bc2 | 0f84 0600 

  0x0000025e5127aa58: ;   {runtime_call ic_miss_stub}
  0x0000025e5127aa58: 0000 e921 | 3da5 ff90 
[Verified Entry Point]
  0x0000025e5127aa60: 8984 2400 | 80ff ff55 | 488b ec48 | 81ec 9000 | 0000 6690 | 4181 7f20 | 0100 0000 

  0x0000025e5127aa7c: ;   {runtime_call StubRoutines (final stubs)}
  0x0000025e5127aa7c: 7405 e81d | baa3 ff48 | 837d 1000 | 488d 4510 | 480f 4445 | 1048 8944 | 2440 4889 | 4c24 7048 
  0x0000025e5127aa9c: 83f9 0048 | 8d44 2470 | 480f 4444 | 2470 4889 | 4424 3848 | 8974 2430 | 4889 7c24 | 284c 894c 
  0x0000025e5127aabc: 2458 4983 | f900 488d | 4424 5848 | 0f44 4424 | 5848 8944 | 2420 4c89 | 4424 5049 | 83f8 004c 
  0x0000025e5127aadc: 8d4c 2450 | 4c0f 444c | 2450 4889 | 5424 4848 | 83fa 004c | 8d44 2448 | 4c0f 4444 

  0x0000025e5127aaf8: ;   {oop(a 'java/lang/Class'{0x00000000a05fd7e8} = 'java/lang/ClassLoader')}
  0x0000025e5127aaf8: 2448 49be | e8d7 5fa0 | 0000 0000 | 4c89 7424 | 784c 8d74 | 2478 498b | d6c5 f877 

  0x0000025e5127ab14: ;   {internal_word}
  0x0000025e5127ab14: 49ba 11ab | 2751 5e02 | 0000 4d89 | 97a8 0300 | 0049 89a7 | a003 0000 

  0x0000025e5127ab2c: ;   {external_word}
  0x0000025e5127ab2c: 49ba 066d | 5583 fe7f | 0000 4180 | 3a00 0f84 | 4e00 0000 | 5241 5041 

  0x0000025e5127ab44: ;   {metadata({method} {0x0000025e00434c38} 'defineClass1' '(Ljava/lang/ClassLoader;Ljava/lang/String;[BIILjava/security/ProtectionDomain;Ljava/lang/String;)Ljava/lang/Class;' in 'java/lang/ClassLoader')}
  0x0000025e5127ab44: 5148 ba30 | 4c43 005e | 0200 0049 | 8bcf 4883 | ec20 40f6 | c40f 0f84 | 1900 0000 | 4883 ec08 
  0x0000025e5127ab64: ;   {runtime_call}
  0x0000025e5127ab64: 48b8 e0ea | fe82 fe7f | 0000 ffd0 | 4883 c408 | e90c 0000 

  0x0000025e5127ab78: ;   {runtime_call}
  0x0000025e5127ab78: 0048 b8e0 | eafe 82fe | 7f00 00ff | d048 83c4 | 2041 5941 | 585a 498d | 8fc0 0300 | 0041 c787 
  0x0000025e5127ab98: 4c04 0000 | 0400 0000 

  0x0000025e5127aba0: ;   {runtime_call}
  0x0000025e5127aba0: 48b8 ac16 | d9dc fe7f | 0000 ffd0 | c5f8 7741 | c787 4c04 | 0000 0500 | 0000 f083 | 4424 c000 
  0x0000025e5127abc0: 493b af50 | 0400 000f | 870e 0000 | 0041 83bf | 4804 0000 | 000f 842b | 0000 00c5 | f877 4889 
  0x0000025e5127abe0: 45f8 498b | cf4c 8be4 | 4883 ec20 | 4883 e4f0 

  0x0000025e5127abf0: ;   {runtime_call}
  0x0000025e5127abf0: 48b8 0058 | ca82 fe7f | 0000 ffd0 | 498b e44d | 33e4 488b | 45f8 41c7 | 874c 0400 | 0008 0000 
  0x0000025e5127ac10: 0041 83bf | c804 0000 | 020f 84d5 

  0x0000025e5127ac1c: ;   {external_word}
  0x0000025e5127ac1c: 0100 0049 | ba06 6d55 | 83fe 7f00 | 0041 803a | 000f 844c | 0000 0048 

  0x0000025e5127ac34: ;   {metadata({method} {0x0000025e00434c38} 'defineClass1' '(Ljava/lang/ClassLoader;Ljava/lang/String;[BIILjava/security/ProtectionDomain;Ljava/lang/String;)Ljava/lang/Class;' in 'java/lang/ClassLoader')}
  0x0000025e5127ac34: 8945 f848 | ba30 4c43 | 005e 0200 | 0049 8bcf | 4883 ec20 | 40f6 c40f | 0f84 1900 | 0000 4883 
  0x0000025e5127ac54: ;   {runtime_call}
  0x0000025e5127ac54: ec08 48b8 | e0ea fe82 | fe7f 0000 | ffd0 4883 | c408 e90c 

  0x0000025e5127ac68: ;   {runtime_call}
  0x0000025e5127ac68: 0000 0048 | b8e0 eafe | 82fe 7f00 | 00ff d048 | 83c4 2048 | 8b45 f849 | c787 a003 | 0000 0000 
  0x0000025e5127ac88: 0000 49c7 | 87a8 0300 | 0000 0000 | 00c5 f877 | 4885 c00f | 8430 0100 | 00a8 030f | 8508 0000 
  0x0000025e5127aca8: 0048 8b00 | e920 0100 | 00a8 010f | 8509 0000 | 0048 8b40 | fee9 0f01 | 0000 488b | 40ff 4180 
  0x0000025e5127acc8: 7f40 000f | 8400 0100 | 0048 83f8 | 000f 84f6 | 0000 0049 | 8b4f 2848 | 83f9 000f | 8414 0000 
  0x0000025e5127ace8: 0048 83e9 | 0849 894f | 2849 034f | 3848 8901 | e9d4 0000 | 0048 83ec | 7048 8904 | 2448 894c 
  0x0000025e5127ad08: 2408 4889 | 5424 104c | 8944 2418 | 4c89 4c24 | 204c 8954 | 2428 4c89 | 5c24 30c5 | fb11 4424 
  0x0000025e5127ad28: 40c5 fb11 | 4c24 48c5 | fb11 5424 | 50c5 fb11 | 5c24 58c5 | fb11 6424 | 60c5 fb11 | 6c24 6849 
  0x0000025e5127ad48: 8bd7 488b | c848 83ec | 2040 f6c4 | 0f0f 8419 | 0000 0048 

  0x0000025e5127ad5c: ;   {runtime_call}
  0x0000025e5127ad5c: 83ec 0848 | b820 a4bd | 82fe 7f00 | 00ff d048 | 83c4 08e9 | 0c00 0000 

  0x0000025e5127ad74: ;   {runtime_call}
  0x0000025e5127ad74: 48b8 20a4 | bd82 fe7f | 0000 ffd0 | 4883 c420 | c5fb 106c | 2468 c5fb | 1064 2460 | c5fb 105c 
  0x0000025e5127ad94: 2458 c5fb | 1054 2450 | c5fb 104c | 2448 c5fb | 1044 2440 | 4c8b 5c24 | 304c 8b54 | 2428 4c8b 
  0x0000025e5127adb4: 4c24 204c | 8b44 2418 | 488b 5424 | 1048 8b4c | 2408 488b | 0424 4883 | c470 c5f8 | 7749 8b8f 
  0x0000025e5127add4: 3004 0000 | c781 0001 | 0000 0000 | 0000 c949 | 837f 0800 | 0f85 0100 

  0x0000025e5127adec: ;   {runtime_call StubRoutines (initial stubs)}
  0x0000025e5127adec: 0000 c3e9 | 0c61 a0ff | c5f8 7748 | 8945 f84c | 8be4 4883 | ec20 4883 

  0x0000025e5127ae04: ;   {runtime_call}
  0x0000025e5127ae04: e4f0 48b8 | 3022 ff82 | fe7f 0000 | ffd0 498b | e44d 33e4 | 488b 45f8 | e9fe fdff | fff4 f4f4 
  0x0000025e5127ae24: f4f4 f4f4 
[/MachCode]


Compiled method (c1) 19729 1187       3       java.lang.ClassLoader::defineClass (43 bytes)
 total in heap  [0x0000025e4995b990,0x0000025e4995c2e0] = 2384
 relocation     [0x0000025e4995baf0,0x0000025e4995bb90] = 160
 main code      [0x0000025e4995bba0,0x0000025e4995c038] = 1176
 stub code      [0x0000025e4995c038,0x0000025e4995c0b0] = 120
 metadata       [0x0000025e4995c0b0,0x0000025e4995c0e0] = 48
 scopes data    [0x0000025e4995c0e0,0x0000025e4995c1d0] = 240
 scopes pcs     [0x0000025e4995c1d0,0x0000025e4995c2b0] = 224
 dependencies   [0x0000025e4995c2b0,0x0000025e4995c2b8] = 8
 nul chk table  [0x0000025e4995c2b8,0x0000025e4995c2e0] = 40

[Constant Pool (empty)]

[MachCode]
[Entry Point]
  # {method} {0x0000025e00434fb8} 'defineClass' '(Ljava/lang/String;[BIILjava/security/ProtectionDomain;)Ljava/lang/Class;' in 'java/lang/ClassLoader'
  # this:     rdx:rdx   = 'java/lang/ClassLoader'
  # parm0:    r8:r8     = 'java/lang/String'
  # parm1:    r9:r9     = '[B'
  # parm2:    rdi       = int
  # parm3:    rsi       = int
  # parm4:    rcx:rcx   = 'java/security/ProtectionDomain'
  #           [sp+0xc0]  (sp of caller)
  0x0000025e4995bba0: 448b 5208 | 49bb 0000 | 0000 5e02 | 0000 4d03 | d34c 3bd0 

  0x0000025e4995bbb4: ;   {runtime_call ic_miss_stub}
  0x0000025e4995bbb4: 0f85 c62b | 3707 660f | 1f44 0000 
[Verified Entry Point]
  0x0000025e4995bbc0: 8984 2400 | 80ff ff55 | 4881 ecb0 | 0000 0090 | 4181 7f20 | 0100 0000 

  0x0000025e4995bbd8: ;   {runtime_call StubRoutines (final stubs)}
  0x0000025e4995bbd8: 7405 e8c1 | a835 0748 | 8954 2478 

  0x0000025e4995bbe4: ;   {metadata(method data for {method} {0x0000025e00434fb8} 'defineClass' '(Ljava/lang/String;[BIILjava/security/ProtectionDomain;)Ljava/lang/Class;' in 'java/lang/ClassLoader')}
  0x0000025e4995bbe4: 48bb 0053 | 145e 5e02 | 0000 8b83 | cc00 0000 | 83c0 0289 | 83cc 0000 | 0025 fe07 | 0000 85c0 
  0x0000025e4995bc04: 0f84 5003 | 0000 89b4 | 2494 0000 | 0089 bc24 | 9000 0000 | 4c89 8c24 | 8800 0000 

  0x0000025e4995bc20: ;   {metadata(method data for {method} {0x0000025e00434fb8} 'defineClass' '(Ljava/lang/String;[BIILjava/security/ProtectionDomain;)Ljava/lang/Class;' in 'java/lang/ClassLoader')}
  0x0000025e4995bc20: 488b da48 | b800 5314 | 5e5e 0200 | 0048 8380 | 1001 0000 | 0149 8bd8 | 4c8b c34c | 8bc9 488b 
  0x0000025e4995bc40: ca48 8bd1 | 4889 9c24 | 8000 0000 

  0x0000025e4995bc4c: ;   {optimized virtual_call}
  0x0000025e4995bc4c: 6666 90e8 

  0x0000025e4995bc50: ; ImmutableOopMap {[120]=Oop [128]=Oop [136]=Oop }
                      ;*invokevirtual preDefineClass {reexecute=0 rethrow=0 return_oop=0}
                      ; - java.lang.ClassLoader::defineClass@4
  0x0000025e4995bc50: 4c0a 0000 

  0x0000025e4995bc54: ;   {other}
  0x0000025e4995bc54: 0f1f 8400 | c402 0000 | 4889 8424 | 9800 0000 | 488b 5424 

  0x0000025e4995bc68: ;   {metadata(method data for {method} {0x0000025e00434fb8} 'defineClass' '(Ljava/lang/String;[BIILjava/security/ProtectionDomain;)Ljava/lang/Class;' in 'java/lang/ClassLoader')}
  0x0000025e4995bc68: 7849 b800 | 5314 5e5e | 0200 0049 | 8380 4801 

  0x0000025e4995bc78: ;   {metadata(method data for {method} {0x0000025e00434ca0} 'defineClassSourceLocation' '(Ljava/security/ProtectionDomain;)Ljava/lang/String;' in 'java/lang/ClassLoader')}
  0x0000025e4995bc78: 0000 0149 | b8b8 d719 | 5e5e 0200 | 0041 8b90 | cc00 0000 | 83c2 0241 | 8990 cc00 | 0000 81e2 
  0x0000025e4995bc98: feff 1f00 | 85d2 0f84 | d702 0000 

  0x0000025e4995bca4: ; implicit exception: dispatches to 0x0000025e4995bf9c
  0x0000025e4995bca4: 483b 004c 

  0x0000025e4995bca8: ;   {metadata(method data for {method} {0x0000025e00434ca0} 'defineClassSourceLocation' '(Ljava/security/ProtectionDomain;)Ljava/lang/String;' in 'java/lang/ClassLoader')}
  0x0000025e4995bca8: 8bc0 48ba | b8d7 195e | 5e02 0000 | 4883 8210 | 0100 0001 | 448b 4010 

  0x0000025e4995bcc0: ;   {metadata(method data for {method} {0x0000025e00434ca0} 'defineClassSourceLocation' '(Ljava/security/ProtectionDomain;)Ljava/lang/String;' in 'java/lang/ClassLoader')}
  0x0000025e4995bcc0: 4d85 c048 | bab8 d719 | 5e5e 0200 | 0048 c7c6 | 5801 0000 | 7507 48c7 | c648 0100 | 0048 8b3c 
  0x0000025e4995bce0: 3248 8d7f | 0148 893c | 320f 850f 

  0x0000025e4995bcec: ;   {oop(nullptr)}
  0x0000025e4995bcec: 0000 0048 | bb00 0000 | 0000 0000 | 00e9 a101 | 0000 493b | 0049 8bd0 

  0x0000025e4995bd04: ;   {metadata(method data for {method} {0x0000025e00434ca0} 'defineClassSourceLocation' '(Ljava/security/ProtectionDomain;)Ljava/lang/String;' in 'java/lang/ClassLoader')}
  0x0000025e4995bd04: 48be b8d7 | 195e 5e02 | 0000 4883 | 8668 0100 | 0001 418b | 500c 4885 

  0x0000025e4995bd1c: ;   {metadata(method data for {method} {0x0000025e00434ca0} 'defineClassSourceLocation' '(Ljava/security/ProtectionDomain;)Ljava/lang/String;' in 'java/lang/ClassLoader')}
  0x0000025e4995bd1c: d248 beb8 | d719 5e5e | 0200 0048 | c7c7 b001 | 0000 7507 | 48c7 c7a0 | 0100 0048 | 8b1c 3e48 
  0x0000025e4995bd3c: 8d5b 0148 | 891c 3e0f | 850f 0000 

  0x0000025e4995bd48: ;   {oop(nullptr)}
  0x0000025e4995bd48: 0048 bb00 | 0000 0000 | 0000 00e9 | 4701 0000 

  0x0000025e4995bd58: ;   {metadata(method data for {method} {0x0000025e00434ca0} 'defineClassSourceLocation' '(Ljava/security/ProtectionDomain;)Ljava/lang/String;' in 'java/lang/ClassLoader')}
  0x0000025e4995bd58: 48be b8d7 | 195e 5e02 | 0000 4883 | 86c0 0100 | 0001 483b | 024c 8bc2 

  0x0000025e4995bd70: ;   {metadata(method data for {method} {0x0000025e00434ca0} 'defineClassSourceLocation' '(Ljava/security/ProtectionDomain;)Ljava/lang/String;' in 'java/lang/ClassLoader')}
  0x0000025e4995bd70: 48be b8d7 | 195e 5e02 | 0000 4883 | 86f8 0100 

  0x0000025e4995bd80: ;   {metadata(method data for {method} {0x0000025e0001abf0} 'toString' '()Ljava/lang/String;' in 'java/net/URL')}
  0x0000025e4995bd80: 0001 49b8 | 60c7 0d5e | 5e02 0000 | 418b b0cc | 0000 0083 | c602 4189 | b0cc 0000 | 0081 e6fe 
  0x0000025e4995bda0: ff1f 0085 | f60f 8400 | 0200 004c 

  0x0000025e4995bdac: ;   {metadata(method data for {method} {0x0000025e0001abf0} 'toString' '()Ljava/lang/String;' in 'java/net/URL')}
  0x0000025e4995bdac: 8bc2 48be | 60c7 0d5e | 5e02 0000 | 4883 8610 | 0100 0001 

  0x0000025e4995bdc0: ;   {metadata(method data for {method} {0x0000025e00428840} 'toExternalForm' '()Ljava/lang/String;' in 'java/net/URL')}
  0x0000025e4995bdc0: 49b8 e8c8 | 0d5e 5e02 | 0000 418b | b0cc 0000 | 0083 c602 | 4189 b0cc | 0000 0081 | e6fe ff1f 
  0x0000025e4995bde0: 0085 f60f | 84e3 0100 | 008b 7238 

  0x0000025e4995bdec: ; implicit exception: dispatches to 0x0000025e4995bfed
  0x0000025e4995bdec: 483b 064c 

  0x0000025e4995bdf0: ;   {metadata(method data for {method} {0x0000025e00428840} 'toExternalForm' '()Ljava/lang/String;' in 'java/net/URL')}
  0x0000025e4995bdf0: 8bc6 48bf | e8c8 0d5e | 5e02 0000 | 458b 4008 | 49ba 0000 | 0000 5e02 | 0000 4d03 | c24c 3b87 
  0x0000025e4995be10: 2001 0000 | 750d 4883 | 8728 0100 | 0001 e960 | 0000 004c | 3b87 3001 | 0000 750d | 4883 8738 
  0x0000025e4995be30: 0100 0001 | e94a 0000 | 0048 83bf | 2001 0000 | 0075 174c | 8987 2001 | 0000 48c7 | 8728 0100 
  0x0000025e4995be50: 0001 0000 | 00e9 2900 | 0000 4883 | bf30 0100 | 0000 7517 | 4c89 8730 | 0100 0048 | c787 3801 
  0x0000025e4995be70: 0000 0100 | 0000 e908 | 0000 0048 | 8387 1001 | 0000 014c | 8bc2 488b | d666 0f1f 

  0x0000025e4995be8c: ;   {optimized virtual_call}
  0x0000025e4995be8c: 4400 00e8 

  0x0000025e4995be90: ; ImmutableOopMap {[120]=Oop [128]=Oop [136]=Oop [152]=Oop }
                      ;*invokevirtual toExternalForm {reexecute=0 rethrow=0 return_oop=0}
                      ; - java.net.URL::toExternalForm@5
                      ; - java.net.URL::toString@1
                      ; - java.lang.ClassLoader::defineClassSourceLocation@22
                      ; - java.lang.ClassLoader::defineClass@12
  0x0000025e4995be90: 8c01 f8ff 

  0x0000025e4995be94: ;   {other}
  0x0000025e4995be94: 0f1f 8400 | 0405 0001 | 488b d848 | 8b84 2498 | 0000 008b | b424 9400 | 0000 8bbc | 2490 0000 
  0x0000025e4995beb4: 004c 8b8c | 2488 0000 | 004c 8b84 | 2480 0000 | 0048 8b54 

  0x0000025e4995bec8: ;   {metadata(method data for {method} {0x0000025e00434fb8} 'defineClass' '(Ljava/lang/String;[BIILjava/security/ProtectionDomain;)Ljava/lang/Class;' in 'java/lang/ClassLoader')}
  0x0000025e4995bec8: 2478 48b9 | 0053 145e | 5e02 0000 | 4883 8180 | 0100 0001 | 4c8b da49 | 8bd3 488b | c848 891c 
  0x0000025e4995bee8: 2466 0f1f 

  0x0000025e4995beec: ;   {static_call}
  0x0000025e4995beec: 4400 00e8 

  0x0000025e4995bef0: ; ImmutableOopMap {[120]=Oop [152]=Oop }
                      ;*invokestatic defineClass1 {reexecute=0 rethrow=0 return_oop=0}
                      ; - java.lang.ClassLoader::defineClass@27
  0x0000025e4995bef0: 6ceb 9107 

  0x0000025e4995bef4: ;   {other}
  0x0000025e4995bef4: 0f1f 8400 | 6405 0002 | 488b 5424 

  0x0000025e4995bf00: ;   {metadata(method data for {method} {0x0000025e00434fb8} 'defineClass' '(Ljava/lang/String;[BIILjava/security/ProtectionDomain;)Ljava/lang/Class;' in 'java/lang/ClassLoader')}
  0x0000025e4995bf00: 7849 b800 | 5314 5e5e | 0200 0049 | 8380 9001 | 0000 014c | 8bc0 4c8b | 8c24 9800 | 0000 488b 
  0x0000025e4995bf20: 5424 7848 | 8984 24a0 | 0000 000f 

  0x0000025e4995bf2c: ;   {optimized virtual_call}
  0x0000025e4995bf2c: 1f40 00e8 

  0x0000025e4995bf30: ; ImmutableOopMap {[160]=Oop }
                      ;*invokevirtual postDefineClass {reexecute=0 rethrow=0 return_oop=0}
                      ; - java.lang.ClassLoader::defineClass@37
  0x0000025e4995bf30: ec77 f9ff 

  0x0000025e4995bf34: ;   {other}
  0x0000025e4995bf34: 0f1f 8400 | a405 0003 | 488b 8424 | a000 0000 | 4881 c4b0 | 0000 005d 

  0x0000025e4995bf4c: ;   {poll_return}
  0x0000025e4995bf4c: 493b a750 | 0400 000f | 8799 0000 

  0x0000025e4995bf58: ;   {metadata({method} {0x0000025e00434fb8} 'defineClass' '(Ljava/lang/String;[BIILjava/security/ProtectionDomain;)Ljava/lang/Class;' in 'java/lang/ClassLoader')}
  0x0000025e4995bf58: 00c3 49ba | b04f 4300 | 5e02 0000 | 4c89 5424 | 0848 c704 | 24ff ffff 

  0x0000025e4995bf70: ;   {runtime_call counter_overflow Runtime1 stub}
  0x0000025e4995bf70: ffe8 8ac1 

  0x0000025e4995bf74: ; ImmutableOopMap {rdx=Oop r8=Oop r9=Oop rcx=Oop [120]=Oop }
                      ;*synchronization entry
                      ; - java.lang.ClassLoader::defineClass@-1
  0x0000025e4995bf74: 4407 e98f 

  0x0000025e4995bf78: ;   {metadata({method} {0x0000025e00434ca0} 'defineClassSourceLocation' '(Ljava/security/ProtectionDomain;)Ljava/lang/String;' in 'java/lang/ClassLoader')}
  0x0000025e4995bf78: fcff ff49 | ba98 4c43 | 005e 0200 | 004c 8954 | 2408 48c7 | 0424 ffff 

  0x0000025e4995bf90: ;   {runtime_call counter_overflow Runtime1 stub}
  0x0000025e4995bf90: ffff e869 

  0x0000025e4995bf94: ; ImmutableOopMap {rax=Oop [120]=Oop [128]=Oop [136]=Oop [152]=Oop }
                      ;*synchronization entry
                      ; - java.lang.ClassLoader::defineClassSourceLocation@-1
                      ; - java.lang.ClassLoader::defineClass@12
  0x0000025e4995bf94: c144 07e9 | 08fd ffff 

  0x0000025e4995bf9c: ;   {runtime_call throw_null_pointer_exception Runtime1 stub}
  0x0000025e4995bf9c: e8df 843b 

  0x0000025e4995bfa0: ; ImmutableOopMap {rax=Oop [120]=Oop [128]=Oop [136]=Oop [152]=Oop }
                      ;*invokevirtual getCodeSource {reexecute=0 rethrow=0 return_oop=0}
                      ; - java.lang.ClassLoader::defineClassSourceLocation@1
                      ; - java.lang.ClassLoader::defineClass@12
                      ;   {runtime_call throw_null_pointer_exception Runtime1 stub}
  0x0000025e4995bfa0: 07e8 da84 

  0x0000025e4995bfa4: ; ImmutableOopMap {rax=Oop r8=Oop [120]=Oop [128]=Oop [136]=Oop [152]=Oop }
                      ;*invokevirtual getLocation {reexecute=0 rethrow=0 return_oop=0}
                      ; - java.lang.ClassLoader::defineClassSourceLocation@12
                      ; - java.lang.ClassLoader::defineClass@12
                      ;   {runtime_call throw_null_pointer_exception Runtime1 stub}
  0x0000025e4995bfa4: 3b07 e8d5 

  0x0000025e4995bfa8: ; ImmutableOopMap {rdx=Oop [120]=Oop [128]=Oop [136]=Oop [152]=Oop }
                      ;*invokevirtual toString {reexecute=0 rethrow=0 return_oop=0}
                      ; - java.lang.ClassLoader::defineClassSourceLocation@22
                      ; - java.lang.ClassLoader::defineClass@12
                      ;   {metadata({method} {0x0000025e0001abf0} 'toString' '()Ljava/lang/String;' in 'java/net/URL')}
  0x0000025e4995bfa8: 843b 0749 | bae8 ab01 | 005e 0200 | 004c 8954 | 2408 48c7 | 0424 ffff 

  0x0000025e4995bfc0: ;   {runtime_call counter_overflow Runtime1 stub}
  0x0000025e4995bfc0: ffff e839 

  0x0000025e4995bfc4: ; ImmutableOopMap {rdx=Oop [120]=Oop [128]=Oop [136]=Oop [152]=Oop }
                      ;*synchronization entry
                      ; - java.net.URL::toString@-1
                      ; - java.lang.ClassLoader::defineClassSourceLocation@22
                      ; - java.lang.ClassLoader::defineClass@12
  0x0000025e4995bfc4: c144 07e9 | dffd ffff 

  0x0000025e4995bfcc: ;   {metadata({method} {0x0000025e00428840} 'toExternalForm' '()Ljava/lang/String;' in 'java/net/URL')}
  0x0000025e4995bfcc: 49ba 3888 | 4200 5e02 | 0000 4c89 | 5424 0848 | c704 24ff 

  0x0000025e4995bfe0: ;   {runtime_call counter_overflow Runtime1 stub}
  0x0000025e4995bfe0: ffff ffe8 

  0x0000025e4995bfe4: ; ImmutableOopMap {rdx=Oop [120]=Oop [128]=Oop [136]=Oop [152]=Oop }
                      ;*synchronization entry
                      ; - java.net.URL::toExternalForm@-1
                      ; - java.net.URL::toString@1
                      ; - java.lang.ClassLoader::defineClassSourceLocation@22
                      ; - java.lang.ClassLoader::defineClass@12
  0x0000025e4995bfe4: 18c1 4407 | e9fc fdff 

  0x0000025e4995bfec: ;   {runtime_call throw_null_pointer_exception Runtime1 stub}
  0x0000025e4995bfec: ffe8 8e84 

  0x0000025e4995bff0: ; ImmutableOopMap {rdx=Oop rsi=Oop [120]=Oop [128]=Oop [136]=Oop [152]=Oop }
                      ;*invokevirtual toExternalForm {reexecute=0 rethrow=0 return_oop=0}
                      ; - java.net.URL::toExternalForm@5
                      ; - java.net.URL::toString@1
                      ; - java.lang.ClassLoader::defineClassSourceLocation@22
                      ; - java.lang.ClassLoader::defineClass@12
                      ;   {internal_word}
  0x0000025e4995bff0: 3b07 49ba | 4cbf 9549 | 5e02 0000 | 4d89 9768 

  0x0000025e4995c000: ;   {runtime_call SafepointBlob}
  0x0000025e4995c000: 0400 00e9 | 7894 3707 | 498b 8700 | 0500 0049 | c787 0005 | 0000 0000 | 0000 49c7 | 8708 0500 
  0x0000025e4995c020: 0000 0000 | 0048 81c4 | b000 0000 

  0x0000025e4995c02c: ;   {runtime_call unwind_exception Runtime1 stub}
  0x0000025e4995c02c: 5de9 4e93 | 3b07 f4f4 | f4f4 f4f4 
[Stub Code]
  0x0000025e4995c038: ;   {no_reloc}
  0x0000025e4995c038: 0f1f 4400 

  0x0000025e4995c03c: ;   {static_stub}
  0x0000025e4995c03c: 0048 bb00 | 0000 0000 

  0x0000025e4995c044: ;   {runtime_call nmethod}
  0x0000025e4995c044: 0000 00e9 | fbff ffff 

  0x0000025e4995c04c: ;   {static_stub}
  0x0000025e4995c04c: 48bb 0000 | 0000 0000 

  0x0000025e4995c054: ;   {runtime_call nmethod}
  0x0000025e4995c054: 0000 e9fb 

  0x0000025e4995c058: ;   {static_stub}
  0x0000025e4995c058: ffff ff48 | bb00 0000 | 0000 0000 

  0x0000025e4995c064: ;   {runtime_call nmethod}
  0x0000025e4995c064: 00e9 fbff 

  0x0000025e4995c068: ;   {static_stub}
  0x0000025e4995c068: ffff 48bb | 0000 0000 | 0000 0000 

  0x0000025e4995c074: ;   {runtime_call nmethod}
  0x0000025e4995c074: e9fb ffff 

  0x0000025e4995c078: ;   {runtime_call handle_exception_from_callee Runtime1 stub}
  0x0000025e4995c078: ffe8 0266 

  0x0000025e4995c07c: ;   {external_word}
  0x0000025e4995c07c: 3b07 48b9 | 5063 2b83 | fe7f 0000 | 4883 e4f0 

  0x0000025e4995c08c: ;   {runtime_call}
  0x0000025e4995c08c: 48b8 c0c9 | ed82 fe7f | 0000 ffd0 

  0x0000025e4995c098: ;   {section_word}
  0x0000025e4995c098: f449 ba99 | c095 495e | 0200 0041 

  0x0000025e4995c0a4: ;   {runtime_call DeoptimizationBlob}
  0x0000025e4995c0a4: 52e9 7686 | 3707 f4f4 | f4f4 f4f4 
[/MachCode]


Compiled method (c1) 19772  941       3       java.security.SecureClassLoader::defineClass (16 bytes)
 total in heap  [0x0000025e498f3090,0x0000025e498f3490] = 1024
 relocation     [0x0000025e498f31f0,0x0000025e498f3240] = 80
 main code      [0x0000025e498f3240,0x0000025e498f3398] = 344
 stub code      [0x0000025e498f3398,0x0000025e498f33e8] = 80
 metadata       [0x0000025e498f33e8,0x0000025e498f33f0] = 8
 scopes data    [0x0000025e498f33f0,0x0000025e498f3438] = 72
 scopes pcs     [0x0000025e498f3438,0x0000025e498f3488] = 80
 dependencies   [0x0000025e498f3488,0x0000025e498f3490] = 8

[Constant Pool (empty)]

[MachCode]
[Entry Point]
  # {method} {0x0000025e0004e0e8} 'defineClass' '(Ljava/lang/String;[BIILjava/security/CodeSource;)Ljava/lang/Class;' in 'java/security/SecureClassLoader'
  # this:     rdx:rdx   = 'java/security/SecureClassLoader'
  # parm0:    r8:r8     = 'java/lang/String'
  # parm1:    r9:r9     = '[B'
  # parm2:    rdi       = int
  # parm3:    rsi       = int
  # parm4:    rcx:rcx   = 'java/security/CodeSource'
  #           [sp+0x80]  (sp of caller)
  0x0000025e498f3240: 448b 5208 | 49bb 0000 | 0000 5e02 | 0000 4d03 | d34c 3bd0 

  0x0000025e498f3254: ;   {runtime_call ic_miss_stub}
  0x0000025e498f3254: 0f85 26b5 | 3d07 660f | 1f44 0000 
[Verified Entry Point]
  0x0000025e498f3260: 8984 2400 | 80ff ff55 | 4883 ec70 | 4181 7f20 | 0100 0000 

  0x0000025e498f3274: ;   {runtime_call StubRoutines (final stubs)}
  0x0000025e498f3274: 7405 e825 

  0x0000025e498f3278: ;   {metadata(method data for {method} {0x0000025e0004e0e8} 'defineClass' '(Ljava/lang/String;[BIILjava/security/CodeSource;)Ljava/lang/Class;' in 'java/security/SecureClassLoader')}
  0x0000025e498f3278: 323c 0748 | bb10 4f14 | 5e5e 0200 | 008b 83cc | 0000 0083 | c002 8983 | cc00 0000 | 25fe 0700 
  0x0000025e498f3298: 0085 c00f | 8496 0000 | 0089 7424 | 5c89 7c24 | 584c 894c | 2450 4c89 | 4424 4848 

  0x0000025e498f32b4: ;   {metadata(method data for {method} {0x0000025e0004e0e8} 'defineClass' '(Ljava/lang/String;[BIILjava/security/CodeSource;)Ljava/lang/Class;' in 'java/security/SecureClassLoader')}
  0x0000025e498f32b4: 8bda 48b8 | 104f 145e | 5e02 0000 | 4883 8010 | 0100 0001 | 4c8b c148 | 8bc2 488b | d048 8944 
  0x0000025e498f32d4: ;   {optimized virtual_call}
  0x0000025e498f32d4: 2440 90e8 

  0x0000025e498f32d8: ; ImmutableOopMap {[64]=Oop [72]=Oop [80]=Oop }
                      ;*invokevirtual getProtectionDomain {reexecute=0 rethrow=0 return_oop=0}
                      ; - java.security.SecureClassLoader::defineClass@9
  0x0000025e498f32d8: c470 0600 

  0x0000025e498f32dc: ;   {other}
  0x0000025e498f32dc: 0f1f 8400 | 4c02 0000 | 488b 5424 

  0x0000025e498f32e8: ;   {metadata(method data for {method} {0x0000025e0004e0e8} 'defineClass' '(Ljava/lang/String;[BIILjava/security/CodeSource;)Ljava/lang/Class;' in 'java/security/SecureClassLoader')}
  0x0000025e498f32e8: 4049 b810 | 4f14 5e5e | 0200 0049 | 8380 4801 | 0000 014c | 8b44 2448 | 4c8b 4c24 | 508b 7c24 
  0x0000025e498f3308: 588b 7424 | 5c48 8bc8 | 488b 5424 

  0x0000025e498f3314: ;   {optimized virtual_call}
  0x0000025e498f3314: 4066 90e8 

  0x0000025e498f3318: ; ImmutableOopMap {}
                      ;*invokevirtual defineClass {reexecute=0 rethrow=0 return_oop=0}
                      ; - java.security.SecureClassLoader::defineClass@12
  0x0000025e498f3318: a488 0600 

  0x0000025e498f331c: ;   {other}
  0x0000025e498f331c: 0f1f 8400 | 8c02 0001 | 4883 c470 

  0x0000025e498f3328: ;   {poll_return}
  0x0000025e498f3328: 5d49 3ba7 | 5004 0000 | 0f87 2200 

  0x0000025e498f3334: ;   {metadata({method} {0x0000025e0004e0e8} 'defineClass' '(Ljava/lang/String;[BIILjava/security/CodeSource;)Ljava/lang/Class;' in 'java/security/SecureClassLoader')}
  0x0000025e498f3334: 0000 c349 | bae0 e004 | 005e 0200 | 004c 8954 | 2408 48c7 | 0424 ffff 

  0x0000025e498f334c: ;   {runtime_call counter_overflow Runtime1 stub}
  0x0000025e498f334c: ffff e8ad 

  0x0000025e498f3350: ; ImmutableOopMap {rdx=Oop r8=Oop r9=Oop rcx=Oop }
                      ;*synchronization entry
                      ; - java.security.SecureClassLoader::defineClass@-1
  0x0000025e498f3350: 4d4b 07e9 | 49ff ffff 

  0x0000025e498f3358: ;   {internal_word}
  0x0000025e498f3358: 49ba 2933 | 8f49 5e02 | 0000 4d89 | 9768 0400 

  0x0000025e498f3368: ;   {runtime_call SafepointBlob}
  0x0000025e498f3368: 00e9 1221 | 3e07 498b | 8700 0500 | 0049 c787 | 0005 0000 | 0000 0000 | 49c7 8708 | 0500 0000 
  0x0000025e498f3388: 0000 0048 | 83c4 705d 

  0x0000025e498f3390: ;   {runtime_call unwind_exception Runtime1 stub}
  0x0000025e498f3390: e9eb 1f42 | 07f4 f4f4 
[Stub Code]
  0x0000025e498f3398: ;   {no_reloc}
  0x0000025e498f3398: 48bb 30e0 | 0400 5e02 

  0x0000025e498f33a0: ;   {runtime_call I2C/C2I adapters}
  0x0000025e498f33a0: 0000 e940 

  0x0000025e498f33a4: ;   {static_stub}
  0x0000025e498f33a4: 0c3e 0748 | bbb0 4f43 | 005e 0200 

  0x0000025e498f33b0: ;   {runtime_call I2C/C2I adapters}
  0x0000025e498f33b0: 00e9 3ff2 

  0x0000025e498f33b4: ;   {runtime_call handle_exception_from_callee Runtime1 stub}
  0x0000025e498f33b4: 3c07 e8c5 

  0x0000025e498f33b8: ;   {external_word}
  0x0000025e498f33b8: f241 0748 | b950 632b | 83fe 7f00 | 0048 83e4 

  0x0000025e498f33c8: ;   {runtime_call}
  0x0000025e498f33c8: f048 b8c0 | c9ed 82fe | 7f00 00ff 

  0x0000025e498f33d4: ;   {section_word}
  0x0000025e498f33d4: d0f4 49ba | d633 8f49 | 5e02 0000 

  0x0000025e498f33e0: ;   {runtime_call DeoptimizationBlob}
  0x0000025e498f33e0: 4152 e939 | 133e 07f4 
[/MachCode]


---------------  P R O C E S S  ---------------

Threads class SMR info:
_java_thread_list=0x0000025e44117560, length=22, elements={
0x0000025e44148fe0, 0x0000025e5d64f520, 0x0000025e5d6516b0, 0x0000025e5d656f60,
0x0000025e5d655520, 0x0000025e5d658310, 0x0000025e5d6575f0, 0x0000025e5d65e560,
0x0000025e5d660a40, 0x0000025e5d656240, 0x0000025e5d655bb0, 0x0000025e5d654e90,
0x0000025e6214ace0, 0x0000025e6214b370, 0x0000025e6214ba00, 0x0000025e6214d440,
0x0000025e6214c090, 0x0000025e62bd8790, 0x0000025e62149fc0, 0x0000025e6214dad0,
0x0000025e6214c720, 0x0000025e6214a650
}

Java Threads: ( => current thread )
  0x0000025e44148fe0 JavaThread "main"                              [_thread_blocked, id=58740, stack(0x000000bc6c400000,0x000000bc6c500000) (1024K)]
  0x0000025e5d64f520 JavaThread "Reference Handler"          daemon [_thread_blocked, id=32720, stack(0x000000bc6cc00000,0x000000bc6cd00000) (1024K)]
  0x0000025e5d6516b0 JavaThread "Finalizer"                  daemon [_thread_blocked, id=46520, stack(0x000000bc6cd00000,0x000000bc6ce00000) (1024K)]
  0x0000025e5d656f60 JavaThread "Signal Dispatcher"          daemon [_thread_blocked, id=64600, stack(0x000000bc6ce00000,0x000000bc6cf00000) (1024K)]
  0x0000025e5d655520 JavaThread "Attach Listener"            daemon [_thread_blocked, id=63820, stack(0x000000bc6cf00000,0x000000bc6d000000) (1024K)]
  0x0000025e5d658310 JavaThread "Service Thread"             daemon [_thread_blocked, id=59544, stack(0x000000bc6d000000,0x000000bc6d100000) (1024K)]
  0x0000025e5d6575f0 JavaThread "Monitor Deflation Thread"   daemon [_thread_blocked, id=18356, stack(0x000000bc6d100000,0x000000bc6d200000) (1024K)]
  0x0000025e5d65e560 JavaThread "C2 CompilerThread0"         daemon [_thread_blocked, id=64524, stack(0x000000bc6d200000,0x000000bc6d300000) (1024K)]
  0x0000025e5d660a40 JavaThread "C1 CompilerThread0"         daemon [_thread_blocked, id=64880, stack(0x000000bc6d300000,0x000000bc6d400000) (1024K)]
  0x0000025e5d656240 JavaThread "Common-Cleaner"             daemon [_thread_blocked, id=57284, stack(0x000000bc6d400000,0x000000bc6d500000) (1024K)]
  0x0000025e5d655bb0 JavaThread "Notification Thread"        daemon [_thread_blocked, id=59460, stack(0x000000bc6d500000,0x000000bc6d600000) (1024K)]
  0x0000025e5d654e90 JavaThread "Daemon health stats"               [_thread_blocked, id=42184, stack(0x000000bc6db00000,0x000000bc6dc00000) (1024K)]
  0x0000025e6214ace0 JavaThread "Incoming local TCP Connector on port 50967"        [_thread_in_native, id=62120, stack(0x000000bc6dc00000,0x000000bc6dd00000) (1024K)]
  0x0000025e6214b370 JavaThread "Daemon periodic checks"            [_thread_blocked, id=28704, stack(0x000000bc6dd00000,0x000000bc6de00000) (1024K)]
  0x0000025e6214ba00 JavaThread "Daemon"                            [_thread_blocked, id=63996, stack(0x000000bc6de00000,0x000000bc6df00000) (1024K)]
  0x0000025e6214d440 JavaThread "Handler for socket connection from /127.0.0.1:50967 to /127.0.0.1:50970"        [_thread_in_native, id=65128, stack(0x000000bc6df00000,0x000000bc6e000000) (1024K)]
  0x0000025e6214c090 JavaThread "Cancel handler"                    [_thread_blocked, id=52508, stack(0x000000bc6e000000,0x000000bc6e100000) (1024K)]
  0x0000025e62bd8790 JavaThread "C2 CompilerThread1"         daemon [_thread_blocked, id=51472, stack(0x000000bc6e100000,0x000000bc6e200000) (1024K)]
=>0x0000025e62149fc0 JavaThread "Daemon worker"                     [_thread_in_vm, id=28320, stack(0x000000bc6e200000,0x000000bc6e300000) (1024K)]
  0x0000025e6214dad0 JavaThread "Asynchronous log dispatcher for DefaultDaemonConnection: socket connection from /127.0.0.1:50967 to /127.0.0.1:50970"        [_thread_blocked, id=58924, stack(0x000000bc6e300000,0x000000bc6e400000) (1024K)]
  0x0000025e6214c720 JavaThread "Stdin handler"                     [_thread_blocked, id=27444, stack(0x000000bc6e400000,0x000000bc6e500000) (1024K)]
  0x0000025e6214a650 JavaThread "Daemon client event forwarder"        [_thread_blocked, id=7456, stack(0x000000bc6e500000,0x000000bc6e600000) (1024K)]
Total: 22

Other Threads:
  0x0000025e5d635270 VMThread "VM Thread"                           [id=62504, stack(0x000000bc6cb00000,0x000000bc6cc00000) (1024K)]
  0x0000025e5d623d00 WatcherThread "VM Periodic Task Thread"        [id=25096, stack(0x000000bc6ca00000,0x000000bc6cb00000) (1024K)]
  0x0000025e46596090 WorkerThread "GC Thread#0"                     [id=23948, stack(0x000000bc6c500000,0x000000bc6c600000) (1024K)]
  0x0000025e5d9efd20 WorkerThread "GC Thread#1"                     [id=36776, stack(0x000000bc6d600000,0x000000bc6d700000) (1024K)]
  0x0000025e5d9f00d0 WorkerThread "GC Thread#2"                     [id=42920, stack(0x000000bc6d700000,0x000000bc6d800000) (1024K)]
  0x0000025e5d9f0480 WorkerThread "GC Thread#3"                     [id=59060, stack(0x000000bc6d800000,0x000000bc6d900000) (1024K)]
  0x0000025e5da2cf50 WorkerThread "GC Thread#4"                     [id=55868, stack(0x000000bc6d900000,0x000000bc6da00000) (1024K)]
  0x0000025e5da2d300 WorkerThread "GC Thread#5"                     [id=65032, stack(0x000000bc6da00000,0x000000bc6db00000) (1024K)]
  0x0000025e465a2f90 ConcurrentGCThread "G1 Main Marker"            [id=59036, stack(0x000000bc6c600000,0x000000bc6c700000) (1024K)]
  0x0000025e465a39b0 WorkerThread "G1 Conc#0"                       [id=25860, stack(0x000000bc6c700000,0x000000bc6c800000) (1024K)]
  0x0000025e4660e9b0 ConcurrentGCThread "G1 Refine#0"               [id=46204, stack(0x000000bc6c800000,0x000000bc6c900000) (1024K)]
  0x0000025e5d4f47f0 ConcurrentGCThread "G1 Service"                [id=56704, stack(0x000000bc6c900000,0x000000bc6ca00000) (1024K)]
Total: 12

Threads with active compile tasks:
Total: 0

VM state: not at safepoint (normal execution)

VM Mutex/Monitor currently owned by a thread:  ([mutex/lock_event])
[0x00007ffe8356d530] Metaspace_lock - owner thread: 0x0000025e62149fc0

Heap address: 0x00000000a0000000, size: 1536 MB, Compressed Oops mode: 32-bit

CDS archive(s) mapped at: [0x0000025e00000000-0x0000025e00ba0000-0x0000025e00ba0000), size 12189696, SharedBaseAddress: 0x0000025e00000000, ArchiveRelocationMode: 1.
Compressed class space mapped at: 0x0000025e01000000-0x0000025e41000000, reserved size: 1073741824
Narrow klass base: 0x0000025e00000000, Narrow klass shift: 0, Narrow klass range: 0x100000000

GC Precious Log:
 CardTable entry size: 512
 Card Set container configuration: InlinePtr #cards 5 size 8 Array Of Cards #cards 12 size 40 Howl #buckets 4 coarsen threshold 1843 Howl Bitmap #cards 512 size 80 coarsen threshold 460 Card regions per heap region 1 cards per card region 2048
 CPUs: 12 total, 12 available
 Memory: 16076M
 Large Page Support: Disabled
 NUMA Support: Disabled
 Compressed Oops: Enabled (32-bit)
 Heap Region Size: 1M
 Heap Min Capacity: 8M
 Heap Initial Capacity: 252M
 Heap Max Capacity: 1536M
 Pre-touch: Disabled
 Parallel Workers: 10
 Concurrent Workers: 3
 Concurrent Refinement Workers: 10
 Periodic GC: Disabled

Heap:
 garbage-first heap   total 258048K, used 46292K [0x00000000a0000000, 0x0000000100000000)
  region size 1024K, 35 young (35840K), 5 survivors (5120K)
 Metaspace       used 11217K, committed 11584K, reserved 1114112K
  class space    used 1548K, committed 1728K, reserved 1048576K

Heap Regions: E=young(eden), S=young(survivor), O=old, HS=humongous(starts), HC=humongous(continues), CS=collection set, F=free, TAMS=top-at-mark-start, PB=parsable bottom
|   0|0x00000000a0000000, 0x00000000a0100000, 0x00000000a0100000|100%|HS|  |TAMS 0x00000000a0000000| PB 0x00000000a0000000| Complete 
|   1|0x00000000a0100000, 0x00000000a0200000, 0x00000000a0200000|100%|HC|  |TAMS 0x00000000a0100000| PB 0x00000000a0100000| Complete 
|   2|0x00000000a0200000, 0x00000000a0300000, 0x00000000a0300000|100%|HC|  |TAMS 0x00000000a0200000| PB 0x00000000a0200000| Complete 
|   3|0x00000000a0300000, 0x00000000a0400000, 0x00000000a0400000|100%| O|  |TAMS 0x00000000a0300000| PB 0x00000000a0300000| Untracked 
|   4|0x00000000a0400000, 0x00000000a0500000, 0x00000000a0500000|100%| O|  |TAMS 0x00000000a0400000| PB 0x00000000a0400000| Untracked 
|   5|0x00000000a0500000, 0x00000000a0600000, 0x00000000a0600000|100%| O|  |TAMS 0x00000000a0500000| PB 0x00000000a0500000| Untracked 
|   6|0x00000000a0600000, 0x00000000a0700000, 0x00000000a0700000|100%|HS|  |TAMS 0x00000000a0600000| PB 0x00000000a0600000| Complete 
|   7|0x00000000a0700000, 0x00000000a0700000, 0x00000000a0800000|  0%| F|  |TAMS 0x00000000a0700000| PB 0x00000000a0700000| Untracked 
|   8|0x00000000a0800000, 0x00000000a0900000, 0x00000000a0900000|100%| O|  |TAMS 0x00000000a0800000| PB 0x00000000a0800000| Untracked 
|   9|0x00000000a0900000, 0x00000000a0a00000, 0x00000000a0a00000|100%| O|  |TAMS 0x00000000a0900000| PB 0x00000000a0900000| Untracked 
|  10|0x00000000a0a00000, 0x00000000a0b00000, 0x00000000a0b00000|100%| O|  |TAMS 0x00000000a0a00000| PB 0x00000000a0a00000| Untracked 
|  11|0x00000000a0b00000, 0x00000000a0c00000, 0x00000000a0c00000|100%| O|  |TAMS 0x00000000a0b00000| PB 0x00000000a0b00000| Untracked 
|  12|0x00000000a0c00000, 0x00000000a0c9a830, 0x00000000a0d00000| 60%| O|  |TAMS 0x00000000a0c00000| PB 0x00000000a0c00000| Untracked 
|  13|0x00000000a0d00000, 0x00000000a0d00000, 0x00000000a0e00000|  0%| F|  |TAMS 0x00000000a0d00000| PB 0x00000000a0d00000| Untracked 
|  14|0x00000000a0e00000, 0x00000000a0e00000, 0x00000000a0f00000|  0%| F|  |TAMS 0x00000000a0e00000| PB 0x00000000a0e00000| Untracked 
|  15|0x00000000a0f00000, 0x00000000a0f00000, 0x00000000a1000000|  0%| F|  |TAMS 0x00000000a0f00000| PB 0x00000000a0f00000| Untracked 
|  16|0x00000000a1000000, 0x00000000a1000000, 0x00000000a1100000|  0%| F|  |TAMS 0x00000000a1000000| PB 0x00000000a1000000| Untracked 
|  17|0x00000000a1100000, 0x00000000a1100000, 0x00000000a1200000|  0%| F|  |TAMS 0x00000000a1100000| PB 0x00000000a1100000| Untracked 
|  18|0x00000000a1200000, 0x00000000a1200000, 0x00000000a1300000|  0%| F|  |TAMS 0x00000000a1200000| PB 0x00000000a1200000| Untracked 
|  19|0x00000000a1300000, 0x00000000a1300000, 0x00000000a1400000|  0%| F|  |TAMS 0x00000000a1300000| PB 0x00000000a1300000| Untracked 
|  20|0x00000000a1400000, 0x00000000a1400000, 0x00000000a1500000|  0%| F|  |TAMS 0x00000000a1400000| PB 0x00000000a1400000| Untracked 
|  21|0x00000000a1500000, 0x00000000a1500000, 0x00000000a1600000|  0%| F|  |TAMS 0x00000000a1500000| PB 0x00000000a1500000| Untracked 
|  22|0x00000000a1600000, 0x00000000a1600000, 0x00000000a1700000|  0%| F|  |TAMS 0x00000000a1600000| PB 0x00000000a1600000| Untracked 
|  23|0x00000000a1700000, 0x00000000a1700000, 0x00000000a1800000|  0%| F|  |TAMS 0x00000000a1700000| PB 0x00000000a1700000| Untracked 
|  24|0x00000000a1800000, 0x00000000a1800000, 0x00000000a1900000|  0%| F|  |TAMS 0x00000000a1800000| PB 0x00000000a1800000| Untracked 
|  25|0x00000000a1900000, 0x00000000a1900000, 0x00000000a1a00000|  0%| F|  |TAMS 0x00000000a1900000| PB 0x00000000a1900000| Untracked 
|  26|0x00000000a1a00000, 0x00000000a1a00000, 0x00000000a1b00000|  0%| F|  |TAMS 0x00000000a1a00000| PB 0x00000000a1a00000| Untracked 
|  27|0x00000000a1b00000, 0x00000000a1b00000, 0x00000000a1c00000|  0%| F|  |TAMS 0x00000000a1b00000| PB 0x00000000a1b00000| Untracked 
|  28|0x00000000a1c00000, 0x00000000a1c00000, 0x00000000a1d00000|  0%| F|  |TAMS 0x00000000a1c00000| PB 0x00000000a1c00000| Untracked 
|  29|0x00000000a1d00000, 0x00000000a1d00000, 0x00000000a1e00000|  0%| F|  |TAMS 0x00000000a1d00000| PB 0x00000000a1d00000| Untracked 
|  30|0x00000000a1e00000, 0x00000000a1e00000, 0x00000000a1f00000|  0%| F|  |TAMS 0x00000000a1e00000| PB 0x00000000a1e00000| Untracked 
|  31|0x00000000a1f00000, 0x00000000a1f00000, 0x00000000a2000000|  0%| F|  |TAMS 0x00000000a1f00000| PB 0x00000000a1f00000| Untracked 
|  32|0x00000000a2000000, 0x00000000a2000000, 0x00000000a2100000|  0%| F|  |TAMS 0x00000000a2000000| PB 0x00000000a2000000| Untracked 
|  33|0x00000000a2100000, 0x00000000a2100000, 0x00000000a2200000|  0%| F|  |TAMS 0x00000000a2100000| PB 0x00000000a2100000| Untracked 
|  34|0x00000000a2200000, 0x00000000a2200000, 0x00000000a2300000|  0%| F|  |TAMS 0x00000000a2200000| PB 0x00000000a2200000| Untracked 
|  35|0x00000000a2300000, 0x00000000a2300000, 0x00000000a2400000|  0%| F|  |TAMS 0x00000000a2300000| PB 0x00000000a2300000| Untracked 
|  36|0x00000000a2400000, 0x00000000a2400000, 0x00000000a2500000|  0%| F|  |TAMS 0x00000000a2400000| PB 0x00000000a2400000| Untracked 
|  37|0x00000000a2500000, 0x00000000a2500000, 0x00000000a2600000|  0%| F|  |TAMS 0x00000000a2500000| PB 0x00000000a2500000| Untracked 
|  38|0x00000000a2600000, 0x00000000a2600000, 0x00000000a2700000|  0%| F|  |TAMS 0x00000000a2600000| PB 0x00000000a2600000| Untracked 
|  39|0x00000000a2700000, 0x00000000a2700000, 0x00000000a2800000|  0%| F|  |TAMS 0x00000000a2700000| PB 0x00000000a2700000| Untracked 
|  40|0x00000000a2800000, 0x00000000a2800000, 0x00000000a2900000|  0%| F|  |TAMS 0x00000000a2800000| PB 0x00000000a2800000| Untracked 
|  41|0x00000000a2900000, 0x00000000a2900000, 0x00000000a2a00000|  0%| F|  |TAMS 0x00000000a2900000| PB 0x00000000a2900000| Untracked 
|  42|0x00000000a2a00000, 0x00000000a2a00000, 0x00000000a2b00000|  0%| F|  |TAMS 0x00000000a2a00000| PB 0x00000000a2a00000| Untracked 
|  43|0x00000000a2b00000, 0x00000000a2b00000, 0x00000000a2c00000|  0%| F|  |TAMS 0x00000000a2b00000| PB 0x00000000a2b00000| Untracked 
|  44|0x00000000a2c00000, 0x00000000a2c00000, 0x00000000a2d00000|  0%| F|  |TAMS 0x00000000a2c00000| PB 0x00000000a2c00000| Untracked 
|  45|0x00000000a2d00000, 0x00000000a2d00000, 0x00000000a2e00000|  0%| F|  |TAMS 0x00000000a2d00000| PB 0x00000000a2d00000| Untracked 
|  46|0x00000000a2e00000, 0x00000000a2e00000, 0x00000000a2f00000|  0%| F|  |TAMS 0x00000000a2e00000| PB 0x00000000a2e00000| Untracked 
|  47|0x00000000a2f00000, 0x00000000a2f00000, 0x00000000a3000000|  0%| F|  |TAMS 0x00000000a2f00000| PB 0x00000000a2f00000| Untracked 
|  48|0x00000000a3000000, 0x00000000a3000000, 0x00000000a3100000|  0%| F|  |TAMS 0x00000000a3000000| PB 0x00000000a3000000| Untracked 
|  49|0x00000000a3100000, 0x00000000a3100000, 0x00000000a3200000|  0%| F|  |TAMS 0x00000000a3100000| PB 0x00000000a3100000| Untracked 
|  50|0x00000000a3200000, 0x00000000a3200000, 0x00000000a3300000|  0%| F|  |TAMS 0x00000000a3200000| PB 0x00000000a3200000| Untracked 
|  51|0x00000000a3300000, 0x00000000a3300000, 0x00000000a3400000|  0%| F|  |TAMS 0x00000000a3300000| PB 0x00000000a3300000| Untracked 
|  52|0x00000000a3400000, 0x00000000a3400000, 0x00000000a3500000|  0%| F|  |TAMS 0x00000000a3400000| PB 0x00000000a3400000| Untracked 
|  53|0x00000000a3500000, 0x00000000a3500000, 0x00000000a3600000|  0%| F|  |TAMS 0x00000000a3500000| PB 0x00000000a3500000| Untracked 
|  54|0x00000000a3600000, 0x00000000a3600000, 0x00000000a3700000|  0%| F|  |TAMS 0x00000000a3600000| PB 0x00000000a3600000| Untracked 
|  55|0x00000000a3700000, 0x00000000a3700000, 0x00000000a3800000|  0%| F|  |TAMS 0x00000000a3700000| PB 0x00000000a3700000| Untracked 
|  56|0x00000000a3800000, 0x00000000a3800000, 0x00000000a3900000|  0%| F|  |TAMS 0x00000000a3800000| PB 0x00000000a3800000| Untracked 
|  57|0x00000000a3900000, 0x00000000a3900000, 0x00000000a3a00000|  0%| F|  |TAMS 0x00000000a3900000| PB 0x00000000a3900000| Untracked 
|  58|0x00000000a3a00000, 0x00000000a3a00000, 0x00000000a3b00000|  0%| F|  |TAMS 0x00000000a3a00000| PB 0x00000000a3a00000| Untracked 
|  59|0x00000000a3b00000, 0x00000000a3b00000, 0x00000000a3c00000|  0%| F|  |TAMS 0x00000000a3b00000| PB 0x00000000a3b00000| Untracked 
|  60|0x00000000a3c00000, 0x00000000a3c00000, 0x00000000a3d00000|  0%| F|  |TAMS 0x00000000a3c00000| PB 0x00000000a3c00000| Untracked 
|  61|0x00000000a3d00000, 0x00000000a3d00000, 0x00000000a3e00000|  0%| F|  |TAMS 0x00000000a3d00000| PB 0x00000000a3d00000| Untracked 
|  62|0x00000000a3e00000, 0x00000000a3e00000, 0x00000000a3f00000|  0%| F|  |TAMS 0x00000000a3e00000| PB 0x00000000a3e00000| Untracked 
|  63|0x00000000a3f00000, 0x00000000a3f00000, 0x00000000a4000000|  0%| F|  |TAMS 0x00000000a3f00000| PB 0x00000000a3f00000| Untracked 
|  64|0x00000000a4000000, 0x00000000a4000000, 0x00000000a4100000|  0%| F|  |TAMS 0x00000000a4000000| PB 0x00000000a4000000| Untracked 
|  65|0x00000000a4100000, 0x00000000a4100000, 0x00000000a4200000|  0%| F|  |TAMS 0x00000000a4100000| PB 0x00000000a4100000| Untracked 
|  66|0x00000000a4200000, 0x00000000a4200000, 0x00000000a4300000|  0%| F|  |TAMS 0x00000000a4200000| PB 0x00000000a4200000| Untracked 
|  67|0x00000000a4300000, 0x00000000a4300000, 0x00000000a4400000|  0%| F|  |TAMS 0x00000000a4300000| PB 0x00000000a4300000| Untracked 
|  68|0x00000000a4400000, 0x00000000a4400000, 0x00000000a4500000|  0%| F|  |TAMS 0x00000000a4400000| PB 0x00000000a4400000| Untracked 
|  69|0x00000000a4500000, 0x00000000a4500000, 0x00000000a4600000|  0%| F|  |TAMS 0x00000000a4500000| PB 0x00000000a4500000| Untracked 
|  70|0x00000000a4600000, 0x00000000a4600000, 0x00000000a4700000|  0%| F|  |TAMS 0x00000000a4600000| PB 0x00000000a4600000| Untracked 
|  71|0x00000000a4700000, 0x00000000a4700000, 0x00000000a4800000|  0%| F|  |TAMS 0x00000000a4700000| PB 0x00000000a4700000| Untracked 
|  72|0x00000000a4800000, 0x00000000a4800000, 0x00000000a4900000|  0%| F|  |TAMS 0x00000000a4800000| PB 0x00000000a4800000| Untracked 
|  73|0x00000000a4900000, 0x00000000a4900000, 0x00000000a4a00000|  0%| F|  |TAMS 0x00000000a4900000| PB 0x00000000a4900000| Untracked 
|  74|0x00000000a4a00000, 0x00000000a4a00000, 0x00000000a4b00000|  0%| F|  |TAMS 0x00000000a4a00000| PB 0x00000000a4a00000| Untracked 
|  75|0x00000000a4b00000, 0x00000000a4b00000, 0x00000000a4c00000|  0%| F|  |TAMS 0x00000000a4b00000| PB 0x00000000a4b00000| Untracked 
|  76|0x00000000a4c00000, 0x00000000a4c00000, 0x00000000a4d00000|  0%| F|  |TAMS 0x00000000a4c00000| PB 0x00000000a4c00000| Untracked 
|  77|0x00000000a4d00000, 0x00000000a4d00000, 0x00000000a4e00000|  0%| F|  |TAMS 0x00000000a4d00000| PB 0x00000000a4d00000| Untracked 
|  78|0x00000000a4e00000, 0x00000000a4e00000, 0x00000000a4f00000|  0%| F|  |TAMS 0x00000000a4e00000| PB 0x00000000a4e00000| Untracked 
|  79|0x00000000a4f00000, 0x00000000a4f00000, 0x00000000a5000000|  0%| F|  |TAMS 0x00000000a4f00000| PB 0x00000000a4f00000| Untracked 
|  80|0x00000000a5000000, 0x00000000a5000000, 0x00000000a5100000|  0%| F|  |TAMS 0x00000000a5000000| PB 0x00000000a5000000| Untracked 
|  81|0x00000000a5100000, 0x00000000a5100000, 0x00000000a5200000|  0%| F|  |TAMS 0x00000000a5100000| PB 0x00000000a5100000| Untracked 
|  82|0x00000000a5200000, 0x00000000a5200000, 0x00000000a5300000|  0%| F|  |TAMS 0x00000000a5200000| PB 0x00000000a5200000| Untracked 
|  83|0x00000000a5300000, 0x00000000a5300000, 0x00000000a5400000|  0%| F|  |TAMS 0x00000000a5300000| PB 0x00000000a5300000| Untracked 
|  84|0x00000000a5400000, 0x00000000a5400000, 0x00000000a5500000|  0%| F|  |TAMS 0x00000000a5400000| PB 0x00000000a5400000| Untracked 
|  85|0x00000000a5500000, 0x00000000a5500000, 0x00000000a5600000|  0%| F|  |TAMS 0x00000000a5500000| PB 0x00000000a5500000| Untracked 
|  86|0x00000000a5600000, 0x00000000a5600000, 0x00000000a5700000|  0%| F|  |TAMS 0x00000000a5600000| PB 0x00000000a5600000| Untracked 
|  87|0x00000000a5700000, 0x00000000a5700000, 0x00000000a5800000|  0%| F|  |TAMS 0x00000000a5700000| PB 0x00000000a5700000| Untracked 
|  88|0x00000000a5800000, 0x00000000a5800000, 0x00000000a5900000|  0%| F|  |TAMS 0x00000000a5800000| PB 0x00000000a5800000| Untracked 
|  89|0x00000000a5900000, 0x00000000a5900000, 0x00000000a5a00000|  0%| F|  |TAMS 0x00000000a5900000| PB 0x00000000a5900000| Untracked 
|  90|0x00000000a5a00000, 0x00000000a5a00000, 0x00000000a5b00000|  0%| F|  |TAMS 0x00000000a5a00000| PB 0x00000000a5a00000| Untracked 
|  91|0x00000000a5b00000, 0x00000000a5b00000, 0x00000000a5c00000|  0%| F|  |TAMS 0x00000000a5b00000| PB 0x00000000a5b00000| Untracked 
|  92|0x00000000a5c00000, 0x00000000a5c00000, 0x00000000a5d00000|  0%| F|  |TAMS 0x00000000a5c00000| PB 0x00000000a5c00000| Untracked 
|  93|0x00000000a5d00000, 0x00000000a5d00000, 0x00000000a5e00000|  0%| F|  |TAMS 0x00000000a5d00000| PB 0x00000000a5d00000| Untracked 
|  94|0x00000000a5e00000, 0x00000000a5e00000, 0x00000000a5f00000|  0%| F|  |TAMS 0x00000000a5e00000| PB 0x00000000a5e00000| Untracked 
|  95|0x00000000a5f00000, 0x00000000a5f00000, 0x00000000a6000000|  0%| F|  |TAMS 0x00000000a5f00000| PB 0x00000000a5f00000| Untracked 
|  96|0x00000000a6000000, 0x00000000a6000000, 0x00000000a6100000|  0%| F|  |TAMS 0x00000000a6000000| PB 0x00000000a6000000| Untracked 
|  97|0x00000000a6100000, 0x00000000a6100000, 0x00000000a6200000|  0%| F|  |TAMS 0x00000000a6100000| PB 0x00000000a6100000| Untracked 
|  98|0x00000000a6200000, 0x00000000a6200000, 0x00000000a6300000|  0%| F|  |TAMS 0x00000000a6200000| PB 0x00000000a6200000| Untracked 
|  99|0x00000000a6300000, 0x00000000a6300000, 0x00000000a6400000|  0%| F|  |TAMS 0x00000000a6300000| PB 0x00000000a6300000| Untracked 
| 100|0x00000000a6400000, 0x00000000a6400000, 0x00000000a6500000|  0%| F|  |TAMS 0x00000000a6400000| PB 0x00000000a6400000| Untracked 
| 101|0x00000000a6500000, 0x00000000a6500000, 0x00000000a6600000|  0%| F|  |TAMS 0x00000000a6500000| PB 0x00000000a6500000| Untracked 
| 102|0x00000000a6600000, 0x00000000a6600000, 0x00000000a6700000|  0%| F|  |TAMS 0x00000000a6600000| PB 0x00000000a6600000| Untracked 
| 103|0x00000000a6700000, 0x00000000a6700000, 0x00000000a6800000|  0%| F|  |TAMS 0x00000000a6700000| PB 0x00000000a6700000| Untracked 
| 104|0x00000000a6800000, 0x00000000a6800000, 0x00000000a6900000|  0%| F|  |TAMS 0x00000000a6800000| PB 0x00000000a6800000| Untracked 
| 105|0x00000000a6900000, 0x00000000a6900000, 0x00000000a6a00000|  0%| F|  |TAMS 0x00000000a6900000| PB 0x00000000a6900000| Untracked 
| 106|0x00000000a6a00000, 0x00000000a6a00000, 0x00000000a6b00000|  0%| F|  |TAMS 0x00000000a6a00000| PB 0x00000000a6a00000| Untracked 
| 107|0x00000000a6b00000, 0x00000000a6b00000, 0x00000000a6c00000|  0%| F|  |TAMS 0x00000000a6b00000| PB 0x00000000a6b00000| Untracked 
| 108|0x00000000a6c00000, 0x00000000a6c00000, 0x00000000a6d00000|  0%| F|  |TAMS 0x00000000a6c00000| PB 0x00000000a6c00000| Untracked 
| 109|0x00000000a6d00000, 0x00000000a6d00000, 0x00000000a6e00000|  0%| F|  |TAMS 0x00000000a6d00000| PB 0x00000000a6d00000| Untracked 
| 110|0x00000000a6e00000, 0x00000000a6e00000, 0x00000000a6f00000|  0%| F|  |TAMS 0x00000000a6e00000| PB 0x00000000a6e00000| Untracked 
| 111|0x00000000a6f00000, 0x00000000a6f00000, 0x00000000a7000000|  0%| F|  |TAMS 0x00000000a6f00000| PB 0x00000000a6f00000| Untracked 
| 112|0x00000000a7000000, 0x00000000a7000000, 0x00000000a7100000|  0%| F|  |TAMS 0x00000000a7000000| PB 0x00000000a7000000| Untracked 
| 113|0x00000000a7100000, 0x00000000a7100000, 0x00000000a7200000|  0%| F|  |TAMS 0x00000000a7100000| PB 0x00000000a7100000| Untracked 
| 114|0x00000000a7200000, 0x00000000a7200000, 0x00000000a7300000|  0%| F|  |TAMS 0x00000000a7200000| PB 0x00000000a7200000| Untracked 
| 115|0x00000000a7300000, 0x00000000a7300000, 0x00000000a7400000|  0%| F|  |TAMS 0x00000000a7300000| PB 0x00000000a7300000| Untracked 
| 116|0x00000000a7400000, 0x00000000a7400000, 0x00000000a7500000|  0%| F|  |TAMS 0x00000000a7400000| PB 0x00000000a7400000| Untracked 
| 117|0x00000000a7500000, 0x00000000a7500000, 0x00000000a7600000|  0%| F|  |TAMS 0x00000000a7500000| PB 0x00000000a7500000| Untracked 
| 118|0x00000000a7600000, 0x00000000a7600000, 0x00000000a7700000|  0%| F|  |TAMS 0x00000000a7600000| PB 0x00000000a7600000| Untracked 
| 119|0x00000000a7700000, 0x00000000a7700000, 0x00000000a7800000|  0%| F|  |TAMS 0x00000000a7700000| PB 0x00000000a7700000| Untracked 
| 120|0x00000000a7800000, 0x00000000a7800000, 0x00000000a7900000|  0%| F|  |TAMS 0x00000000a7800000| PB 0x00000000a7800000| Untracked 
| 121|0x00000000a7900000, 0x00000000a7900000, 0x00000000a7a00000|  0%| F|  |TAMS 0x00000000a7900000| PB 0x00000000a7900000| Untracked 
| 122|0x00000000a7a00000, 0x00000000a7a00000, 0x00000000a7b00000|  0%| F|  |TAMS 0x00000000a7a00000| PB 0x00000000a7a00000| Untracked 
| 123|0x00000000a7b00000, 0x00000000a7b00000, 0x00000000a7c00000|  0%| F|  |TAMS 0x00000000a7b00000| PB 0x00000000a7b00000| Untracked 
| 124|0x00000000a7c00000, 0x00000000a7c00000, 0x00000000a7d00000|  0%| F|  |TAMS 0x00000000a7c00000| PB 0x00000000a7c00000| Untracked 
| 125|0x00000000a7d00000, 0x00000000a7d00000, 0x00000000a7e00000|  0%| F|  |TAMS 0x00000000a7d00000| PB 0x00000000a7d00000| Untracked 
| 126|0x00000000a7e00000, 0x00000000a7e00000, 0x00000000a7f00000|  0%| F|  |TAMS 0x00000000a7e00000| PB 0x00000000a7e00000| Untracked 
| 127|0x00000000a7f00000, 0x00000000a7f00000, 0x00000000a8000000|  0%| F|  |TAMS 0x00000000a7f00000| PB 0x00000000a7f00000| Untracked 
| 128|0x00000000a8000000, 0x00000000a8000000, 0x00000000a8100000|  0%| F|  |TAMS 0x00000000a8000000| PB 0x00000000a8000000| Untracked 
| 129|0x00000000a8100000, 0x00000000a8100000, 0x00000000a8200000|  0%| F|  |TAMS 0x00000000a8100000| PB 0x00000000a8100000| Untracked 
| 130|0x00000000a8200000, 0x00000000a8200000, 0x00000000a8300000|  0%| F|  |TAMS 0x00000000a8200000| PB 0x00000000a8200000| Untracked 
| 131|0x00000000a8300000, 0x00000000a8300000, 0x00000000a8400000|  0%| F|  |TAMS 0x00000000a8300000| PB 0x00000000a8300000| Untracked 
| 132|0x00000000a8400000, 0x00000000a8400000, 0x00000000a8500000|  0%| F|  |TAMS 0x00000000a8400000| PB 0x00000000a8400000| Untracked 
| 133|0x00000000a8500000, 0x00000000a8500000, 0x00000000a8600000|  0%| F|  |TAMS 0x00000000a8500000| PB 0x00000000a8500000| Untracked 
| 134|0x00000000a8600000, 0x00000000a8600000, 0x00000000a8700000|  0%| F|  |TAMS 0x00000000a8600000| PB 0x00000000a8600000| Untracked 
| 135|0x00000000a8700000, 0x00000000a8700000, 0x00000000a8800000|  0%| F|  |TAMS 0x00000000a8700000| PB 0x00000000a8700000| Untracked 
| 136|0x00000000a8800000, 0x00000000a8800000, 0x00000000a8900000|  0%| F|  |TAMS 0x00000000a8800000| PB 0x00000000a8800000| Untracked 
| 137|0x00000000a8900000, 0x00000000a8900000, 0x00000000a8a00000|  0%| F|  |TAMS 0x00000000a8900000| PB 0x00000000a8900000| Untracked 
| 138|0x00000000a8a00000, 0x00000000a8a00000, 0x00000000a8b00000|  0%| F|  |TAMS 0x00000000a8a00000| PB 0x00000000a8a00000| Untracked 
| 139|0x00000000a8b00000, 0x00000000a8b00000, 0x00000000a8c00000|  0%| F|  |TAMS 0x00000000a8b00000| PB 0x00000000a8b00000| Untracked 
| 140|0x00000000a8c00000, 0x00000000a8c00000, 0x00000000a8d00000|  0%| F|  |TAMS 0x00000000a8c00000| PB 0x00000000a8c00000| Untracked 
| 141|0x00000000a8d00000, 0x00000000a8d00000, 0x00000000a8e00000|  0%| F|  |TAMS 0x00000000a8d00000| PB 0x00000000a8d00000| Untracked 
| 142|0x00000000a8e00000, 0x00000000a8e00000, 0x00000000a8f00000|  0%| F|  |TAMS 0x00000000a8e00000| PB 0x00000000a8e00000| Untracked 
| 143|0x00000000a8f00000, 0x00000000a8f00000, 0x00000000a9000000|  0%| F|  |TAMS 0x00000000a8f00000| PB 0x00000000a8f00000| Untracked 
| 144|0x00000000a9000000, 0x00000000a9000000, 0x00000000a9100000|  0%| F|  |TAMS 0x00000000a9000000| PB 0x00000000a9000000| Untracked 
| 145|0x00000000a9100000, 0x00000000a9100000, 0x00000000a9200000|  0%| F|  |TAMS 0x00000000a9100000| PB 0x00000000a9100000| Untracked 
| 146|0x00000000a9200000, 0x00000000a9200000, 0x00000000a9300000|  0%| F|  |TAMS 0x00000000a9200000| PB 0x00000000a9200000| Untracked 
| 147|0x00000000a9300000, 0x00000000a9300000, 0x00000000a9400000|  0%| F|  |TAMS 0x00000000a9300000| PB 0x00000000a9300000| Untracked 
| 148|0x00000000a9400000, 0x00000000a9400000, 0x00000000a9500000|  0%| F|  |TAMS 0x00000000a9400000| PB 0x00000000a9400000| Untracked 
| 149|0x00000000a9500000, 0x00000000a9500000, 0x00000000a9600000|  0%| F|  |TAMS 0x00000000a9500000| PB 0x00000000a9500000| Untracked 
| 150|0x00000000a9600000, 0x00000000a9600000, 0x00000000a9700000|  0%| F|  |TAMS 0x00000000a9600000| PB 0x00000000a9600000| Untracked 
| 151|0x00000000a9700000, 0x00000000a9700000, 0x00000000a9800000|  0%| F|  |TAMS 0x00000000a9700000| PB 0x00000000a9700000| Untracked 
| 152|0x00000000a9800000, 0x00000000a9800000, 0x00000000a9900000|  0%| F|  |TAMS 0x00000000a9800000| PB 0x00000000a9800000| Untracked 
| 153|0x00000000a9900000, 0x00000000a9900000, 0x00000000a9a00000|  0%| F|  |TAMS 0x00000000a9900000| PB 0x00000000a9900000| Untracked 
| 154|0x00000000a9a00000, 0x00000000a9a00000, 0x00000000a9b00000|  0%| F|  |TAMS 0x00000000a9a00000| PB 0x00000000a9a00000| Untracked 
| 155|0x00000000a9b00000, 0x00000000a9b00000, 0x00000000a9c00000|  0%| F|  |TAMS 0x00000000a9b00000| PB 0x00000000a9b00000| Untracked 
| 156|0x00000000a9c00000, 0x00000000a9c00000, 0x00000000a9d00000|  0%| F|  |TAMS 0x00000000a9c00000| PB 0x00000000a9c00000| Untracked 
| 157|0x00000000a9d00000, 0x00000000a9d00000, 0x00000000a9e00000|  0%| F|  |TAMS 0x00000000a9d00000| PB 0x00000000a9d00000| Untracked 
| 158|0x00000000a9e00000, 0x00000000a9e00000, 0x00000000a9f00000|  0%| F|  |TAMS 0x00000000a9e00000| PB 0x00000000a9e00000| Untracked 
| 159|0x00000000a9f00000, 0x00000000a9f00000, 0x00000000aa000000|  0%| F|  |TAMS 0x00000000a9f00000| PB 0x00000000a9f00000| Untracked 
| 160|0x00000000aa000000, 0x00000000aa000000, 0x00000000aa100000|  0%| F|  |TAMS 0x00000000aa000000| PB 0x00000000aa000000| Untracked 
| 161|0x00000000aa100000, 0x00000000aa100000, 0x00000000aa200000|  0%| F|  |TAMS 0x00000000aa100000| PB 0x00000000aa100000| Untracked 
| 162|0x00000000aa200000, 0x00000000aa200000, 0x00000000aa300000|  0%| F|  |TAMS 0x00000000aa200000| PB 0x00000000aa200000| Untracked 
| 163|0x00000000aa300000, 0x00000000aa300000, 0x00000000aa400000|  0%| F|  |TAMS 0x00000000aa300000| PB 0x00000000aa300000| Untracked 
| 164|0x00000000aa400000, 0x00000000aa400000, 0x00000000aa500000|  0%| F|  |TAMS 0x00000000aa400000| PB 0x00000000aa400000| Untracked 
| 165|0x00000000aa500000, 0x00000000aa500000, 0x00000000aa600000|  0%| F|  |TAMS 0x00000000aa500000| PB 0x00000000aa500000| Untracked 
| 166|0x00000000aa600000, 0x00000000aa600000, 0x00000000aa700000|  0%| F|  |TAMS 0x00000000aa600000| PB 0x00000000aa600000| Untracked 
| 167|0x00000000aa700000, 0x00000000aa700000, 0x00000000aa800000|  0%| F|  |TAMS 0x00000000aa700000| PB 0x00000000aa700000| Untracked 
| 168|0x00000000aa800000, 0x00000000aa800000, 0x00000000aa900000|  0%| F|  |TAMS 0x00000000aa800000| PB 0x00000000aa800000| Untracked 
| 169|0x00000000aa900000, 0x00000000aa900000, 0x00000000aaa00000|  0%| F|  |TAMS 0x00000000aa900000| PB 0x00000000aa900000| Untracked 
| 170|0x00000000aaa00000, 0x00000000aaa00000, 0x00000000aab00000|  0%| F|  |TAMS 0x00000000aaa00000| PB 0x00000000aaa00000| Untracked 
| 171|0x00000000aab00000, 0x00000000aab00000, 0x00000000aac00000|  0%| F|  |TAMS 0x00000000aab00000| PB 0x00000000aab00000| Untracked 
| 172|0x00000000aac00000, 0x00000000aac00000, 0x00000000aad00000|  0%| F|  |TAMS 0x00000000aac00000| PB 0x00000000aac00000| Untracked 
| 173|0x00000000aad00000, 0x00000000aad00000, 0x00000000aae00000|  0%| F|  |TAMS 0x00000000aad00000| PB 0x00000000aad00000| Untracked 
| 174|0x00000000aae00000, 0x00000000aae00000, 0x00000000aaf00000|  0%| F|  |TAMS 0x00000000aae00000| PB 0x00000000aae00000| Untracked 
| 175|0x00000000aaf00000, 0x00000000aaf00000, 0x00000000ab000000|  0%| F|  |TAMS 0x00000000aaf00000| PB 0x00000000aaf00000| Untracked 
| 176|0x00000000ab000000, 0x00000000ab000000, 0x00000000ab100000|  0%| F|  |TAMS 0x00000000ab000000| PB 0x00000000ab000000| Untracked 
| 177|0x00000000ab100000, 0x00000000ab100000, 0x00000000ab200000|  0%| F|  |TAMS 0x00000000ab100000| PB 0x00000000ab100000| Untracked 
| 178|0x00000000ab200000, 0x00000000ab200000, 0x00000000ab300000|  0%| F|  |TAMS 0x00000000ab200000| PB 0x00000000ab200000| Untracked 
| 179|0x00000000ab300000, 0x00000000ab300000, 0x00000000ab400000|  0%| F|  |TAMS 0x00000000ab300000| PB 0x00000000ab300000| Untracked 
| 180|0x00000000ab400000, 0x00000000ab400000, 0x00000000ab500000|  0%| F|  |TAMS 0x00000000ab400000| PB 0x00000000ab400000| Untracked 
| 181|0x00000000ab500000, 0x00000000ab500000, 0x00000000ab600000|  0%| F|  |TAMS 0x00000000ab500000| PB 0x00000000ab500000| Untracked 
| 182|0x00000000ab600000, 0x00000000ab600000, 0x00000000ab700000|  0%| F|  |TAMS 0x00000000ab600000| PB 0x00000000ab600000| Untracked 
| 183|0x00000000ab700000, 0x00000000ab700000, 0x00000000ab800000|  0%| F|  |TAMS 0x00000000ab700000| PB 0x00000000ab700000| Untracked 
| 184|0x00000000ab800000, 0x00000000ab800000, 0x00000000ab900000|  0%| F|  |TAMS 0x00000000ab800000| PB 0x00000000ab800000| Untracked 
| 185|0x00000000ab900000, 0x00000000ab900000, 0x00000000aba00000|  0%| F|  |TAMS 0x00000000ab900000| PB 0x00000000ab900000| Untracked 
| 186|0x00000000aba00000, 0x00000000aba00000, 0x00000000abb00000|  0%| F|  |TAMS 0x00000000aba00000| PB 0x00000000aba00000| Untracked 
| 187|0x00000000abb00000, 0x00000000abb00000, 0x00000000abc00000|  0%| F|  |TAMS 0x00000000abb00000| PB 0x00000000abb00000| Untracked 
| 188|0x00000000abc00000, 0x00000000abc00000, 0x00000000abd00000|  0%| F|  |TAMS 0x00000000abc00000| PB 0x00000000abc00000| Untracked 
| 189|0x00000000abd00000, 0x00000000abd00000, 0x00000000abe00000|  0%| F|  |TAMS 0x00000000abd00000| PB 0x00000000abd00000| Untracked 
| 190|0x00000000abe00000, 0x00000000abe00000, 0x00000000abf00000|  0%| F|  |TAMS 0x00000000abe00000| PB 0x00000000abe00000| Untracked 
| 191|0x00000000abf00000, 0x00000000abf00000, 0x00000000ac000000|  0%| F|  |TAMS 0x00000000abf00000| PB 0x00000000abf00000| Untracked 
| 192|0x00000000ac000000, 0x00000000ac000000, 0x00000000ac100000|  0%| F|  |TAMS 0x00000000ac000000| PB 0x00000000ac000000| Untracked 
| 193|0x00000000ac100000, 0x00000000ac100000, 0x00000000ac200000|  0%| F|  |TAMS 0x00000000ac100000| PB 0x00000000ac100000| Untracked 
| 194|0x00000000ac200000, 0x00000000ac29aa60, 0x00000000ac300000| 60%| S|CS|TAMS 0x00000000ac200000| PB 0x00000000ac200000| Complete 
| 195|0x00000000ac300000, 0x00000000ac400000, 0x00000000ac400000|100%| S|CS|TAMS 0x00000000ac300000| PB 0x00000000ac300000| Complete 
| 196|0x00000000ac400000, 0x00000000ac500000, 0x00000000ac500000|100%| S|CS|TAMS 0x00000000ac400000| PB 0x00000000ac400000| Complete 
| 197|0x00000000ac500000, 0x00000000ac600000, 0x00000000ac600000|100%| S|CS|TAMS 0x00000000ac500000| PB 0x00000000ac500000| Complete 
| 198|0x00000000ac600000, 0x00000000ac700000, 0x00000000ac700000|100%| S|CS|TAMS 0x00000000ac600000| PB 0x00000000ac600000| Complete 
| 199|0x00000000ac700000, 0x00000000ac700000, 0x00000000ac800000|  0%| F|  |TAMS 0x00000000ac700000| PB 0x00000000ac700000| Untracked 
| 200|0x00000000ac800000, 0x00000000ac800000, 0x00000000ac900000|  0%| F|  |TAMS 0x00000000ac800000| PB 0x00000000ac800000| Untracked 
| 201|0x00000000ac900000, 0x00000000ac900000, 0x00000000aca00000|  0%| F|  |TAMS 0x00000000ac900000| PB 0x00000000ac900000| Untracked 
| 202|0x00000000aca00000, 0x00000000aca00000, 0x00000000acb00000|  0%| F|  |TAMS 0x00000000aca00000| PB 0x00000000aca00000| Untracked 
| 203|0x00000000acb00000, 0x00000000acb00000, 0x00000000acc00000|  0%| F|  |TAMS 0x00000000acb00000| PB 0x00000000acb00000| Untracked 
| 204|0x00000000acc00000, 0x00000000acc00000, 0x00000000acd00000|  0%| F|  |TAMS 0x00000000acc00000| PB 0x00000000acc00000| Untracked 
| 205|0x00000000acd00000, 0x00000000acd00000, 0x00000000ace00000|  0%| F|  |TAMS 0x00000000acd00000| PB 0x00000000acd00000| Untracked 
| 206|0x00000000ace00000, 0x00000000ace00000, 0x00000000acf00000|  0%| F|  |TAMS 0x00000000ace00000| PB 0x00000000ace00000| Untracked 
| 207|0x00000000acf00000, 0x00000000acf00000, 0x00000000ad000000|  0%| F|  |TAMS 0x00000000acf00000| PB 0x00000000acf00000| Untracked 
| 208|0x00000000ad000000, 0x00000000ad000000, 0x00000000ad100000|  0%| F|  |TAMS 0x00000000ad000000| PB 0x00000000ad000000| Untracked 
| 209|0x00000000ad100000, 0x00000000ad100000, 0x00000000ad200000|  0%| F|  |TAMS 0x00000000ad100000| PB 0x00000000ad100000| Untracked 
| 210|0x00000000ad200000, 0x00000000ad200000, 0x00000000ad300000|  0%| F|  |TAMS 0x00000000ad200000| PB 0x00000000ad200000| Untracked 
| 211|0x00000000ad300000, 0x00000000ad300000, 0x00000000ad400000|  0%| F|  |TAMS 0x00000000ad300000| PB 0x00000000ad300000| Untracked 
| 212|0x00000000ad400000, 0x00000000ad400000, 0x00000000ad500000|  0%| F|  |TAMS 0x00000000ad400000| PB 0x00000000ad400000| Untracked 
| 213|0x00000000ad500000, 0x00000000ad500000, 0x00000000ad600000|  0%| F|  |TAMS 0x00000000ad500000| PB 0x00000000ad500000| Untracked 
| 214|0x00000000ad600000, 0x00000000ad600000, 0x00000000ad700000|  0%| F|  |TAMS 0x00000000ad600000| PB 0x00000000ad600000| Untracked 
| 215|0x00000000ad700000, 0x00000000ad700000, 0x00000000ad800000|  0%| F|  |TAMS 0x00000000ad700000| PB 0x00000000ad700000| Untracked 
| 216|0x00000000ad800000, 0x00000000ad800000, 0x00000000ad900000|  0%| F|  |TAMS 0x00000000ad800000| PB 0x00000000ad800000| Untracked 
| 217|0x00000000ad900000, 0x00000000ad900000, 0x00000000ada00000|  0%| F|  |TAMS 0x00000000ad900000| PB 0x00000000ad900000| Untracked 
| 218|0x00000000ada00000, 0x00000000ada00000, 0x00000000adb00000|  0%| F|  |TAMS 0x00000000ada00000| PB 0x00000000ada00000| Untracked 
| 219|0x00000000adb00000, 0x00000000adb00000, 0x00000000adc00000|  0%| F|  |TAMS 0x00000000adb00000| PB 0x00000000adb00000| Untracked 
| 220|0x00000000adc00000, 0x00000000adc00000, 0x00000000add00000|  0%| F|  |TAMS 0x00000000adc00000| PB 0x00000000adc00000| Untracked 
| 221|0x00000000add00000, 0x00000000add00000, 0x00000000ade00000|  0%| F|  |TAMS 0x00000000add00000| PB 0x00000000add00000| Untracked 
| 222|0x00000000ade00000, 0x00000000adf00000, 0x00000000adf00000|100%| E|  |TAMS 0x00000000ade00000| PB 0x00000000ade00000| Complete 
| 223|0x00000000adf00000, 0x00000000ae000000, 0x00000000ae000000|100%| E|CS|TAMS 0x00000000adf00000| PB 0x00000000adf00000| Complete 
| 224|0x00000000ae000000, 0x00000000ae100000, 0x00000000ae100000|100%| E|CS|TAMS 0x00000000ae000000| PB 0x00000000ae000000| Complete 
| 225|0x00000000ae100000, 0x00000000ae200000, 0x00000000ae200000|100%| E|CS|TAMS 0x00000000ae100000| PB 0x00000000ae100000| Complete 
| 226|0x00000000ae200000, 0x00000000ae300000, 0x00000000ae300000|100%| E|CS|TAMS 0x00000000ae200000| PB 0x00000000ae200000| Complete 
| 227|0x00000000ae300000, 0x00000000ae400000, 0x00000000ae400000|100%| E|CS|TAMS 0x00000000ae300000| PB 0x00000000ae300000| Complete 
| 228|0x00000000ae400000, 0x00000000ae500000, 0x00000000ae500000|100%| E|CS|TAMS 0x00000000ae400000| PB 0x00000000ae400000| Complete 
| 229|0x00000000ae500000, 0x00000000ae600000, 0x00000000ae600000|100%| E|CS|TAMS 0x00000000ae500000| PB 0x00000000ae500000| Complete 
| 230|0x00000000ae600000, 0x00000000ae700000, 0x00000000ae700000|100%| E|CS|TAMS 0x00000000ae600000| PB 0x00000000ae600000| Complete 
| 231|0x00000000ae700000, 0x00000000ae800000, 0x00000000ae800000|100%| E|CS|TAMS 0x00000000ae700000| PB 0x00000000ae700000| Complete 
| 232|0x00000000ae800000, 0x00000000ae900000, 0x00000000ae900000|100%| E|CS|TAMS 0x00000000ae800000| PB 0x00000000ae800000| Complete 
| 233|0x00000000ae900000, 0x00000000aea00000, 0x00000000aea00000|100%| E|CS|TAMS 0x00000000ae900000| PB 0x00000000ae900000| Complete 
| 234|0x00000000aea00000, 0x00000000aeb00000, 0x00000000aeb00000|100%| E|CS|TAMS 0x00000000aea00000| PB 0x00000000aea00000| Complete 
| 235|0x00000000aeb00000, 0x00000000aec00000, 0x00000000aec00000|100%| E|CS|TAMS 0x00000000aeb00000| PB 0x00000000aeb00000| Complete 
| 236|0x00000000aec00000, 0x00000000aed00000, 0x00000000aed00000|100%| E|CS|TAMS 0x00000000aec00000| PB 0x00000000aec00000| Complete 
| 237|0x00000000aed00000, 0x00000000aee00000, 0x00000000aee00000|100%| E|CS|TAMS 0x00000000aed00000| PB 0x00000000aed00000| Complete 
| 238|0x00000000aee00000, 0x00000000aef00000, 0x00000000aef00000|100%| E|CS|TAMS 0x00000000aee00000| PB 0x00000000aee00000| Complete 
| 239|0x00000000aef00000, 0x00000000af000000, 0x00000000af000000|100%| E|CS|TAMS 0x00000000aef00000| PB 0x00000000aef00000| Complete 
| 240|0x00000000af000000, 0x00000000af100000, 0x00000000af100000|100%| E|CS|TAMS 0x00000000af000000| PB 0x00000000af000000| Complete 
| 241|0x00000000af100000, 0x00000000af200000, 0x00000000af200000|100%| E|CS|TAMS 0x00000000af100000| PB 0x00000000af100000| Complete 
| 242|0x00000000af200000, 0x00000000af300000, 0x00000000af300000|100%| E|CS|TAMS 0x00000000af200000| PB 0x00000000af200000| Complete 
| 243|0x00000000af300000, 0x00000000af400000, 0x00000000af400000|100%| E|CS|TAMS 0x00000000af300000| PB 0x00000000af300000| Complete 
| 244|0x00000000af400000, 0x00000000af500000, 0x00000000af500000|100%| E|CS|TAMS 0x00000000af400000| PB 0x00000000af400000| Complete 
| 245|0x00000000af500000, 0x00000000af600000, 0x00000000af600000|100%| E|CS|TAMS 0x00000000af500000| PB 0x00000000af500000| Complete 
| 246|0x00000000af600000, 0x00000000af700000, 0x00000000af700000|100%| E|CS|TAMS 0x00000000af600000| PB 0x00000000af600000| Complete 
| 247|0x00000000af700000, 0x00000000af800000, 0x00000000af800000|100%| E|CS|TAMS 0x00000000af700000| PB 0x00000000af700000| Complete 
| 248|0x00000000af800000, 0x00000000af900000, 0x00000000af900000|100%| E|CS|TAMS 0x00000000af800000| PB 0x00000000af800000| Complete 
| 249|0x00000000af900000, 0x00000000afa00000, 0x00000000afa00000|100%| E|CS|TAMS 0x00000000af900000| PB 0x00000000af900000| Complete 
| 250|0x00000000afa00000, 0x00000000afb00000, 0x00000000afb00000|100%| E|CS|TAMS 0x00000000afa00000| PB 0x00000000afa00000| Complete 
| 251|0x00000000afb00000, 0x00000000afc00000, 0x00000000afc00000|100%| E|CS|TAMS 0x00000000afb00000| PB 0x00000000afb00000| Complete 

Card table byte_map: [0x0000025e58e90000,0x0000025e59190000] _byte_map_base: 0x0000025e58990000

Marking Bits: (CMBitMap*) 0x0000025e465966b0
 Bits: [0x0000025e59190000, 0x0000025e5a990000)

Polling page: 0x0000025e440d0000

Metaspace:

Usage:
  Non-class:      9.44 MB used.
      Class:      1.51 MB used.
       Both:     10.95 MB used.

Virtual space:
  Non-class space:       64.00 MB reserved,       9.62 MB ( 15%) committed,  1 nodes.
      Class space:        1.00 GB reserved,       1.69 MB ( <1%) committed,  1 nodes.
             Both:        1.06 GB reserved,      11.31 MB (  1%) committed. 

Chunk freelists:
   Non-Class:  5.92 MB
       Class:  14.32 MB
        Both:  20.24 MB

MaxMetaspaceSize: unlimited
CompressedClassSpaceSize: 1.00 GB
Initial GC threshold: 21.00 MB
Current GC threshold: 21.00 MB
CDS: on
 - commit_granule_bytes: 65536.
 - commit_granule_words: 8192.
 - virtual_space_node_default_size: 8388608.
 - enlarge_chunks_in_place: 1.
 - use_allocation_guard: 0.


Internal statistics:

num_allocs_failed_limit: 0.
num_arena_births: 354.
num_arena_deaths: 0.
num_vsnodes_births: 2.
num_vsnodes_deaths: 0.
num_space_committed: 181.
num_space_uncommitted: 0.
num_chunks_returned_to_freelist: 0.
num_chunks_taken_from_freelist: 700.
num_chunk_merges: 0.
num_chunk_splits: 444.
num_chunks_enlarged: 298.
num_inconsistent_stats: 0.

CodeHeap 'non-profiled nmethods': size=120000Kb used=1248Kb max_used=1248Kb free=118751Kb
 bounds [0x0000025e51220000, 0x0000025e51490000, 0x0000025e58750000]
CodeHeap 'profiled nmethods': size=120000Kb used=5216Kb max_used=5216Kb free=114783Kb
 bounds [0x0000025e49750000, 0x0000025e49c70000, 0x0000025e50c80000]
CodeHeap 'non-nmethods': size=5760Kb used=1373Kb max_used=1391Kb free=4386Kb
 bounds [0x0000025e50c80000, 0x0000025e50ef0000, 0x0000025e51220000]
CodeCache: size=245760Kb, used=7837Kb, max_used=7855Kb, free=237920Kb
 total_blobs=3162, nmethods=2628, adapters=438, full_count=0
Compilation: enabled, stopped_count=0, restarted_count=0

Compilation events (20 events):
Event: 19.578 Thread 0x0000025e5d660a40 2617       3       java.lang.invoke.LambdaFormEditor$TransformKey::of (49 bytes)
Event: 19.579 Thread 0x0000025e5d660a40 nmethod 2617 0x0000025e49c64490 code [0x0000025e49c646a0, 0x0000025e49c64bf0]
Event: 19.588 Thread 0x0000025e5d660a40 2618       3       java.lang.invoke.BoundMethodHandle::bindArgumentL (11 bytes)
Event: 19.589 Thread 0x0000025e5d660a40 nmethod 2618 0x0000025e49c64e10 code [0x0000025e49c65000, 0x0000025e49c654f0]
Event: 19.589 Thread 0x0000025e5d660a40 2619       3       java.lang.invoke.LambdaFormEditor::bindArgumentL (59 bytes)
Event: 19.589 Thread 0x0000025e5d660a40 nmethod 2619 0x0000025e49c65710 code [0x0000025e49c658e0, 0x0000025e49c65b90]
Event: 19.589 Thread 0x0000025e5d660a40 2620       3       java.lang.reflect.Method::isVarArgs (5 bytes)
Event: 19.589 Thread 0x0000025e5d660a40 nmethod 2620 0x0000025e49c65d10 code [0x0000025e49c65ec0, 0x0000025e49c66098]
Event: 19.590 Thread 0x0000025e5d660a40 2621       1       org.gradle.internal.service.AbstractServiceMethod::getParameterTypes (5 bytes)
Event: 19.590 Thread 0x0000025e5d660a40 nmethod 2621 0x0000025e51357810 code [0x0000025e513579a0, 0x0000025e51357a68]
Event: 19.633 Thread 0x0000025e5d65e560 2623       4       java.lang.ref.SoftReference::get (29 bytes)
Event: 19.634 Thread 0x0000025e5d660a40 2624       3       java.lang.invoke.LambdaFormBuffer::insertExpression (30 bytes)
Event: 19.634 Thread 0x0000025e5d660a40 nmethod 2624 0x0000025e49c66190 code [0x0000025e49c66340, 0x0000025e49c66498]
Event: 19.634 Thread 0x0000025e5d660a40 2625       3       jdk.internal.org.objectweb.asm.AnnotationVisitor::<init> (78 bytes)
Event: 19.635 Thread 0x0000025e5d65e560 nmethod 2623 0x0000025e51357b10 code [0x0000025e51357ca0, 0x0000025e51357d98]
Event: 19.635 Thread 0x0000025e5d660a40 nmethod 2625 0x0000025e49c66590 code [0x0000025e49c667c0, 0x0000025e49c66f58]
Event: 19.635 Thread 0x0000025e5d660a40 2626       3       java.lang.invoke.MethodHandle::bindTo (19 bytes)
Event: 19.636 Thread 0x0000025e5d660a40 nmethod 2626 0x0000025e49c67210 code [0x0000025e49c67420, 0x0000025e49c67a38]
Event: 19.636 Thread 0x0000025e5d660a40 2627       3       java.lang.invoke.MethodType::leadingReferenceParameter (30 bytes)
Event: 19.637 Thread 0x0000025e5d660a40 nmethod 2627 0x0000025e49c67c90 code [0x0000025e49c67e60, 0x0000025e49c68140]

GC Heap History (6 events):
Event: 4.046 GC heap before
{Heap before GC invocations=0 (full 0):
 garbage-first heap   total 258048K, used 23552K [0x00000000a0000000, 0x0000000100000000)
  region size 1024K, 23 young (23552K), 0 survivors (0K)
 Metaspace       used 942K, committed 1088K, reserved 1114112K
  class space    used 73K, committed 128K, reserved 1048576K
}
Event: 4.100 GC heap after
{Heap after GC invocations=1 (full 0):
 garbage-first heap   total 258048K, used 1663K [0x00000000a0000000, 0x0000000100000000)
  region size 1024K, 2 young (2048K), 2 survivors (2048K)
 Metaspace       used 942K, committed 1088K, reserved 1114112K
  class space    used 73K, committed 128K, reserved 1048576K
}
Event: 9.561 GC heap before
{Heap before GC invocations=1 (full 0):
 garbage-first heap   total 258048K, used 39551K [0x00000000a0000000, 0x0000000100000000)
  region size 1024K, 37 young (37888K), 2 survivors (2048K)
 Metaspace       used 4418K, committed 4608K, reserved 1114112K
  class space    used 558K, committed 640K, reserved 1048576K
}
Event: 9.569 GC heap after
{Heap after GC invocations=2 (full 0):
 garbage-first heap   total 258048K, used 10789K [0x00000000a0000000, 0x0000000100000000)
  region size 1024K, 5 young (5120K), 5 survivors (5120K)
 Metaspace       used 4418K, committed 4608K, reserved 1114112K
  class space    used 558K, committed 640K, reserved 1048576K
}
Event: 13.084 GC heap before
{Heap before GC invocations=2 (full 0):
 garbage-first heap   total 258048K, used 61989K [0x00000000a0000000, 0x0000000100000000)
  region size 1024K, 53 young (54272K), 5 survivors (5120K)
 Metaspace       used 5049K, committed 5248K, reserved 1114112K
  class space    used 664K, committed 768K, reserved 1048576K
}
Event: 13.092 GC heap after
{Heap after GC invocations=3 (full 0):
 garbage-first heap   total 258048K, used 16596K [0x00000000a0000000, 0x0000000100000000)
  region size 1024K, 5 young (5120K), 5 survivors (5120K)
 Metaspace       used 5049K, committed 5248K, reserved 1114112K
  class space    used 664K, committed 768K, reserved 1048576K
}

Dll operation events (20 events):
Event: 0.932 Attempting to load shared library C:\Users\ishas\.vscode\extensions\redhat.java-1.56.0-win32-x64\jre\21.0.12.1-win32-x86_64\bin\nio.dll
Event: 0.933 Loaded shared library C:\Users\ishas\.vscode\extensions\redhat.java-1.56.0-win32-x64\jre\21.0.12.1-win32-x86_64\bin\nio.dll
Event: 0.950 Attempting to load shared library C:\Users\ishas\.vscode\extensions\redhat.java-1.56.0-win32-x64\jre\21.0.12.1-win32-x86_64\bin\zip.dll
Event: 0.950 Loaded shared library C:\Users\ishas\.vscode\extensions\redhat.java-1.56.0-win32-x64\jre\21.0.12.1-win32-x86_64\bin\zip.dll
Event: 3.894 Attempting to load shared library C:\Users\ishas\.vscode\extensions\redhat.java-1.56.0-win32-x64\jre\21.0.12.1-win32-x86_64\bin\jimage.dll
Event: 3.894 Loaded shared library C:\Users\ishas\.vscode\extensions\redhat.java-1.56.0-win32-x64\jre\21.0.12.1-win32-x86_64\bin\jimage.dll
Event: 5.549 Attempting to load shared library C:\Users\ishas\.vscode\extensions\redhat.java-1.56.0-win32-x64\jre\21.0.12.1-win32-x86_64\bin\verify.dll
Event: 5.550 Loaded shared library C:\Users\ishas\.vscode\extensions\redhat.java-1.56.0-win32-x64\jre\21.0.12.1-win32-x86_64\bin\verify.dll
Event: 6.180 Attempting to load shared library C:\Users\ishas\.gradle\native\1def1411415f61bf3af743bc5b6707747c0891f09f0c88961ee8f79bc544acac\windows-amd64\native-platform.dll
Event: 6.181 Loaded shared library C:\Users\ishas\.gradle\native\1def1411415f61bf3af743bc5b6707747c0891f09f0c88961ee8f79bc544acac\windows-amd64\native-platform.dll
Event: 6.212 Attempting to load shared library C:\Users\ishas\.gradle\native\0.2.7\x86_64-windows-gnu\gradle-fileevents.dll
Event: 6.213 Loaded shared library C:\Users\ishas\.gradle\native\0.2.7\x86_64-windows-gnu\gradle-fileevents.dll
Event: 14.392 Attempting to load shared library C:\Users\ishas\.vscode\extensions\redhat.java-1.56.0-win32-x64\jre\21.0.12.1-win32-x86_64\bin\management.dll
Event: 14.393 Loaded shared library C:\Users\ishas\.vscode\extensions\redhat.java-1.56.0-win32-x64\jre\21.0.12.1-win32-x86_64\bin\management.dll
Event: 14.407 Attempting to load shared library C:\Users\ishas\.vscode\extensions\redhat.java-1.56.0-win32-x64\jre\21.0.12.1-win32-x86_64\bin\management_ext.dll
Event: 14.408 Loaded shared library C:\Users\ishas\.vscode\extensions\redhat.java-1.56.0-win32-x64\jre\21.0.12.1-win32-x86_64\bin\management_ext.dll
Event: 15.316 Attempting to load shared library C:\Users\ishas\.vscode\extensions\redhat.java-1.56.0-win32-x64\jre\21.0.12.1-win32-x86_64\bin\extnet.dll
Event: 15.317 Loaded shared library C:\Users\ishas\.vscode\extensions\redhat.java-1.56.0-win32-x64\jre\21.0.12.1-win32-x86_64\bin\extnet.dll
Event: 18.974 Attempting to load shared library C:\Users\ishas\.vscode\extensions\redhat.java-1.56.0-win32-x64\jre\21.0.12.1-win32-x86_64\bin\sunmscapi.dll
Event: 18.998 Loaded shared library C:\Users\ishas\.vscode\extensions\redhat.java-1.56.0-win32-x64\jre\21.0.12.1-win32-x86_64\bin\sunmscapi.dll

Deoptimization events (20 events):
Event: 19.284 Thread 0x0000025e6214ba00 Uncommon trap: trap_request=0xffffff45 fr.pc=0x0000025e5133d6f4 relative=0x00000000000000d4
Event: 19.284 Thread 0x0000025e6214ba00 Uncommon trap: reason=unstable_if action=reinterpret pc=0x0000025e5133d6f4 method=java.util.UUID.equals(Ljava/lang/Object;)Z @ 30 c2
Event: 19.284 Thread 0x0000025e6214ba00 DEOPT PACKING pc=0x0000025e5133d6f4 sp=0x000000bc6defde10
Event: 19.284 Thread 0x0000025e6214ba00 DEOPT UNPACKING pc=0x0000025e50cd4422 sp=0x000000bc6defdd38 mode 2
Event: 19.291 Thread 0x0000025e6214ba00 DEOPT PACKING pc=0x0000025e49bcc50c sp=0x000000bc6defda80
Event: 19.292 Thread 0x0000025e6214ba00 DEOPT UNPACKING pc=0x0000025e50cd4bc2 sp=0x000000bc6defcfd8 mode 0
Event: 19.292 Thread 0x0000025e6214ba00 DEOPT PACKING pc=0x0000025e49bcc50c sp=0x000000bc6defda80
Event: 19.292 Thread 0x0000025e6214ba00 DEOPT UNPACKING pc=0x0000025e50cd4bc2 sp=0x000000bc6defcfd8 mode 0
Event: 19.293 Thread 0x0000025e6214ba00 DEOPT PACKING pc=0x0000025e49bcc50c sp=0x000000bc6defda90
Event: 19.293 Thread 0x0000025e6214ba00 DEOPT UNPACKING pc=0x0000025e50cd4bc2 sp=0x000000bc6defcfe8 mode 0
Event: 19.297 Thread 0x0000025e6214ba00 DEOPT PACKING pc=0x0000025e49bcc50c sp=0x000000bc6defda30
Event: 19.297 Thread 0x0000025e6214ba00 DEOPT UNPACKING pc=0x0000025e50cd4bc2 sp=0x000000bc6defcf88 mode 0
Event: 19.313 Thread 0x0000025e62149fc0 Uncommon trap: trap_request=0xffffff6e fr.pc=0x0000025e512e402c relative=0x00000000000003ec
Event: 19.313 Thread 0x0000025e62149fc0 Uncommon trap: reason=loop_limit_check action=maybe_recompile pc=0x0000025e512e402c method=java.lang.StringLatin1.indexOf([BI[BII)I @ 37 c2
Event: 19.313 Thread 0x0000025e62149fc0 DEOPT PACKING pc=0x0000025e512e402c sp=0x000000bc6e2feea0
Event: 19.313 Thread 0x0000025e62149fc0 DEOPT UNPACKING pc=0x0000025e50cd4422 sp=0x000000bc6e2fee00 mode 2
Event: 19.465 Thread 0x0000025e62149fc0 Uncommon trap: trap_request=0xffffffcc fr.pc=0x0000025e5135198c relative=0x000000000000034c
Event: 19.465 Thread 0x0000025e62149fc0 Uncommon trap: reason=intrinsic_or_type_checked_inlining action=make_not_entrant pc=0x0000025e5135198c method=java.util.Arrays.copyOf([Ljava/lang/Object;ILjava/lang/Class;)[Ljava/lang/Object; @ 35 c2
Event: 19.465 Thread 0x0000025e62149fc0 DEOPT PACKING pc=0x0000025e5135198c sp=0x000000bc6e2fe0f0
Event: 19.465 Thread 0x0000025e62149fc0 DEOPT UNPACKING pc=0x0000025e50cd4422 sp=0x000000bc6e2fe098 mode 2

Classes loaded (20 events):
Event: 19.327 Loading class java/lang/invoke/DirectMethodHandle$StaticAccessor
Event: 19.327 Loading class java/lang/invoke/DirectMethodHandle$StaticAccessor done
Event: 19.337 Loading class java/util/concurrent/CountDownLatch
Event: 19.337 Loading class java/util/concurrent/CountDownLatch done
Event: 19.337 Loading class java/util/concurrent/CountDownLatch$Sync
Event: 19.337 Loading class java/util/concurrent/CountDownLatch$Sync done
Event: 19.341 Loading class jdk/internal/event/ThreadSleepEvent
Event: 19.341 Loading class jdk/internal/event/ThreadSleepEvent done
Event: 19.342 Loading class java/math/MathContext
Event: 19.342 Loading class java/math/MathContext done
Event: 19.342 Loading class java/math/BigDecimal
Event: 19.344 Loading class java/math/BigDecimal done
Event: 19.376 Loading class sun/reflect/generics/tree/VoidDescriptor
Event: 19.376 Loading class sun/reflect/generics/tree/VoidDescriptor done
Event: 19.644 Loading class java/util/zip/DataFormatException
Event: 19.644 Loading class java/util/zip/DataFormatException done
Event: 19.644 Loading class java/io/InterruptedIOException
Event: 19.644 Loading class java/io/InterruptedIOException done
Event: 19.645 Loading class java/lang/invoke/WrongMethodTypeException
Event: 19.645 Loading class java/lang/invoke/WrongMethodTypeException done

Classes unloaded (0 events):
No events

Classes redefined (0 events):
No events

Internal exceptions (20 events):
Event: 14.221 Thread 0x0000025e44148fe0 Exception <a 'java/lang/NoSuchMethodError'{0x00000000af6426c0}: 'java.lang.Object java.lang.invoke.DirectMethodHandle$Holder.invokeVirtual(java.lang.Object, java.lang.Object, java.lang.Object, java.lang.Object, java.lang.Object, java.lang.Object)'> (0x00000000af6426c0) 
thrown [s\src\hotspot\share\interpreter\linkResolver.cpp, line 773]
Event: 14.438 Thread 0x0000025e44148fe0 Exception <a 'java/lang/NoSuchMethodError'{0x00000000af5a8c78}: 'java.lang.Object java.lang.invoke.DirectMethodHandle$Holder.invokeInterface(java.lang.Object, java.lang.Object)'> (0x00000000af5a8c78) 
thrown [s\src\hotspot\share\interpreter\linkResolver.cpp, line 773]
Event: 14.460 Thread 0x0000025e44148fe0 Exception <a 'java/lang/NoSuchMethodError'{0x00000000af5d02b8}: 'java.lang.Object java.lang.invoke.DirectMethodHandle$Holder.invokeVirtual(java.lang.Object, java.lang.Object, java.lang.Object, java.lang.Object, java.lang.Object)'> (0x00000000af5d02b8) 
thrown [s\src\hotspot\share\interpreter\linkResolver.cpp, line 773]
Event: 14.464 Thread 0x0000025e44148fe0 Exception <a 'java/lang/NoSuchMethodError'{0x00000000af5e34a8}: 'java.lang.Object java.lang.invoke.Invokers$Holder.invokeExact_MT(java.lang.Object, java.lang.Object, java.lang.Object, java.lang.Object, java.lang.Object, java.lang.Object)'> (0x00000000af5e34a8) 
thrown [s\src\hotspot\share\interpreter\linkResolver.cpp, line 773]
Event: 14.606 Thread 0x0000025e44148fe0 Exception <a 'java/lang/NoSuchMethodError'{0x00000000af469768}: 'java.lang.Object java.lang.invoke.DelegatingMethodHandle$Holder.reinvoke_L(java.lang.Object, java.lang.Object, java.lang.Object, java.lang.Object, java.lang.Object, java.lang.Object, java.lang.Object, java.lang.Object, java.lang.Object, java.lang.Object, java.lang.Object, java.lang.Object, java.lang.Object, java.lang.Object)'> (0x00000000af469768) 
thrown [s\src\hotspot\share\interpreter\linkResolver.cpp, line 773]
Event: 14.633 Thread 0x0000025e44148fe0 Exception <a 'java/lang/NoSuchMethodError'{0x00000000af332ac8}: 'java.lang.Object java.lang.invoke.DirectMethodHandle$Holder.invokeStatic(java.lang.Object, java.lang.Object, java.lang.Object, java.lang.Object, java.lang.Object, java.lang.Object, java.lang.Object, java.lang.Object, java.lang.Object, java.lang.Object, java.lang.Object, java.lang.Object, java.lang.Object)'> (0x00000000af332ac8) 
thrown [s\src\hotspot\share\interpreter\linkResolver.cpp, line 773]
Event: 14.637 Thread 0x0000025e44148fe0 Exception <a 'java/lang/NoSuchMethodError'{0x00000000af3520d0}: 'java.lang.Object java.lang.invoke.DirectMethodHandle$Holder.invokeStatic(java.lang.Object, java.lang.Object, java.lang.Object, java.lang.Object, java.lang.Object, java.lang.Object, java.lang.Object, java.lang.Object, java.lang.Object, java.lang.Object, java.lang.Object, java.lang.Object, java.lang.Object, java.lang.Object)'> (0x00000000af3520d0) 
thrown [s\src\hotspot\share\interpreter\linkResolver.cpp, line 773]
Event: 14.643 Thread 0x0000025e44148fe0 Exception <a 'java/lang/NoSuchMethodError'{0x00000000af372a48}: 'java.lang.Object java.lang.invoke.DirectMethodHandle$Holder.invokeStatic(java.lang.Object, java.lang.Object, java.lang.Object, java.lang.Object, java.lang.Object, java.lang.Object, java.lang.Object, java.lang.Object, java.lang.Object, java.lang.Object, java.lang.Object, java.lang.Object, java.lang.Object, java.lang.Object, java.lang.Object)'> (0x00000000af372a48) 
thrown [s\src\hotspot\share\interpreter\linkResolver.cpp, line 773]
Event: 14.648 Thread 0x0000025e44148fe0 Exception <a 'java/lang/NoSuchMethodError'{0x00000000af395858}: 'java.lang.Object java.lang.invoke.DirectMethodHandle$Holder.invokeStatic(java.lang.Object, java.lang.Object, java.lang.Object, java.lang.Object, java.lang.Object, java.lang.Object, java.lang.Object, java.lang.Object, java.lang.Object, java.lang.Object, java.lang.Object, java.lang.Object, java.lang.Object, java.lang.Object, java.lang.Object, java.lang.Object)'> (0x00000000af395858) 
thrown [s\src\hotspot\share\interpreter\linkResolver.cpp, lin
Event: 15.595 Thread 0x0000025e44148fe0 Exception <a 'java/lang/NoSuchMethodError'{0x00000000af0854a8}: 'java.lang.Object java.lang.invoke.DirectMethodHandle$Holder.invokeVirtual(java.lang.Object, java.lang.Object, java.lang.Object, java.lang.Object, java.lang.Object, java.lang.Object, java.lang.Object)'> (0x00000000af0854a8) 
thrown [s\src\hotspot\share\interpreter\linkResolver.cpp, line 773]
Event: 15.740 Thread 0x0000025e44148fe0 Exception <a 'java/lang/NoSuchMethodError'{0x00000000aef16cb8}: 'java.lang.Object java.lang.invoke.DirectMethodHandle$Holder.invokeVirtual(java.lang.Object, java.lang.Object, java.lang.Object, java.lang.Object, java.lang.Object, java.lang.Object, java.lang.Object, java.lang.Object, java.lang.Object)'> (0x00000000aef16cb8) 
thrown [s\src\hotspot\share\interpreter\linkResolver.cpp, line 773]
Event: 15.944 Thread 0x0000025e44148fe0 Exception <a 'java/lang/NoSuchMethodError'{0x00000000aeeb1a20}: 'java.lang.Object java.lang.invoke.DirectMethodHandle$Holder.invokeStaticInit(java.lang.Object, int, int, int, int)'> (0x00000000aeeb1a20) 
thrown [s\src\hotspot\share\interpreter\linkResolver.cpp, line 773]
Event: 16.291 Thread 0x0000025e44148fe0 Exception <a 'java/lang/NoSuchMethodError'{0x00000000aed82450}: 'java.lang.Object java.lang.invoke.DirectMethodHandle$Holder.invokeStaticInit(java.lang.Object, java.lang.Object, int, int, int, int)'> (0x00000000aed82450) 
thrown [s\src\hotspot\share\interpreter\linkResolver.cpp, line 773]
Event: 18.708 Thread 0x0000025e44148fe0 Exception <a 'java/io/IOException'{0x00000000aeac23f0}> (0x00000000aeac23f0) 
thrown [s\src\hotspot\share\prims\jni.cpp, line 520]
Event: 18.743 Thread 0x0000025e44148fe0 Implicit null exception at 0x0000025e51275424 to 0x0000025e51275a88
Event: 18.761 Thread 0x0000025e44148fe0 Exception <a 'java/lang/NoSuchMethodError'{0x00000000ae932450}: 'java.lang.Object java.lang.invoke.DirectMethodHandle$Holder.newInvokeSpecial(java.lang.Object, java.lang.Object, java.lang.Object, java.lang.Object, java.lang.Object)'> (0x00000000ae932450) 
thrown [s\src\hotspot\share\interpreter\linkResolver.cpp, line 773]
Event: 19.303 Thread 0x0000025e6214ba00 Exception <a 'java/lang/NoSuchMethodError'{0x00000000ae333fb0}: 'void java.lang.invoke.DirectMethodHandle$Holder.invokeSpecial(java.lang.Object, java.lang.Object, java.lang.Object)'> (0x00000000ae333fb0) 
thrown [s\src\hotspot\share\interpreter\linkResolver.cpp, line 773]
Event: 19.555 Thread 0x0000025e62149fc0 Exception <a 'java/lang/NoSuchMethodError'{0x00000000ade3f018}: 'long java.lang.invoke.DirectMethodHandle$Holder.invokeInterface(java.lang.Object, java.lang.Object)'> (0x00000000ade3f018) 
thrown [s\src\hotspot\share\interpreter\linkResolver.cpp, line 773]
Event: 19.644 Thread 0x0000025e62149fc0 Exception <a 'java/io/IOException'{0x00000000adebd4d8}> (0x00000000adebd4d8) 
thrown [s\src\hotspot\share\prims\jni.cpp, line 520]
Event: 19.645 Thread 0x0000025e62149fc0 Exception <a 'java/lang/NoClassDefFoundError'{0x00000000adebf3c8}: org/gradle/internal/service/ServiceRegistryBuilder$1> (0x00000000adebf3c8) 
thrown [s\src\hotspot\share\classfile\systemDictionary.cpp, line 302]

ZGC Phase Switch (0 events):
No events

VM Operations (20 events):
Event: 14.738 Executing non-safepoint VM operation: HandshakeAllThreads (Deoptimize)
Event: 14.738 Executing non-safepoint VM operation: HandshakeAllThreads (Deoptimize) done
Event: 15.591 Executing non-safepoint VM operation: HandshakeAllThreads (Deoptimize)
Event: 15.591 Executing non-safepoint VM operation: HandshakeAllThreads (Deoptimize) done
Event: 15.591 Executing safepoint VM operation: Cleanup
Event: 15.591 Executing safepoint VM operation: Cleanup done
Event: 15.877 Executing non-safepoint VM operation: HandshakeAllThreads (Deoptimize)
Event: 15.877 Executing non-safepoint VM operation: HandshakeAllThreads (Deoptimize) done
Event: 16.087 Executing non-safepoint VM operation: HandshakeAllThreads (Deoptimize)
Event: 16.087 Executing non-safepoint VM operation: HandshakeAllThreads (Deoptimize) done
Event: 17.095 Executing safepoint VM operation: Cleanup
Event: 17.095 Executing safepoint VM operation: Cleanup done
Event: 18.869 Executing non-safepoint VM operation: HandshakeAllThreads (Deoptimize)
Event: 18.869 Executing non-safepoint VM operation: HandshakeAllThreads (Deoptimize) done
Event: 18.869 Executing safepoint VM operation: Cleanup
Event: 18.869 Executing safepoint VM operation: Cleanup done
Event: 19.107 Executing non-safepoint VM operation: HandshakeAllThreads (Deoptimize)
Event: 19.107 Executing non-safepoint VM operation: HandshakeAllThreads (Deoptimize) done
Event: 19.645 Executing non-safepoint VM operation: HandshakeAllThreads (Deoptimize)
Event: 19.645 Executing non-safepoint VM operation: HandshakeAllThreads (Deoptimize) done

Memory protections (0 events):
No events

Nmethod flushes (0 events):
No events

Events (20 events):
Event: 0.291 Thread 0x0000025e44148fe0 Thread added: 0x0000025e5d655520
Event: 0.291 Thread 0x0000025e44148fe0 Thread added: 0x0000025e5d658310
Event: 0.291 Thread 0x0000025e44148fe0 Thread added: 0x0000025e5d6575f0
Event: 0.291 Thread 0x0000025e44148fe0 Thread added: 0x0000025e5d65e560
Event: 0.293 Thread 0x0000025e44148fe0 Thread added: 0x0000025e5d660a40
Event: 0.909 Thread 0x0000025e44148fe0 Thread added: 0x0000025e5d656240
Event: 1.099 Thread 0x0000025e44148fe0 Thread added: 0x0000025e5d655bb0
Event: 4.107 Thread 0x0000025e5d660a40 Thread added: 0x0000025e5d9ef500
Event: 4.351 Thread 0x0000025e5d9ef500 Thread exited: 0x0000025e5d9ef500
Event: 14.489 Thread 0x0000025e44148fe0 Thread added: 0x0000025e5d654e90
Event: 16.332 Thread 0x0000025e44148fe0 Thread added: 0x0000025e6214ace0
Event: 18.778 Thread 0x0000025e44148fe0 Thread added: 0x0000025e6214b370
Event: 19.119 Thread 0x0000025e6214ace0 Thread added: 0x0000025e6214ba00
Event: 19.132 Thread 0x0000025e6214ba00 Thread added: 0x0000025e6214d440
Event: 19.271 Thread 0x0000025e6214ba00 Thread added: 0x0000025e6214c090
Event: 19.291 Thread 0x0000025e5d660a40 Thread added: 0x0000025e62bd8790
Event: 19.306 Thread 0x0000025e6214ba00 Thread added: 0x0000025e62149fc0
Event: 19.340 Thread 0x0000025e62149fc0 Thread added: 0x0000025e6214dad0
Event: 19.351 Thread 0x0000025e62149fc0 Thread added: 0x0000025e6214c720
Event: 19.358 Thread 0x0000025e62149fc0 Thread added: 0x0000025e6214a650


Dynamic libraries:
0x00007ff6906c0000 - 0x00007ff6906ce000 	C:\Users\ishas\.vscode\extensions\redhat.java-1.56.0-win32-x64\jre\21.0.12.1-win32-x86_64\bin\java.exe
0x00007fff22660000 - 0x00007fff228c7000 	C:\Windows\SYSTEM32\ntdll.dll
0x00007fff21bc0000 - 0x00007fff21c8b000 	C:\Windows\System32\KERNEL32.DLL
0x00007fff1fcd0000 - 0x00007fff200d2000 	C:\Windows\System32\KERNELBASE.dll
0x00007fff1fb70000 - 0x00007fff1fcbc000 	C:\Windows\System32\ucrtbase.dll
0x00007ffeb4c70000 - 0x00007ffeb4c88000 	C:\Users\ishas\.vscode\extensions\redhat.java-1.56.0-win32-x64\jre\21.0.12.1-win32-x86_64\bin\jli.dll
0x00007fff222b0000 - 0x00007fff2247f000 	C:\Windows\System32\USER32.dll
0x00007fff20220000 - 0x00007fff20247000 	C:\Windows\System32\win32u.dll
0x00007fff21d20000 - 0x00007fff21d4b000 	C:\Windows\System32\GDI32.dll
0x00007fff20250000 - 0x00007fff20379000 	C:\Windows\System32\gdi32full.dll
0x00007fff200e0000 - 0x00007fff20183000 	C:\Windows\System32\msvcp_win.dll
0x00007ffee06c0000 - 0x00007ffee06de000 	C:\Users\ishas\.vscode\extensions\redhat.java-1.56.0-win32-x64\jre\21.0.12.1-win32-x86_64\bin\VCRUNTIME140.dll
0x00007fff08e50000 - 0x00007fff090e0000 	C:\Windows\WinSxS\amd64_microsoft.windows.common-controls_6595b64144ccf1df_6.0.26100.9278_none_3e0d1ba8e3303201\COMCTL32.dll
0x00007fff20460000 - 0x00007fff20509000 	C:\Windows\System32\msvcrt.dll
0x00007fff21eb0000 - 0x00007fff21ee1000 	C:\Windows\System32\IMM32.DLL
0x00007fff1bf50000 - 0x00007fff1bf5c000 	C:\Users\ishas\.vscode\extensions\redhat.java-1.56.0-win32-x64\jre\21.0.12.1-win32-x86_64\bin\vcruntime140_1.dll
0x00007ffeac2d0000 - 0x00007ffeac35d000 	C:\Users\ishas\.vscode\extensions\redhat.java-1.56.0-win32-x64\jre\21.0.12.1-win32-x86_64\bin\msvcp140.dll
0x00007ffe828b0000 - 0x00007ffe83652000 	C:\Users\ishas\.vscode\extensions\redhat.java-1.56.0-win32-x64\jre\21.0.12.1-win32-x86_64\bin\server\jvm.dll
0x00007fff21ef0000 - 0x00007fff21fac000 	C:\Windows\System32\ADVAPI32.dll
0x00007fff21e00000 - 0x00007fff21ea9000 	C:\Windows\System32\sechost.dll
0x00007fff22500000 - 0x00007fff22618000 	C:\Windows\System32\RPCRT4.dll
0x00007fff21c90000 - 0x00007fff21d10000 	C:\Windows\System32\WS2_32.dll
0x00007fff1f6c0000 - 0x00007fff1f71e000 	C:\Windows\SYSTEM32\POWRPROF.dll
0x00007fff17580000 - 0x00007fff175b6000 	C:\Windows\SYSTEM32\WINMM.dll
0x00007fff0cde0000 - 0x00007fff0cdeb000 	C:\Windows\SYSTEM32\VERSION.dll
0x00007fff1f6a0000 - 0x00007fff1f6b5000 	C:\Windows\SYSTEM32\UMPDC.dll
0x00007fff1e530000 - 0x00007fff1e54b000 	C:\Windows\SYSTEM32\kernel.appcore.dll
0x00007fff17090000 - 0x00007fff1709a000 	C:\Users\ishas\.vscode\extensions\redhat.java-1.56.0-win32-x64\jre\21.0.12.1-win32-x86_64\bin\jimage.dll
0x00007fff1ce70000 - 0x00007fff1d0bc000 	C:\Windows\SYSTEM32\DBGHELP.DLL
0x00007fff20ed0000 - 0x00007fff21255000 	C:\Windows\System32\combase.dll
0x00007fff21a50000 - 0x00007fff21b29000 	C:\Windows\System32\OLEAUT32.dll
0x00007fff17540000 - 0x00007fff1757b000 	C:\Windows\SYSTEM32\dbgcore.DLL
0x00007fff1fab0000 - 0x00007fff1fb5c000 	C:\Windows\System32\bcryptPrimitives.dll
0x00007ffebe020000 - 0x00007ffebe02f000 	C:\Users\ishas\.vscode\extensions\redhat.java-1.56.0-win32-x64\jre\21.0.12.1-win32-x86_64\bin\instrument.dll
0x00007ffedcd90000 - 0x00007ffedcdb0000 	C:\Users\ishas\.vscode\extensions\redhat.java-1.56.0-win32-x64\jre\21.0.12.1-win32-x86_64\bin\java.dll
0x00007fff20510000 - 0x00007fff20ca8000 	C:\Windows\System32\SHELL32.dll
0x00007fff1d290000 - 0x00007fff1db3e000 	C:\Windows\SYSTEM32\windows.storage.dll
0x00007fff21fc0000 - 0x00007fff220bb000 	C:\Windows\System32\SHCORE.dll
0x00007fff22490000 - 0x00007fff224f6000 	C:\Windows\System32\shlwapi.dll
0x00007fff1f780000 - 0x00007fff1f7a9000 	C:\Windows\SYSTEM32\profapi.dll
0x00007ffedcd70000 - 0x00007ffedcd88000 	C:\Users\ishas\.vscode\extensions\redhat.java-1.56.0-win32-x64\jre\21.0.12.1-win32-x86_64\bin\zip.dll
0x00007ffee04e0000 - 0x00007ffee04f0000 	C:\Users\ishas\.vscode\extensions\redhat.java-1.56.0-win32-x64\jre\21.0.12.1-win32-x86_64\bin\net.dll
0x00007fff0dc00000 - 0x00007fff0dd2a000 	C:\Windows\SYSTEM32\WINHTTP.dll
0x00007fff1eaf0000 - 0x00007fff1eb5c000 	C:\Windows\system32\mswsock.dll
0x00007ffedcd50000 - 0x00007ffedcd66000 	C:\Users\ishas\.vscode\extensions\redhat.java-1.56.0-win32-x64\jre\21.0.12.1-win32-x86_64\bin\nio.dll
0x00007ffebc9a0000 - 0x00007ffebc9b0000 	C:\Users\ishas\.vscode\extensions\redhat.java-1.56.0-win32-x64\jre\21.0.12.1-win32-x86_64\bin\verify.dll
0x00007ffeac360000 - 0x00007ffeac387000 	C:\Users\ishas\.gradle\native\1def1411415f61bf3af743bc5b6707747c0891f09f0c88961ee8f79bc544acac\windows-amd64\native-platform.dll
0x00007ffe88010000 - 0x00007ffe88088000 	C:\Users\ishas\.gradle\native\0.2.7\x86_64-windows-gnu\gradle-fileevents.dll
0x00007ffebc890000 - 0x00007ffebc89a000 	C:\Users\ishas\.vscode\extensions\redhat.java-1.56.0-win32-x64\jre\21.0.12.1-win32-x86_64\bin\management.dll
0x00007ffebc430000 - 0x00007ffebc43c000 	C:\Users\ishas\.vscode\extensions\redhat.java-1.56.0-win32-x64\jre\21.0.12.1-win32-x86_64\bin\management_ext.dll
0x00007fff20380000 - 0x00007fff20388000 	C:\Windows\System32\PSAPI.DLL
0x00007fff1df00000 - 0x00007fff1df33000 	C:\Windows\SYSTEM32\IPHLPAPI.DLL
0x00007fff22280000 - 0x00007fff2228a000 	C:\Windows\System32\NSI.dll
0x00007ffeb9d70000 - 0x00007ffeb9d79000 	C:\Users\ishas\.vscode\extensions\redhat.java-1.56.0-win32-x64\jre\21.0.12.1-win32-x86_64\bin\extnet.dll
0x00007fff1ede0000 - 0x00007fff1edfb000 	C:\Windows\SYSTEM32\CRYPTSP.dll
0x00007fff1e490000 - 0x00007fff1e4c9000 	C:\Windows\system32\rsaenh.dll
0x00007fff1eba0000 - 0x00007fff1ebd4000 	C:\Windows\SYSTEM32\USERENV.dll
0x00007fff1f750000 - 0x00007fff1f77a000 	C:\Windows\SYSTEM32\bcrypt.dll
0x00007fff1ee00000 - 0x00007fff1ee0c000 	C:\Windows\SYSTEM32\CRYPTBASE.dll
0x00007ffeb9300000 - 0x00007ffeb930e000 	C:\Users\ishas\.vscode\extensions\redhat.java-1.56.0-win32-x64\jre\21.0.12.1-win32-x86_64\bin\sunmscapi.dll
0x00007fff1f860000 - 0x00007fff1f9de000 	C:\Windows\System32\CRYPT32.dll
0x00007fff1f020000 - 0x00007fff1f050000 	C:\Windows\SYSTEM32\ncrypt.dll
0x00007fff1efd0000 - 0x00007fff1f00f000 	C:\Windows\SYSTEM32\NTASN1.dll
0x00007fff01a10000 - 0x00007fff01a18000 	C:\Windows\system32\wshunix.dll

JVMTI agents:
C:\Users\ishas\.gradle\wrapper\dists\gradle-8.14.3-all\10utluxaxniiv4wxiphsi49nj\gradle-8.14.3\lib\agents\gradle-instrumentation-agent-8.14.3.jar path:C:\Users\ishas\.vscode\extensions\redhat.java-1.56.0-win32-x64\jre\21.0.12.1-win32-x86_64\bin\instrument.dll, loaded, initialized, instrumentlib options:none

dbghelp: loaded successfully - version: 4.0.5 - missing functions: none
symbol engine: initialized successfully - sym options: 0x614 - pdb path: .;C:\Users\ishas\.vscode\extensions\redhat.java-1.56.0-win32-x64\jre\21.0.12.1-win32-x86_64\bin;C:\Windows\SYSTEM32;C:\Windows\WinSxS\amd64_microsoft.windows.common-controls_6595b64144ccf1df_6.0.26100.9278_none_3e0d1ba8e3303201;C:\Users\ishas\.vscode\extensions\redhat.java-1.56.0-win32-x64\jre\21.0.12.1-win32-x86_64\bin\server;C:\Users\ishas\.gradle\native\1def1411415f61bf3af743bc5b6707747c0891f09f0c88961ee8f79bc544acac\windows-amd64;C:\Users\ishas\.gradle\native\0.2.7\x86_64-windows-gnu

VM Arguments:
jvm_args: --add-opens=java.base/java.lang=ALL-UNNAMED --add-opens=java.base/java.lang.invoke=ALL-UNNAMED --add-opens=java.base/java.util=ALL-UNNAMED --add-opens=java.prefs/java.util.prefs=ALL-UNNAMED --add-exports=jdk.compiler/com.sun.tools.javac.api=ALL-UNNAMED --add-exports=jdk.compiler/com.sun.tools.javac.util=ALL-UNNAMED --add-opens=java.base/java.util=ALL-UNNAMED --add-opens=java.prefs/java.util.prefs=ALL-UNNAMED --add-opens=java.base/java.nio.charset=ALL-UNNAMED --add-opens=java.base/java.net=ALL-UNNAMED --add-opens=java.base/java.util.concurrent.atomic=ALL-UNNAMED --add-opens=java.xml/javax.xml.namespace=ALL-UNNAMED -Xmx1536m -Dfile.encoding=UTF-8 -Duser.country=IN -Duser.language=en -Duser.variant -javaagent:C:\Users\ishas\.gradle\wrapper\dists\gradle-8.14.3-all\10utluxaxniiv4wxiphsi49nj\gradle-8.14.3\lib\agents\gradle-instrumentation-agent-8.14.3.jar 
java_command: org.gradle.launcher.daemon.bootstrap.GradleDaemon 8.14.3
java_class_path (initial): C:\Users\ishas\.gradle\wrapper\dists\gradle-8.14.3-all\10utluxaxniiv4wxiphsi49nj\gradle-8.14.3\lib\gradle-daemon-main-8.14.3.jar
Launcher Type: SUN_STANDARD

[Global flags]
     intx CICompilerCount                          = 4                                         {product} {ergonomic}
     uint ConcGCThreads                            = 3                                         {product} {ergonomic}
     uint G1ConcRefinementThreads                  = 10                                        {product} {ergonomic}
   size_t G1HeapRegionSize                         = 1048576                                   {product} {ergonomic}
    uintx GCDrainStackTargetSize                   = 64                                        {product} {ergonomic}
   size_t InitialHeapSize                          = 264241152                                 {product} {ergonomic}
   size_t MarkStackSize                            = 4194304                                   {product} {ergonomic}
   size_t MaxHeapSize                              = 1610612736                                {product} {command line}
   size_t MaxNewSize                               = 965738496                                 {product} {ergonomic}
   size_t MinHeapDeltaBytes                        = 1048576                                   {product} {ergonomic}
   size_t MinHeapSize                              = 8388608                                   {product} {ergonomic}
    uintx NonNMethodCodeHeapSize                   = 5839372                                {pd product} {ergonomic}
    uintx NonProfiledCodeHeapSize                  = 122909434                              {pd product} {ergonomic}
    uintx ProfiledCodeHeapSize                     = 122909434                              {pd product} {ergonomic}
    uintx ReservedCodeCacheSize                    = 251658240                              {pd product} {ergonomic}
     bool SegmentedCodeCache                       = true                                      {product} {ergonomic}
   size_t SoftMaxHeapSize                          = 1610612736                             {manageable} {ergonomic}
     bool UseCompressedOops                        = true                           {product lp64_product} {ergonomic}
     bool UseG1GC                                  = true                                      {product} {ergonomic}
     bool UseLargePagesIndividualAllocation        = false                                  {pd product} {ergonomic}

Logging:
Log output configuration:
 #0: stdout all=warning uptime,level,tags foldmultilines=false
 #1: stderr all=off uptime,level,tags foldmultilines=false

Release file:
JAVA_VERSION="21.0.12.1" 
MODULES="java.base java.compiler java.datatransfer java.xml java.prefs java.desktop java.instrument java.logging java.management java.security.sasl java.naming java.rmi java.management.rmi java.net.http java.scripting java.security.jgss java.transaction.xa java.sql java.sql.rowset java.xml.crypto java.se java.smartcardio jdk.accessibility jdk.internal.jvmstat jdk.attach jdk.charsets jdk.internal.opt jdk.zipfs jdk.compiler jdk.crypto.ec jdk.crypto.cryptoki jdk.crypto.mscapi jdk.dynalink jdk.internal.ed jdk.editpad jdk.hotspot.agent jdk.httpserver jdk.internal.le jdk.internal.vm.ci jdk.internal.vm.compiler jdk.internal.vm.compiler.management jdk.jartool jdk.javadoc jdk.jcmd jdk.management jdk.management.agent jdk.jconsole jdk.jdeps jdk.jdwp.agent jdk.jdi jdk.jfr jdk.jshell jdk.jsobject jdk.jstatd jdk.localedata jdk.management.jfr jdk.naming.dns jdk.naming.rmi jdk.net jdk.nio.mapmode jdk.random jdk.sctp jdk.security.auth jdk.security.jgss jdk.unsupported jdk.unsupported.desktop jdk.xml.dom" 

Environment Variables:
PATH=C:\Program Files\Microsoft\jdk-17.0.12.7-hotspot\bin;C:\Program Files\Eclipse Adoptium\jdk-17.0.17.10-hotspot\bin;C:\Windows\system32;C:\Windows;C:\Windows\System32\Wbem;C:\Windows\System32\WindowsPowerShell\v1.0\;C:\Windows\System32\OpenSSH\;C:\Program Files\nodejs\;C:\Users\ishas\Downloads\apache-maven-3.9.11-bin\apache-maven-3.9.11\bin;C:\Users\ishas\Downloads\apache-maven-3.9.11-bin\apache-maven-3.9.11\bin;C:\Program Files\MySQL\MySQL Server 8.0\bin;C:\Users\ishas\AppData\Local\Programs\Python\Python313;C:\Program Files\Git\cmd;C:\Users\ishas\AppData\Local\Programs\Python\Launcher\;C:\Program Files\MySQL\MySQL Shell 8.0\bin\;C:\Users\ishas\AppData\Local\Microsoft\WindowsApps;C:\Users\ishas\AppData\Local\Programs\Microsoft VS Code\bin;C:\Users\ishas\AppData\Roaming\npm
USERNAME=ishas
OS=Windows_NT
PROCESSOR_IDENTIFIER=Intel64 Family 6 Model 186 Stepping 2, GenuineIntel
TMP=C:\Users\ishas\AppData\Local\Temp
TEMP=C:\Users\ishas\AppData\Local\Temp




Periodic native trim disabled

---------------  S Y S T E M  ---------------

OS:
 Windows 11 , 64 bit Build 26100 (10.0.26100.9444)
OS uptime: 0 days 0:24 hours
Hyper-V role detected

CPU: total 12 (initial active 12) (6 cores per cpu, 2 threads per core) family 6 model 186 stepping 2 microcode 0x4122, cx8, cmov, fxsr, ht, mmx, 3dnowpref, sse, sse2, sse3, ssse3, sse4.1, sse4.2, popcnt, lzcnt, tsc, tscinvbit, avx, avx2, aes, erms, clmul, bmi1, bmi2, adx, sha, fma, vzeroupper, clflush, clflushopt, clwb, hv, serialize, rdtscp, rdpid, fsrm, f16c, cet_ibt, cet_ss
Processor Information for processor 0
  Max Mhz: 2100, Current Mhz: 2100, Mhz Limit: 2100
Processor Information for processor 1
  Max Mhz: 2100, Current Mhz: 2100, Mhz Limit: 2100
Processor Information for processor 2
  Max Mhz: 2100, Current Mhz: 1453, Mhz Limit: 2100
Processor Information for processor 3
  Max Mhz: 2100, Current Mhz: 2100, Mhz Limit: 2100
Processor Information for processor 4
  Max Mhz: 2100, Current Mhz: 2100, Mhz Limit: 2100
Processor Information for processor 5
  Max Mhz: 2100, Current Mhz: 2100, Mhz Limit: 2100
Processor Information for processor 6
  Max Mhz: 2100, Current Mhz: 2100, Mhz Limit: 2100
Processor Information for processor 7
  Max Mhz: 2100, Current Mhz: 2100, Mhz Limit: 2100
Processor Information for processor 8
  Max Mhz: 2100, Current Mhz: 2100, Mhz Limit: 2100
Processor Information for processor 9
  Max Mhz: 2100, Current Mhz: 2100, Mhz Limit: 2100
Processor Information for processor 10
  Max Mhz: 2100, Current Mhz: 1540, Mhz Limit: 2100
Processor Information for processor 11
  Max Mhz: 2100, Current Mhz: 1540, Mhz Limit: 2100

Memory: 4k page, system-wide physical 16076M (419M free)
TotalPageFile size 65228M (AvailPageFile size 342M)
current process WorkingSet (physical memory assigned to process): 150M, peak: 150M
current process commit charge ("private bytes"): 380M, peak: 380M

vm_info: OpenJDK 64-Bit Server VM (21.0.12.1+1-LTS) for windows-amd64 JRE (21.0.12.1+1-LTS), built on 2026-08-18T00:00:00Z by "admin" with MS VC++ 17.12 (VS2022)

END.
