#
# There is insufficient memory for the Java Runtime Environment to continue.
# Native memory allocation (mmap) failed to map 65536 bytes. Error detail: Failed to commit metaspace.
# Possible reasons:
#   The system is out of physical RAM or swap space
#   This process is running with CompressedOops enabled, and the Java Heap may be blocking the growth of the native heap
# Possible solutions:
#   Reduce memory load on the system
#   Increase physical memory or swap space
#   Check if swap backing store is full
#   Decrease Java heap size (-Xmx/-Xms)
#   Decrease number of Java threads
#   Decrease Java thread stack sizes (-Xss)
#   Set larger code cache with -XX:ReservedCodeCacheSize=
#   JVM is running with Unscaled Compressed Oops mode in which the Java heap is
#     placed in the first 4GB address space. The Java Heap base address is the
#     maximum limit for the native heap growth. Please use -XX:HeapBaseMinAddress
#     to set the Java Heap base and to place the Java Heap above 4GB virtual address.
# This output file may be truncated or incomplete.
#
#  Out of Memory Error (virtualSpaceNode.cpp:113), pid=64492, tid=51448
#
# JRE version: OpenJDK Runtime Environment Temurin-21.0.12.1+1 (21.0.12.1+1) (build 21.0.12.1+1-LTS)
# Java VM: OpenJDK 64-Bit Server VM Temurin-21.0.12.1+1 (21.0.12.1+1-LTS, mixed mode, sharing, tiered, compressed oops, compressed class ptrs, g1 gc, windows-amd64)
# No core dump will be written. Minidumps are not enabled by default on client versions of Windows
#

---------------  S U M M A R Y ------------

Command Line: --add-opens=java.base/java.lang=ALL-UNNAMED --add-opens=java.base/java.lang.invoke=ALL-UNNAMED --add-opens=java.base/java.util=ALL-UNNAMED --add-opens=java.prefs/java.util.prefs=ALL-UNNAMED --add-exports=jdk.compiler/com.sun.tools.javac.api=ALL-UNNAMED --add-exports=jdk.compiler/com.sun.tools.javac.util=ALL-UNNAMED --add-opens=java.base/java.util=ALL-UNNAMED --add-opens=java.prefs/java.util.prefs=ALL-UNNAMED --add-opens=java.base/java.nio.charset=ALL-UNNAMED --add-opens=java.base/java.net=ALL-UNNAMED --add-opens=java.base/java.util.concurrent.atomic=ALL-UNNAMED --add-opens=java.xml/javax.xml.namespace=ALL-UNNAMED -Xmx1536m -Dfile.encoding=UTF-8 -Duser.country=IN -Duser.language=en -Duser.variant -javaagent:C:\Users\ishas\.gradle\wrapper\dists\gradle-8.14.3-all\10utluxaxniiv4wxiphsi49nj\gradle-8.14.3\lib\agents\gradle-instrumentation-agent-8.14.3.jar org.gradle.launcher.daemon.bootstrap.GradleDaemon 8.14.3

Host: 13th Gen Intel(R) Core(TM) i5-13420H, 12 cores, 15G,  Windows 11 , 64 bit Build 26100 (10.0.26100.9444)
Time: Mon Sep 14 18:21:36 2026 India Standard Time elapsed time: 24.209010 seconds (0d 0h 0m 24s)

---------------  T H R E A D  ---------------

Current thread (0x00000229d4157d60):  JavaThread "Daemon worker"        [_thread_in_vm, id=51448, stack(0x0000008d63300000,0x0000008d63400000) (1024K)]

Stack: [0x0000008d63300000,0x0000008d63400000]
Native frames: (J=compiled Java code, j=interpreted, Vv=VM code, C=native code)
V  [jvm.dll+0x6d83e9]
V  [jvm.dll+0x8b5736]
V  [jvm.dll+0x8b7cee]
V  [jvm.dll+0x8b83d3]
V  [jvm.dll+0x284596]
V  [jvm.dll+0x8b147e]
V  [jvm.dll+0x679ad4]
V  [jvm.dll+0x1e849b]
V  [jvm.dll+0x1e825e]
V  [jvm.dll+0x67c3d2]
V  [jvm.dll+0x67c202]
V  [jvm.dll+0x67a4ae]
V  [jvm.dll+0x26f864]
V  [jvm.dll+0x21a11f]
V  [jvm.dll+0x20f80e]
V  [jvm.dll+0x5b6a7f]
V  [jvm.dll+0x82f606]
V  [jvm.dll+0x4792f8]
V  [jvm.dll+0x47f128]
C  [java.dll+0x17ec]

Java frames: (J=compiled Java code, j=interpreted, Vv=VM code)
J 844  java.lang.ClassLoader.defineClass1(Ljava/lang/ClassLoader;Ljava/lang/String;[BIILjava/security/ProtectionDomain;Ljava/lang/String;)Ljava/lang/Class; java.base@21.0.12.1 (0 bytes) @ 0x0000022987b29791 [0x0000022987b296c0+0x00000000000000d1]
J 1522 c1 java.lang.ClassLoader.defineClass(Ljava/lang/String;[BIILjava/security/ProtectionDomain;)Ljava/lang/Class; java.base@21.0.12.1 (43 bytes) @ 0x00000229802e1674 [0x00000229802e1320+0x0000000000000354]
J 1165 c1 java.security.SecureClassLoader.defineClass(Ljava/lang/String;[BIILjava/security/CodeSource;)Ljava/lang/Class; java.base@21.0.12.1 (16 bytes) @ 0x00000229801f8d1c [0x00000229801f8c40+0x00000000000000dc]
J 1513 c1 java.net.URLClassLoader.defineClass(Ljava/lang/String;Ljdk/internal/loader/Resource;)Ljava/lang/Class; java.base@21.0.12.1 (224 bytes) @ 0x00000229802d8644 [0x00000229802d6f00+0x0000000000001744]
J 941 c1 java.net.URLClassLoader$1.run()Ljava/lang/Class; java.base@21.0.12.1 (81 bytes) @ 0x00000229801971ec [0x00000229801965c0+0x0000000000000c2c]
J 940 c1 java.net.URLClassLoader$1.run()Ljava/lang/Object; java.base@21.0.12.1 (5 bytes) @ 0x0000022980196054 [0x0000022980195fc0+0x0000000000000094]
J 747 c1 java.security.AccessController.doPrivileged(Ljava/security/PrivilegedExceptionAction;Ljava/security/AccessControlContext;)Ljava/lang/Object; java.base@21.0.12.1 (26 bytes) @ 0x000002298013840c [0x0000022980138220+0x00000000000001ec]
J 891 c1 java.net.URLClassLoader.findClass(Ljava/lang/String;)Ljava/lang/Class; java.base@21.0.12.1 (47 bytes) @ 0x0000022980183b44 [0x00000229801839a0+0x00000000000001a4]
J 846 c1 java.lang.ClassLoader.loadClass(Ljava/lang/String;Z)Ljava/lang/Class; java.base@21.0.12.1 (121 bytes) @ 0x0000022980169ea4 [0x00000229801698e0+0x00000000000005c4]
J 846 c1 java.lang.ClassLoader.loadClass(Ljava/lang/String;Z)Ljava/lang/Class; java.base@21.0.12.1 (121 bytes) @ 0x0000022980169c6c [0x00000229801698e0+0x000000000000038c]
J 937 c1 java.lang.ClassLoader.loadClass(Ljava/lang/String;)Ljava/lang/Class; java.base@21.0.12.1 (7 bytes) @ 0x0000022980195354 [0x0000022980195240+0x0000000000000114]
v  ~StubRoutines::call_stub 0x000002298753100d
J 2766  java.lang.Class.getDeclaredMethods0(Z)[Ljava/lang/reflect/Method; java.base@21.0.12.1 (0 bytes) @ 0x0000022987c1c113 [0x0000022987c1c0c0+0x0000000000000053]
J 2728 c1 java.lang.Class.privateGetDeclaredMethods(Z)[Ljava/lang/reflect/Method; java.base@21.0.12.1 (64 bytes) @ 0x000002298053d2bc [0x000002298053d140+0x000000000000017c]
j  java.lang.Class.getDeclaredMethods()[Ljava/lang/reflect/Method;+20 java.base@21.0.12.1
j  org.gradle.internal.service.RelevantMethods$RelevantMethodsBuilder.build()Lorg/gradle/internal/service/RelevantMethods;+18
j  org.gradle.internal.service.RelevantMethods.getMethods(Ljava/lang/Class;)Lorg/gradle/internal/service/RelevantMethods;+25
j  org.gradle.internal.service.DefaultServiceRegistry.findProviderMethods(Lorg/gradle/internal/service/ServiceRegistrationProvider;Lorg/gradle/internal/service/ServiceAccessToken;)V+6
j  org.gradle.internal.service.DefaultServiceRegistry.addProvider(Lorg/gradle/internal/service/ServiceRegistrationProvider;)Lorg/gradle/internal/service/DefaultServiceRegistry;+18
j  org.gradle.internal.service.DefaultServiceRegistry$1.addProvider(Lorg/gradle/internal/service/ServiceRegistrationProvider;)V+5
j  org.gradle.internal.cc.impl.ConfigurationCacheServices.registerBuildTreeServices(Lorg/gradle/internal/service/ServiceRegistration;)V+117
j  org.gradle.internal.buildtree.BuildTreeScopeServices.configure(Lorg/gradle/internal/service/ServiceRegistration;Ljava/util/List;)V+30
j  java.lang.invoke.LambdaForm$DMH+0x00000229900b0000.invokeVirtual(Ljava/lang/Object;Ljava/lang/Object;Ljava/lang/Object;Ljava/lang/Object;)V+14 java.base@21.0.12.1
j  java.lang.invoke.LambdaForm$MH+0x0000022990290c00.invoke(Ljava/lang/Object;Ljava/lang/Object;Ljava/lang/Object;Ljava/lang/Object;)Ljava/lang/Object;+73 java.base@21.0.12.1
J 2445 c1 jdk.internal.reflect.DirectMethodHandleAccessor.invoke(Ljava/lang/Object;[Ljava/lang/Object;)Ljava/lang/Object; java.base@21.0.12.1 (92 bytes) @ 0x00000229804a47e4 [0x00000229804a3240+0x00000000000015a4]
J 2444 c1 java.lang.reflect.Method.invoke(Ljava/lang/Object;[Ljava/lang/Object;)Ljava/lang/Object; java.base@21.0.12.1 (108 bytes) @ 0x00000229804a2354 [0x00000229804a1e40+0x0000000000000514]
j  org.gradle.internal.reflect.JavaMethod.invoke(Ljava/lang/Object;[Ljava/lang/Object;)Ljava/lang/Object;+6
j  org.gradle.internal.service.ReflectionBasedServiceMethod.invoke(Ljava/lang/Object;[Ljava/lang/Object;)Ljava/lang/Object;+6
j  org.gradle.internal.service.DefaultServiceRegistry.applyConfigureMethod(Lorg/gradle/internal/service/ServiceAccessToken;Lorg/gradle/internal/service/ServiceMethod;Ljava/lang/Object;)V+146
j  org.gradle.internal.service.DefaultServiceRegistry.findProviderMethods(Lorg/gradle/internal/service/ServiceRegistrationProvider;Lorg/gradle/internal/service/ServiceAccessToken;)V+215
j  org.gradle.internal.service.DefaultServiceRegistry.addProvider(Lorg/gradle/internal/service/ServiceRegistrationProvider;)Lorg/gradle/internal/service/DefaultServiceRegistry;+18
j  org.gradle.internal.service.ServiceRegistryBuilder.build()Lorg/gradle/internal/service/CloseableServiceRegistry;+93
j  org.gradle.internal.buildtree.BuildTreeState.<init>(Lorg/gradle/internal/scopeids/id/BuildInvocationScopeId;Lorg/gradle/internal/service/ServiceRegistry;Lorg/gradle/internal/buildtree/BuildTreeModelControllerServices$Supplier;)V+35
j  org.gradle.launcher.exec.BuildTreeLifecycleBuildActionExecutor.execute(Lorg/gradle/internal/invocation/BuildAction;Lorg/gradle/internal/session/BuildSessionContext;)Lorg/gradle/internal/buildtree/BuildActionRunner$Result;+61
j  org.gradle.launcher.exec.RunAsBuildOperationBuildActionExecutor$2.call(Lorg/gradle/internal/operations/BuildOperationContext;)Lorg/gradle/internal/buildtree/BuildActionRunner$Result;+25
j  org.gradle.launcher.exec.RunAsBuildOperationBuildActionExecutor$2.call(Lorg/gradle/internal/operations/BuildOperationContext;)Ljava/lang/Object;+2
j  org.gradle.internal.operations.DefaultBuildOperationRunner$CallableBuildOperationWorker.execute(Lorg/gradle/internal/operations/CallableBuildOperation;Lorg/gradle/internal/operations/BuildOperationContext;)V+3
j  org.gradle.internal.operations.DefaultBuildOperationRunner$CallableBuildOperationWorker.execute(Lorg/gradle/internal/operations/BuildOperation;Lorg/gradle/internal/operations/BuildOperationContext;)V+6
j  org.gradle.internal.operations.DefaultBuildOperationRunner$2.execute(Lorg/gradle/internal/operations/BuildOperationDescriptor;Lorg/gradle/internal/operations/BuildOperationState;Lorg/gradle/internal/operations/BuildOperationState;Lorg/gradle/internal/operations/DefaultBuildOperationRunner$ReadableBuildOperationContext;Lorg/gradle/internal/operations/DefaultBuildOperationRunner$BuildOperationExecutionListener;)Lorg/gradle/internal/operations/BuildOperation;+22
j  org.gradle.internal.operations.DefaultBuildOperationRunner$2.execute(Lorg/gradle/internal/operations/BuildOperationDescriptor;Lorg/gradle/internal/operations/BuildOperationState;Lorg/gradle/internal/operations/BuildOperationState;Lorg/gradle/internal/operations/DefaultBuildOperationRunner$ReadableBuildOperationContext;Lorg/gradle/internal/operations/DefaultBuildOperationRunner$BuildOperationExecutionListener;)Ljava/lang/Object;+8
j  org.gradle.internal.operations.DefaultBuildOperationRunner.execute(Lorg/gradle/internal/operations/BuildOperationDescriptor$Builder;Lorg/gradle/internal/operations/BuildOperationState;Lorg/gradle/internal/operations/DefaultBuildOperationRunner$BuildOperationExecution;)Ljava/lang/Object;+141
j  org.gradle.internal.operations.DefaultBuildOperationRunner.execute(Lorg/gradle/internal/operations/BuildOperation;Lorg/gradle/internal/operations/BuildOperationWorker;Lorg/gradle/internal/operations/BuildOperationState;)V+18
j  org.gradle.internal.operations.DefaultBuildOperationRunner.call(Lorg/gradle/internal/operations/CallableBuildOperation;)Ljava/lang/Object;+16
j  org.gradle.launcher.exec.RunAsBuildOperationBuildActionExecutor.execute(Lorg/gradle/internal/invocation/BuildAction;Lorg/gradle/internal/session/BuildSessionContext;)Lorg/gradle/internal/buildtree/BuildActionRunner$Result;+23
j  org.gradle.launcher.exec.RunAsWorkerThreadBuildActionExecutor.lambda$execute$0(Lorg/gradle/internal/invocation/BuildAction;Lorg/gradle/internal/session/BuildSessionContext;)Lorg/gradle/internal/buildtree/BuildActionRunner$Result;+6
j  org.gradle.launcher.exec.RunAsWorkerThreadBuildActionExecutor$$Lambda+0x0000022990285990.create()Ljava/lang/Object;+12
j  org.gradle.internal.work.DefaultWorkerLeaseService.withLocks(Ljava/util/Collection;Lorg/gradle/internal/Factory;)Ljava/lang/Object;+28
j  org.gradle.internal.work.DefaultWorkerLeaseService.runAsWorkerThread(Lorg/gradle/internal/Factory;)Ljava/lang/Object;+33
j  org.gradle.launcher.exec.RunAsWorkerThreadBuildActionExecutor.execute(Lorg/gradle/internal/invocation/BuildAction;Lorg/gradle/internal/session/BuildSessionContext;)Lorg/gradle/internal/buildtree/BuildActionRunner$Result;+12
j  org.gradle.tooling.internal.provider.continuous.ContinuousBuildActionExecutor.execute(Lorg/gradle/internal/invocation/BuildAction;Lorg/gradle/internal/session/BuildSessionContext;)Lorg/gradle/internal/buildtree/BuildActionRunner$Result;+58
j  org.gradle.tooling.internal.provider.SubscribableBuildActionExecutor.execute(Lorg/gradle/internal/invocation/BuildAction;Lorg/gradle/internal/session/BuildSessionContext;)Lorg/gradle/internal/buildtree/BuildActionRunner$Result;+30
j  org.gradle.internal.session.DefaultBuildSessionContext.execute(Lorg/gradle/internal/invocation/BuildAction;)Lorg/gradle/internal/buildtree/BuildActionRunner$Result;+64
j  org.gradle.internal.buildprocess.execution.BuildSessionLifecycleBuildActionExecutor$ActionImpl.apply(Lorg/gradle/internal/session/BuildSessionContext;)Lorg/gradle/launcher/exec/BuildActionResult;+6
j  org.gradle.internal.buildprocess.execution.BuildSessionLifecycleBuildActionExecutor$ActionImpl.apply(Ljava/lang/Object;)Ljava/lang/Object;+5
j  org.gradle.internal.session.BuildSessionState.run(Ljava/util/function/Function;)Ljava/lang/Object;+5
j  org.gradle.internal.buildprocess.execution.BuildSessionLifecycleBuildActionExecutor.execute(Lorg/gradle/internal/invocation/BuildAction;Lorg/gradle/launcher/exec/BuildActionParameters;Lorg/gradle/initialization/BuildRequestContext;)Lorg/gradle/launcher/exec/BuildActionResult;+95
j  org.gradle.internal.buildprocess.execution.BuildSessionLifecycleBuildActionExecutor.execute(Lorg/gradle/internal/invocation/BuildAction;Ljava/lang/Object;Ljava/lang/Object;)Lorg/gradle/launcher/exec/BuildActionResult;+10
j  org.gradle.internal.buildprocess.execution.StartParamsValidatingActionExecutor.execute(Lorg/gradle/internal/invocation/BuildAction;Lorg/gradle/launcher/exec/BuildActionParameters;Lorg/gradle/initialization/BuildRequestContext;)Lorg/gradle/launcher/exec/BuildActionResult;+203
j  org.gradle.internal.buildprocess.execution.StartParamsValidatingActionExecutor.execute(Lorg/gradle/internal/invocation/BuildAction;Ljava/lang/Object;Ljava/lang/Object;)Lorg/gradle/launcher/exec/BuildActionResult;+10
j  org.gradle.internal.buildprocess.execution.SessionFailureReportingActionExecutor.execute(Lorg/gradle/internal/invocation/BuildAction;Lorg/gradle/launcher/exec/BuildActionParameters;Lorg/gradle/initialization/BuildRequestContext;)Lorg/gradle/launcher/exec/BuildActionResult;+7
j  org.gradle.internal.buildprocess.execution.SessionFailureReportingActionExecutor.execute(Lorg/gradle/internal/invocation/BuildAction;Ljava/lang/Object;Ljava/lang/Object;)Lorg/gradle/launcher/exec/BuildActionResult;+10
j  org.gradle.internal.buildprocess.execution.SetupLoggingActionExecutor.execute(Lorg/gradle/internal/invocation/BuildAction;Lorg/gradle/launcher/exec/BuildActionParameters;Lorg/gradle/initialization/BuildRequestContext;)Lorg/gradle/launcher/exec/BuildActionResult;+50
j  org.gradle.internal.buildprocess.execution.SetupLoggingActionExecutor.execute(Lorg/gradle/internal/invocation/BuildAction;Ljava/lang/Object;Ljava/lang/Object;)Lorg/gradle/launcher/exec/BuildActionResult;+10
j  org.gradle.launcher.daemon.server.exec.ExecuteBuild.doBuild(Lorg/gradle/launcher/daemon/server/api/DaemonCommandExecution;Lorg/gradle/launcher/daemon/protocol/Build;)V+147
j  org.gradle.launcher.daemon.server.exec.BuildCommandOnly.execute(Lorg/gradle/launcher/daemon/server/api/DaemonCommandExecution;)V+49
j  org.gradle.launcher.daemon.server.api.DaemonCommandExecution.proceed()Z+23
j  org.gradle.launcher.daemon.server.exec.WatchForDisconnection.execute(Lorg/gradle/launcher/daemon/server/api/DaemonCommandExecution;)V+19
j  org.gradle.launcher.daemon.server.api.DaemonCommandExecution.proceed()Z+23
j  org.gradle.launcher.daemon.server.exec.ResetDeprecationLogger.execute(Lorg/gradle/launcher/daemon/server/api/DaemonCommandExecution;)V+7
j  org.gradle.launcher.daemon.server.api.DaemonCommandExecution.proceed()Z+23
j  org.gradle.launcher.daemon.server.exec.RequestStopIfSingleUsedDaemon.execute(Lorg/gradle/launcher/daemon/server/api/DaemonCommandExecution;)V+33
j  org.gradle.launcher.daemon.server.api.DaemonCommandExecution.proceed()Z+23
j  org.gradle.launcher.daemon.server.exec.ForwardClientInput.lambda$execute$0(Lorg/gradle/launcher/daemon/server/api/DaemonCommandExecution;Lorg/gradle/internal/daemon/clientinput/StdinHandler;)Ljava/lang/Object;+11
j  org.gradle.launcher.daemon.server.exec.ForwardClientInput$$Lambda+0x000002299018d680.apply(Ljava/lang/Object;)Ljava/lang/Object;+8
j  org.gradle.internal.daemon.clientinput.ClientInputForwarder.forwardInput(Ljava/util/function/Function;)Ljava/lang/Object;+46
j  org.gradle.launcher.daemon.server.exec.ForwardClientInput.execute(Lorg/gradle/launcher/daemon/server/api/DaemonCommandExecution;)V+10
j  org.gradle.launcher.daemon.server.api.DaemonCommandExecution.proceed()Z+23
j  org.gradle.launcher.daemon.server.exec.LogAndCheckHealth.execute(Lorg/gradle/launcher/daemon/server/api/DaemonCommandExecution;)V+51
j  org.gradle.launcher.daemon.server.api.DaemonCommandExecution.proceed()Z+23
j  org.gradle.launcher.daemon.server.exec.LogToClient.doBuild(Lorg/gradle/launcher/daemon/server/api/DaemonCommandExecution;Lorg/gradle/launcher/daemon/protocol/Build;)V+87
j  org.gradle.launcher.daemon.server.exec.BuildCommandOnly.execute(Lorg/gradle/launcher/daemon/server/api/DaemonCommandExecution;)V+49
j  org.gradle.launcher.daemon.server.api.DaemonCommandExecution.proceed()Z+23
j  org.gradle.launcher.daemon.server.exec.EstablishBuildEnvironment.doBuild(Lorg/gradle/launcher/daemon/server/api/DaemonCommandExecution;Lorg/gradle/launcher/daemon/protocol/Build;)V+356
j  org.gradle.launcher.daemon.server.exec.BuildCommandOnly.execute(Lorg/gradle/launcher/daemon/server/api/DaemonCommandExecution;)V+49
j  org.gradle.launcher.daemon.server.api.DaemonCommandExecution.proceed()Z+23
j  org.gradle.launcher.daemon.server.exec.StartBuildOrRespondWithBusy$1.run()V+44
j  org.gradle.launcher.daemon.server.DaemonStateCoordinator.lambda$runCommand$0(Ljava/lang/Runnable;)V+1
j  org.gradle.launcher.daemon.server.DaemonStateCoordinator$$Lambda+0x000002299018c210.run()V+8
j  org.gradle.internal.concurrent.ExecutorPolicy$CatchAndRecordFailures.onExecute(Ljava/lang/Runnable;)V+1
j  org.gradle.internal.concurrent.AbstractManagedExecutor$1.run()V+25
j  java.util.concurrent.ThreadPoolExecutor.runWorker(Ljava/util/concurrent/ThreadPoolExecutor$Worker;)V+92 java.base@21.0.12.1
j  java.util.concurrent.ThreadPoolExecutor$Worker.run()V+5 java.base@21.0.12.1
j  java.lang.Thread.runWith(Ljava/lang/Object;Ljava/lang/Runnable;)V+5 java.base@21.0.12.1
j  java.lang.Thread.run()V+19 java.base@21.0.12.1
v  ~StubRoutines::call_stub 0x000002298753100d

Compiled method (n/a) 24287  844     n 0       java.lang.ClassLoader::defineClass1 (native)
 total in heap  [0x0000022987b29510,0x0000022987b29aa8] = 1432
 relocation     [0x0000022987b29670,0x0000022987b296a8] = 56
 main code      [0x0000022987b296c0,0x0000022987b29aa1] = 993
 stub code      [0x0000022987b29aa1,0x0000022987b29aa8] = 7

[Constant Pool (empty)]

[MachCode]
[Entry Point]
  # {method} {0x000002298f434c38} 'defineClass1' '(Ljava/lang/ClassLoader;Ljava/lang/String;[BIILjava/security/ProtectionDomain;Ljava/lang/String;)Ljava/lang/Class;' in 'java/lang/ClassLoader'
  # parm0:    rdx:rdx   = 'java/lang/ClassLoader'
  # parm1:    r8:r8     = 'java/lang/String'
  # parm2:    r9:r9     = '[B'
  # parm3:    rdi       = int
  # parm4:    rsi       = int
  # parm5:    rcx:rcx   = 'java/security/ProtectionDomain'
  # parm6:    [sp+0xa0]   = 'java/lang/String'  (sp of caller)
  0x0000022987b296c0: 448b 5208 | 49bb 0000 | 008f 2902 | 0000 4d03 | d349 3bc2 | 0f84 0600 

  0x0000022987b296d8: ;   {runtime_call ic_miss_stub}
  0x0000022987b296d8: 0000 e9a1 | 50a5 ff90 
[Verified Entry Point]
  0x0000022987b296e0: 8984 2400 | 80ff ff55 | 488b ec48 | 81ec 9000 | 0000 6690 | 4181 7f20 | 0100 0000 

  0x0000022987b296fc: ;   {runtime_call StubRoutines (final stubs)}
  0x0000022987b296fc: 7405 e89d | cda3 ff48 | 837d 1000 | 488d 4510 | 480f 4445 | 1048 8944 | 2440 4889 | 4c24 7048 
  0x0000022987b2971c: 83f9 0048 | 8d44 2470 | 480f 4444 | 2470 4889 | 4424 3848 | 8974 2430 | 4889 7c24 | 284c 894c 
  0x0000022987b2973c: 2458 4983 | f900 488d | 4424 5848 | 0f44 4424 | 5848 8944 | 2420 4c89 | 4424 5049 | 83f8 004c 
  0x0000022987b2975c: 8d4c 2450 | 4c0f 444c | 2450 4889 | 5424 4848 | 83fa 004c | 8d44 2448 | 4c0f 4444 

  0x0000022987b29778: ;   {oop(a 'java/lang/Class'{0x00000000a08017a8} = 'java/lang/ClassLoader')}
  0x0000022987b29778: 2448 49be | a817 80a0 | 0000 0000 | 4c89 7424 | 784c 8d74 | 2478 498b | d6c5 f877 

  0x0000022987b29794: ;   {internal_word}
  0x0000022987b29794: 49ba 9197 | b287 2902 | 0000 4d89 | 97a8 0300 | 0049 89a7 | a003 0000 

  0x0000022987b297ac: ;   {external_word}
  0x0000022987b297ac: 49ba 066d | 5583 fe7f | 0000 4180 | 3a00 0f84 | 4e00 0000 | 5241 5041 

  0x0000022987b297c4: ;   {metadata({method} {0x000002298f434c38} 'defineClass1' '(Ljava/lang/ClassLoader;Ljava/lang/String;[BIILjava/security/ProtectionDomain;Ljava/lang/String;)Ljava/lang/Class;' in 'java/lang/ClassLoader')}
  0x0000022987b297c4: 5148 ba30 | 4c43 8f29 | 0200 0049 | 8bcf 4883 | ec20 40f6 | c40f 0f84 | 1900 0000 | 4883 ec08 
  0x0000022987b297e4: ;   {runtime_call}
  0x0000022987b297e4: 48b8 e0ea | fe82 fe7f | 0000 ffd0 | 4883 c408 | e90c 0000 

  0x0000022987b297f8: ;   {runtime_call}
  0x0000022987b297f8: 0048 b8e0 | eafe 82fe | 7f00 00ff | d048 83c4 | 2041 5941 | 585a 498d | 8fc0 0300 | 0041 c787 
  0x0000022987b29818: 4c04 0000 | 0400 0000 

  0x0000022987b29820: ;   {runtime_call}
  0x0000022987b29820: 48b8 ac16 | d9dc fe7f | 0000 ffd0 | c5f8 7741 | c787 4c04 | 0000 0500 | 0000 f083 | 4424 c000 
  0x0000022987b29840: 493b af50 | 0400 000f | 870e 0000 | 0041 83bf | 4804 0000 | 000f 842b | 0000 00c5 | f877 4889 
  0x0000022987b29860: 45f8 498b | cf4c 8be4 | 4883 ec20 | 4883 e4f0 

  0x0000022987b29870: ;   {runtime_call}
  0x0000022987b29870: 48b8 0058 | ca82 fe7f | 0000 ffd0 | 498b e44d | 33e4 488b | 45f8 41c7 | 874c 0400 | 0008 0000 
  0x0000022987b29890: 0041 83bf | c804 0000 | 020f 84d5 

  0x0000022987b2989c: ;   {external_word}
  0x0000022987b2989c: 0100 0049 | ba06 6d55 | 83fe 7f00 | 0041 803a | 000f 844c | 0000 0048 

  0x0000022987b298b4: ;   {metadata({method} {0x000002298f434c38} 'defineClass1' '(Ljava/lang/ClassLoader;Ljava/lang/String;[BIILjava/security/ProtectionDomain;Ljava/lang/String;)Ljava/lang/Class;' in 'java/lang/ClassLoader')}
  0x0000022987b298b4: 8945 f848 | ba30 4c43 | 8f29 0200 | 0049 8bcf | 4883 ec20 | 40f6 c40f | 0f84 1900 | 0000 4883 
  0x0000022987b298d4: ;   {runtime_call}
  0x0000022987b298d4: ec08 48b8 | e0ea fe82 | fe7f 0000 | ffd0 4883 | c408 e90c 

  0x0000022987b298e8: ;   {runtime_call}
  0x0000022987b298e8: 0000 0048 | b8e0 eafe | 82fe 7f00 | 00ff d048 | 83c4 2048 | 8b45 f849 | c787 a003 | 0000 0000 
  0x0000022987b29908: 0000 49c7 | 87a8 0300 | 0000 0000 | 00c5 f877 | 4885 c00f | 8430 0100 | 00a8 030f | 8508 0000 
  0x0000022987b29928: 0048 8b00 | e920 0100 | 00a8 010f | 8509 0000 | 0048 8b40 | fee9 0f01 | 0000 488b | 40ff 4180 
  0x0000022987b29948: 7f40 000f | 8400 0100 | 0048 83f8 | 000f 84f6 | 0000 0049 | 8b4f 2848 | 83f9 000f | 8414 0000 
  0x0000022987b29968: 0048 83e9 | 0849 894f | 2849 034f | 3848 8901 | e9d4 0000 | 0048 83ec | 7048 8904 | 2448 894c 
  0x0000022987b29988: 2408 4889 | 5424 104c | 8944 2418 | 4c89 4c24 | 204c 8954 | 2428 4c89 | 5c24 30c5 | fb11 4424 
  0x0000022987b299a8: 40c5 fb11 | 4c24 48c5 | fb11 5424 | 50c5 fb11 | 5c24 58c5 | fb11 6424 | 60c5 fb11 | 6c24 6849 
  0x0000022987b299c8: 8bd7 488b | c848 83ec | 2040 f6c4 | 0f0f 8419 | 0000 0048 

  0x0000022987b299dc: ;   {runtime_call}
  0x0000022987b299dc: 83ec 0848 | b820 a4bd | 82fe 7f00 | 00ff d048 | 83c4 08e9 | 0c00 0000 

  0x0000022987b299f4: ;   {runtime_call}
  0x0000022987b299f4: 48b8 20a4 | bd82 fe7f | 0000 ffd0 | 4883 c420 | c5fb 106c | 2468 c5fb | 1064 2460 | c5fb 105c 
  0x0000022987b29a14: 2458 c5fb | 1054 2450 | c5fb 104c | 2448 c5fb | 1044 2440 | 4c8b 5c24 | 304c 8b54 | 2428 4c8b 
  0x0000022987b29a34: 4c24 204c | 8b44 2418 | 488b 5424 | 1048 8b4c | 2408 488b | 0424 4883 | c470 c5f8 | 7749 8b8f 
  0x0000022987b29a54: 3004 0000 | c781 0001 | 0000 0000 | 0000 c949 | 837f 0800 | 0f85 0100 

  0x0000022987b29a6c: ;   {runtime_call StubRoutines (initial stubs)}
  0x0000022987b29a6c: 0000 c3e9 | 8c74 a0ff | c5f8 7748 | 8945 f84c | 8be4 4883 | ec20 4883 

  0x0000022987b29a84: ;   {runtime_call}
  0x0000022987b29a84: e4f0 48b8 | 3022 ff82 | fe7f 0000 | ffd0 498b | e44d 33e4 | 488b 45f8 | e9fe fdff | fff4 f4f4 
  0x0000022987b29aa4: f4f4 f4f4 
[/MachCode]


Compiled method (c1) 24312 1522       3       java.lang.ClassLoader::defineClass (43 bytes)
 total in heap  [0x00000229802e1110,0x00000229802e1a60] = 2384
 relocation     [0x00000229802e1270,0x00000229802e1310] = 160
 main code      [0x00000229802e1320,0x00000229802e17b8] = 1176
 stub code      [0x00000229802e17b8,0x00000229802e1830] = 120
 metadata       [0x00000229802e1830,0x00000229802e1860] = 48
 scopes data    [0x00000229802e1860,0x00000229802e1950] = 240
 scopes pcs     [0x00000229802e1950,0x00000229802e1a30] = 224
 dependencies   [0x00000229802e1a30,0x00000229802e1a38] = 8
 nul chk table  [0x00000229802e1a38,0x00000229802e1a60] = 40

[Constant Pool (empty)]

[MachCode]
[Entry Point]
  # {method} {0x000002298f434fb8} 'defineClass' '(Ljava/lang/String;[BIILjava/security/ProtectionDomain;)Ljava/lang/Class;' in 'java/lang/ClassLoader'
  # this:     rdx:rdx   = 'java/lang/ClassLoader'
  # parm0:    r8:r8     = 'java/lang/String'
  # parm1:    r9:r9     = '[B'
  # parm2:    rdi       = int
  # parm3:    rsi       = int
  # parm4:    rcx:rcx   = 'java/security/ProtectionDomain'
  #           [sp+0xc0]  (sp of caller)
  0x00000229802e1320: 448b 5208 | 49bb 0000 | 008f 2902 | 0000 4d03 | d34c 3bd0 

  0x00000229802e1334: ;   {runtime_call ic_miss_stub}
  0x00000229802e1334: 0f85 46d4 | 2907 660f | 1f44 0000 
[Verified Entry Point]
  0x00000229802e1340: 8984 2400 | 80ff ff55 | 4881 ecb0 | 0000 0090 | 4181 7f20 | 0100 0000 

  0x00000229802e1358: ;   {runtime_call StubRoutines (final stubs)}
  0x00000229802e1358: 7405 e841 | 5128 0748 | 8954 2478 

  0x00000229802e1364: ;   {metadata(method data for {method} {0x000002298f434fb8} 'defineClass' '(Ljava/lang/String;[BIILjava/security/ProtectionDomain;)Ljava/lang/Class;' in 'java/lang/ClassLoader')}
  0x00000229802e1364: 48bb c01c | 19d0 2902 | 0000 8b83 | cc00 0000 | 83c0 0289 | 83cc 0000 | 0025 fe07 | 0000 85c0 
  0x00000229802e1384: 0f84 5003 | 0000 89b4 | 2494 0000 | 0089 bc24 | 9000 0000 | 4c89 8c24 | 8800 0000 

  0x00000229802e13a0: ;   {metadata(method data for {method} {0x000002298f434fb8} 'defineClass' '(Ljava/lang/String;[BIILjava/security/ProtectionDomain;)Ljava/lang/Class;' in 'java/lang/ClassLoader')}
  0x00000229802e13a0: 488b da48 | b8c0 1c19 | d029 0200 | 0048 8380 | 1001 0000 | 0149 8bd8 | 4c8b c34c | 8bc9 488b 
  0x00000229802e13c0: ca48 8bd1 | 4889 9c24 | 8000 0000 

  0x00000229802e13cc: ;   {optimized virtual_call}
  0x00000229802e13cc: 6666 90e8 

  0x00000229802e13d0: ; ImmutableOopMap {[120]=Oop [128]=Oop [136]=Oop }
                      ;*invokevirtual preDefineClass {reexecute=0 rethrow=0 return_oop=0}
                      ; - java.lang.ClassLoader::defineClass@4
  0x00000229802e13d0: cc18 f2ff 

  0x00000229802e13d4: ;   {other}
  0x00000229802e13d4: 0f1f 8400 | c402 0000 | 4889 8424 | 9800 0000 | 488b 5424 

  0x00000229802e13e8: ;   {metadata(method data for {method} {0x000002298f434fb8} 'defineClass' '(Ljava/lang/String;[BIILjava/security/ProtectionDomain;)Ljava/lang/Class;' in 'java/lang/ClassLoader')}
  0x00000229802e13e8: 7849 b8c0 | 1c19 d029 | 0200 0049 | 8380 4801 

  0x00000229802e13f8: ;   {metadata(method data for {method} {0x000002298f434ca0} 'defineClassSourceLocation' '(Ljava/security/ProtectionDomain;)Ljava/lang/String;' in 'java/lang/ClassLoader')}
  0x00000229802e13f8: 0000 0149 | b8f0 6519 | d029 0200 | 0041 8b90 | cc00 0000 | 83c2 0241 | 8990 cc00 | 0000 81e2 
  0x00000229802e1418: feff 1f00 | 85d2 0f84 | d702 0000 

  0x00000229802e1424: ; implicit exception: dispatches to 0x00000229802e171c
  0x00000229802e1424: 483b 004c 

  0x00000229802e1428: ;   {metadata(method data for {method} {0x000002298f434ca0} 'defineClassSourceLocation' '(Ljava/security/ProtectionDomain;)Ljava/lang/String;' in 'java/lang/ClassLoader')}
  0x00000229802e1428: 8bc0 48ba | f065 19d0 | 2902 0000 | 4883 8210 | 0100 0001 | 448b 4010 

  0x00000229802e1440: ;   {metadata(method data for {method} {0x000002298f434ca0} 'defineClassSourceLocation' '(Ljava/security/ProtectionDomain;)Ljava/lang/String;' in 'java/lang/ClassLoader')}
  0x00000229802e1440: 4d85 c048 | baf0 6519 | d029 0200 | 0048 c7c6 | 5801 0000 | 7507 48c7 | c648 0100 | 0048 8b3c 
  0x00000229802e1460: 3248 8d7f | 0148 893c | 320f 850f 

  0x00000229802e146c: ;   {oop(nullptr)}
  0x00000229802e146c: 0000 0048 | bb00 0000 | 0000 0000 | 00e9 a101 | 0000 493b | 0049 8bd0 

  0x00000229802e1484: ;   {metadata(method data for {method} {0x000002298f434ca0} 'defineClassSourceLocation' '(Ljava/security/ProtectionDomain;)Ljava/lang/String;' in 'java/lang/ClassLoader')}
  0x00000229802e1484: 48be f065 | 19d0 2902 | 0000 4883 | 8668 0100 | 0001 418b | 500c 4885 

  0x00000229802e149c: ;   {metadata(method data for {method} {0x000002298f434ca0} 'defineClassSourceLocation' '(Ljava/security/ProtectionDomain;)Ljava/lang/String;' in 'java/lang/ClassLoader')}
  0x00000229802e149c: d248 bef0 | 6519 d029 | 0200 0048 | c7c7 b001 | 0000 7507 | 48c7 c7a0 | 0100 0048 | 8b1c 3e48 
  0x00000229802e14bc: 8d5b 0148 | 891c 3e0f | 850f 0000 

  0x00000229802e14c8: ;   {oop(nullptr)}
  0x00000229802e14c8: 0048 bb00 | 0000 0000 | 0000 00e9 | 4701 0000 

  0x00000229802e14d8: ;   {metadata(method data for {method} {0x000002298f434ca0} 'defineClassSourceLocation' '(Ljava/security/ProtectionDomain;)Ljava/lang/String;' in 'java/lang/ClassLoader')}
  0x00000229802e14d8: 48be f065 | 19d0 2902 | 0000 4883 | 86c0 0100 | 0001 483b | 024c 8bc2 

  0x00000229802e14f0: ;   {metadata(method data for {method} {0x000002298f434ca0} 'defineClassSourceLocation' '(Ljava/security/ProtectionDomain;)Ljava/lang/String;' in 'java/lang/ClassLoader')}
  0x00000229802e14f0: 48be f065 | 19d0 2902 | 0000 4883 | 86f8 0100 

  0x00000229802e1500: ;   {metadata(method data for {method} {0x000002298f01abf0} 'toString' '()Ljava/lang/String;' in 'java/net/URL')}
  0x00000229802e1500: 0001 49b8 | 20ae 0dd0 | 2902 0000 | 418b b0cc | 0000 0083 | c602 4189 | b0cc 0000 | 0081 e6fe 
  0x00000229802e1520: ff1f 0085 | f60f 8400 | 0200 004c 

  0x00000229802e152c: ;   {metadata(method data for {method} {0x000002298f01abf0} 'toString' '()Ljava/lang/String;' in 'java/net/URL')}
  0x00000229802e152c: 8bc2 48be | 20ae 0dd0 | 2902 0000 | 4883 8610 | 0100 0001 

  0x00000229802e1540: ;   {metadata(method data for {method} {0x000002298f428840} 'toExternalForm' '()Ljava/lang/String;' in 'java/net/URL')}
  0x00000229802e1540: 49b8 a8af | 0dd0 2902 | 0000 418b | b0cc 0000 | 0083 c602 | 4189 b0cc | 0000 0081 | e6fe ff1f 
  0x00000229802e1560: 0085 f60f | 84e3 0100 | 008b 7238 

  0x00000229802e156c: ; implicit exception: dispatches to 0x00000229802e176d
  0x00000229802e156c: 483b 064c 

  0x00000229802e1570: ;   {metadata(method data for {method} {0x000002298f428840} 'toExternalForm' '()Ljava/lang/String;' in 'java/net/URL')}
  0x00000229802e1570: 8bc6 48bf | a8af 0dd0 | 2902 0000 | 458b 4008 | 49ba 0000 | 008f 2902 | 0000 4d03 | c24c 3b87 
  0x00000229802e1590: 2001 0000 | 750d 4883 | 8728 0100 | 0001 e960 | 0000 004c | 3b87 3001 | 0000 750d | 4883 8738 
  0x00000229802e15b0: 0100 0001 | e94a 0000 | 0048 83bf | 2001 0000 | 0075 174c | 8987 2001 | 0000 48c7 | 8728 0100 
  0x00000229802e15d0: 0001 0000 | 00e9 2900 | 0000 4883 | bf30 0100 | 0000 7517 | 4c89 8730 | 0100 0048 | c787 3801 
  0x00000229802e15f0: 0000 0100 | 0000 e908 | 0000 0048 | 8387 1001 | 0000 014c | 8bc2 488b | d666 0f1f 

  0x00000229802e160c: ;   {optimized virtual_call}
  0x00000229802e160c: 4400 00e8 

  0x00000229802e1610: ; ImmutableOopMap {[120]=Oop [128]=Oop [136]=Oop [152]=Oop }
                      ;*invokevirtual toExternalForm {reexecute=0 rethrow=0 return_oop=0}
                      ; - java.net.URL::toExternalForm@5
                      ; - java.net.URL::toString@1
                      ; - java.lang.ClassLoader::defineClassSourceLocation@22
                      ; - java.lang.ClassLoader::defineClass@12
  0x00000229802e1610: 0c68 eaff 

  0x00000229802e1614: ;   {other}
  0x00000229802e1614: 0f1f 8400 | 0405 0001 | 488b d848 | 8b84 2498 | 0000 008b | b424 9400 | 0000 8bbc | 2490 0000 
  0x00000229802e1634: 004c 8b8c | 2488 0000 | 004c 8b84 | 2480 0000 | 0048 8b54 

  0x00000229802e1648: ;   {metadata(method data for {method} {0x000002298f434fb8} 'defineClass' '(Ljava/lang/String;[BIILjava/security/ProtectionDomain;)Ljava/lang/Class;' in 'java/lang/ClassLoader')}
  0x00000229802e1648: 2478 48b9 | c01c 19d0 | 2902 0000 | 4883 8180 | 0100 0001 | 4c8b da49 | 8bd3 488b | c848 891c 
  0x00000229802e1668: 2466 0f1f 

  0x00000229802e166c: ;   {static_call}
  0x00000229802e166c: 4400 00e8 

  0x00000229802e1670: ; ImmutableOopMap {[120]=Oop [152]=Oop }
                      ;*invokestatic defineClass1 {reexecute=0 rethrow=0 return_oop=0}
                      ; - java.lang.ClassLoader::defineClass@27
  0x00000229802e1670: 6c80 8407 

  0x00000229802e1674: ;   {other}
  0x00000229802e1674: 0f1f 8400 | 6405 0002 | 488b 5424 

  0x00000229802e1680: ;   {metadata(method data for {method} {0x000002298f434fb8} 'defineClass' '(Ljava/lang/String;[BIILjava/security/ProtectionDomain;)Ljava/lang/Class;' in 'java/lang/ClassLoader')}
  0x00000229802e1680: 7849 b8c0 | 1c19 d029 | 0200 0049 | 8380 9001 | 0000 014c | 8bc0 4c8b | 8c24 9800 | 0000 488b 
  0x00000229802e16a0: 5424 7848 | 8984 24a0 | 0000 000f 

  0x00000229802e16ac: ;   {optimized virtual_call}
  0x00000229802e16ac: 1f40 00e8 

  0x00000229802e16b0: ; ImmutableOopMap {[160]=Oop }
                      ;*invokevirtual postDefineClass {reexecute=0 rethrow=0 return_oop=0}
                      ; - java.lang.ClassLoader::defineClass@37
  0x00000229802e16b0: 6c30 f2ff 

  0x00000229802e16b4: ;   {other}
  0x00000229802e16b4: 0f1f 8400 | a405 0003 | 488b 8424 | a000 0000 | 4881 c4b0 | 0000 005d 

  0x00000229802e16cc: ;   {poll_return}
  0x00000229802e16cc: 493b a750 | 0400 000f | 8799 0000 

  0x00000229802e16d8: ;   {metadata({method} {0x000002298f434fb8} 'defineClass' '(Ljava/lang/String;[BIILjava/security/ProtectionDomain;)Ljava/lang/Class;' in 'java/lang/ClassLoader')}
  0x00000229802e16d8: 00c3 49ba | b04f 438f | 2902 0000 | 4c89 5424 | 0848 c704 | 24ff ffff 

  0x00000229802e16f0: ;   {runtime_call counter_overflow Runtime1 stub}
  0x00000229802e16f0: ffe8 0a6a 

  0x00000229802e16f4: ; ImmutableOopMap {rdx=Oop r8=Oop r9=Oop rcx=Oop [120]=Oop }
                      ;*synchronization entry
                      ; - java.lang.ClassLoader::defineClass@-1
  0x00000229802e16f4: 3707 e98f 

  0x00000229802e16f8: ;   {metadata({method} {0x000002298f434ca0} 'defineClassSourceLocation' '(Ljava/security/ProtectionDomain;)Ljava/lang/String;' in 'java/lang/ClassLoader')}
  0x00000229802e16f8: fcff ff49 | ba98 4c43 | 8f29 0200 | 004c 8954 | 2408 48c7 | 0424 ffff 

  0x00000229802e1710: ;   {runtime_call counter_overflow Runtime1 stub}
  0x00000229802e1710: ffff e8e9 

  0x00000229802e1714: ; ImmutableOopMap {rax=Oop [120]=Oop [128]=Oop [136]=Oop [152]=Oop }
                      ;*synchronization entry
                      ; - java.lang.ClassLoader::defineClassSourceLocation@-1
                      ; - java.lang.ClassLoader::defineClass@12
  0x00000229802e1714: 6937 07e9 | 08fd ffff 

  0x00000229802e171c: ;   {runtime_call throw_null_pointer_exception Runtime1 stub}
  0x00000229802e171c: e85f 2d2e 

  0x00000229802e1720: ; ImmutableOopMap {rax=Oop [120]=Oop [128]=Oop [136]=Oop [152]=Oop }
                      ;*invokevirtual getCodeSource {reexecute=0 rethrow=0 return_oop=0}
                      ; - java.lang.ClassLoader::defineClassSourceLocation@1
                      ; - java.lang.ClassLoader::defineClass@12
                      ;   {runtime_call throw_null_pointer_exception Runtime1 stub}
  0x00000229802e1720: 07e8 5a2d 

  0x00000229802e1724: ; ImmutableOopMap {rax=Oop r8=Oop [120]=Oop [128]=Oop [136]=Oop [152]=Oop }
                      ;*invokevirtual getLocation {reexecute=0 rethrow=0 return_oop=0}
                      ; - java.lang.ClassLoader::defineClassSourceLocation@12
                      ; - java.lang.ClassLoader::defineClass@12
                      ;   {runtime_call throw_null_pointer_exception Runtime1 stub}
  0x00000229802e1724: 2e07 e855 

  0x00000229802e1728: ; ImmutableOopMap {rdx=Oop [120]=Oop [128]=Oop [136]=Oop [152]=Oop }
                      ;*invokevirtual toString {reexecute=0 rethrow=0 return_oop=0}
                      ; - java.lang.ClassLoader::defineClassSourceLocation@22
                      ; - java.lang.ClassLoader::defineClass@12
                      ;   {metadata({method} {0x000002298f01abf0} 'toString' '()Ljava/lang/String;' in 'java/net/URL')}
  0x00000229802e1728: 2d2e 0749 | bae8 ab01 | 8f29 0200 | 004c 8954 | 2408 48c7 | 0424 ffff 

  0x00000229802e1740: ;   {runtime_call counter_overflow Runtime1 stub}
  0x00000229802e1740: ffff e8b9 

  0x00000229802e1744: ; ImmutableOopMap {rdx=Oop [120]=Oop [128]=Oop [136]=Oop [152]=Oop }
                      ;*synchronization entry
                      ; - java.net.URL::toString@-1
                      ; - java.lang.ClassLoader::defineClassSourceLocation@22
                      ; - java.lang.ClassLoader::defineClass@12
  0x00000229802e1744: 6937 07e9 | dffd ffff 

  0x00000229802e174c: ;   {metadata({method} {0x000002298f428840} 'toExternalForm' '()Ljava/lang/String;' in 'java/net/URL')}
  0x00000229802e174c: 49ba 3888 | 428f 2902 | 0000 4c89 | 5424 0848 | c704 24ff 

  0x00000229802e1760: ;   {runtime_call counter_overflow Runtime1 stub}
  0x00000229802e1760: ffff ffe8 

  0x00000229802e1764: ; ImmutableOopMap {rdx=Oop [120]=Oop [128]=Oop [136]=Oop [152]=Oop }
                      ;*synchronization entry
                      ; - java.net.URL::toExternalForm@-1
                      ; - java.net.URL::toString@1
                      ; - java.lang.ClassLoader::defineClassSourceLocation@22
                      ; - java.lang.ClassLoader::defineClass@12
  0x00000229802e1764: 9869 3707 | e9fc fdff 

  0x00000229802e176c: ;   {runtime_call throw_null_pointer_exception Runtime1 stub}
  0x00000229802e176c: ffe8 0e2d 

  0x00000229802e1770: ; ImmutableOopMap {rdx=Oop rsi=Oop [120]=Oop [128]=Oop [136]=Oop [152]=Oop }
                      ;*invokevirtual toExternalForm {reexecute=0 rethrow=0 return_oop=0}
                      ; - java.net.URL::toExternalForm@5
                      ; - java.net.URL::toString@1
                      ; - java.lang.ClassLoader::defineClassSourceLocation@22
                      ; - java.lang.ClassLoader::defineClass@12
                      ;   {internal_word}
  0x00000229802e1770: 2e07 49ba | cc16 2e80 | 2902 0000 | 4d89 9768 

  0x00000229802e1780: ;   {runtime_call SafepointBlob}
  0x00000229802e1780: 0400 00e9 | f83c 2a07 | 498b 8700 | 0500 0049 | c787 0005 | 0000 0000 | 0000 49c7 | 8708 0500 
  0x00000229802e17a0: 0000 0000 | 0048 81c4 | b000 0000 

  0x00000229802e17ac: ;   {runtime_call unwind_exception Runtime1 stub}
  0x00000229802e17ac: 5de9 ce3b | 2e07 f4f4 | f4f4 f4f4 
[Stub Code]
  0x00000229802e17b8: ;   {no_reloc}
  0x00000229802e17b8: 0f1f 4400 

  0x00000229802e17bc: ;   {static_stub}
  0x00000229802e17bc: 0048 bb00 | 0000 0000 

  0x00000229802e17c4: ;   {runtime_call nmethod}
  0x00000229802e17c4: 0000 00e9 | fbff ffff 

  0x00000229802e17cc: ;   {static_stub}
  0x00000229802e17cc: 48bb 0000 | 0000 0000 

  0x00000229802e17d4: ;   {runtime_call nmethod}
  0x00000229802e17d4: 0000 e9fb 

  0x00000229802e17d8: ;   {static_stub}
  0x00000229802e17d8: ffff ff48 | bb00 0000 | 0000 0000 

  0x00000229802e17e4: ;   {runtime_call nmethod}
  0x00000229802e17e4: 00e9 fbff 

  0x00000229802e17e8: ;   {static_stub}
  0x00000229802e17e8: ffff 48bb | 0000 0000 | 0000 0000 

  0x00000229802e17f4: ;   {runtime_call nmethod}
  0x00000229802e17f4: e9fb ffff 

  0x00000229802e17f8: ;   {runtime_call handle_exception_from_callee Runtime1 stub}
  0x00000229802e17f8: ffe8 820e 

  0x00000229802e17fc: ;   {external_word}
  0x00000229802e17fc: 2e07 48b9 | 5063 2b83 | fe7f 0000 | 4883 e4f0 

  0x00000229802e180c: ;   {runtime_call}
  0x00000229802e180c: 48b8 c0c9 | ed82 fe7f | 0000 ffd0 

  0x00000229802e1818: ;   {section_word}
  0x00000229802e1818: f449 ba19 | 182e 8029 | 0200 0041 

  0x00000229802e1824: ;   {runtime_call DeoptimizationBlob}
  0x00000229802e1824: 52e9 f62e | 2a07 f4f4 | f4f4 f4f4 
[/MachCode]


Compiled method (c1) 24342 1165       3       java.security.SecureClassLoader::defineClass (16 bytes)
 total in heap  [0x00000229801f8a90,0x00000229801f8e90] = 1024
 relocation     [0x00000229801f8bf0,0x00000229801f8c40] = 80
 main code      [0x00000229801f8c40,0x00000229801f8d98] = 344
 stub code      [0x00000229801f8d98,0x00000229801f8de8] = 80
 metadata       [0x00000229801f8de8,0x00000229801f8df0] = 8
 scopes data    [0x00000229801f8df0,0x00000229801f8e38] = 72
 scopes pcs     [0x00000229801f8e38,0x00000229801f8e88] = 80
 dependencies   [0x00000229801f8e88,0x00000229801f8e90] = 8

[Constant Pool (empty)]

[MachCode]
[Entry Point]
  # {method} {0x000002298f04e0e8} 'defineClass' '(Ljava/lang/String;[BIILjava/security/CodeSource;)Ljava/lang/Class;' in 'java/security/SecureClassLoader'
  # this:     rdx:rdx   = 'java/security/SecureClassLoader'
  # parm0:    r8:r8     = 'java/lang/String'
  # parm1:    r9:r9     = '[B'
  # parm2:    rdi       = int
  # parm3:    rsi       = int
  # parm4:    rcx:rcx   = 'java/security/CodeSource'
  #           [sp+0x80]  (sp of caller)
  0x00000229801f8c40: 448b 5208 | 49bb 0000 | 008f 2902 | 0000 4d03 | d34c 3bd0 

  0x00000229801f8c54: ;   {runtime_call ic_miss_stub}
  0x00000229801f8c54: 0f85 265b | 3807 660f | 1f44 0000 
[Verified Entry Point]
  0x00000229801f8c60: 8984 2400 | 80ff ff55 | 4883 ec70 | 4181 7f20 | 0100 0000 

  0x00000229801f8c74: ;   {runtime_call StubRoutines (final stubs)}
  0x00000229801f8c74: 7405 e825 

  0x00000229801f8c78: ;   {metadata(method data for {method} {0x000002298f04e0e8} 'defineClass' '(Ljava/lang/String;[BIILjava/security/CodeSource;)Ljava/lang/Class;' in 'java/security/SecureClassLoader')}
  0x00000229801f8c78: d836 0748 | bb18 8d17 | d029 0200 | 008b 83cc | 0000 0083 | c002 8983 | cc00 0000 | 25fe 0700 
  0x00000229801f8c98: 0085 c00f | 8496 0000 | 0089 7424 | 5c89 7c24 | 584c 894c | 2450 4c89 | 4424 4848 

  0x00000229801f8cb4: ;   {metadata(method data for {method} {0x000002298f04e0e8} 'defineClass' '(Ljava/lang/String;[BIILjava/security/CodeSource;)Ljava/lang/Class;' in 'java/security/SecureClassLoader')}
  0x00000229801f8cb4: 8bda 48b8 | 188d 17d0 | 2902 0000 | 4883 8010 | 0100 0001 | 4c8b c148 | 8bc2 488b | d048 8944 
  0x00000229801f8cd4: ;   {optimized virtual_call}
  0x00000229801f8cd4: 2440 90e8 

  0x00000229801f8cd8: ; ImmutableOopMap {[64]=Oop [72]=Oop [80]=Oop }
                      ;*invokevirtual getProtectionDomain {reexecute=0 rethrow=0 return_oop=0}
                      ; - java.security.SecureClassLoader::defineClass@9
  0x00000229801f8cd8: c47b 0e00 

  0x00000229801f8cdc: ;   {other}
  0x00000229801f8cdc: 0f1f 8400 | 4c02 0000 | 488b 5424 

  0x00000229801f8ce8: ;   {metadata(method data for {method} {0x000002298f04e0e8} 'defineClass' '(Ljava/lang/String;[BIILjava/security/CodeSource;)Ljava/lang/Class;' in 'java/security/SecureClassLoader')}
  0x00000229801f8ce8: 4049 b818 | 8d17 d029 | 0200 0049 | 8380 4801 | 0000 014c | 8b44 2448 | 4c8b 4c24 | 508b 7c24 
  0x00000229801f8d08: 588b 7424 | 5c48 8bc8 | 488b 5424 

  0x00000229801f8d14: ;   {optimized virtual_call}
  0x00000229801f8d14: 4066 90e8 

  0x00000229801f8d18: ; ImmutableOopMap {}
                      ;*invokevirtual defineClass {reexecute=0 rethrow=0 return_oop=0}
                      ; - java.security.SecureClassLoader::defineClass@12
  0x00000229801f8d18: 2486 0e00 

  0x00000229801f8d1c: ;   {other}
  0x00000229801f8d1c: 0f1f 8400 | 8c02 0001 | 4883 c470 

  0x00000229801f8d28: ;   {poll_return}
  0x00000229801f8d28: 5d49 3ba7 | 5004 0000 | 0f87 2200 

  0x00000229801f8d34: ;   {metadata({method} {0x000002298f04e0e8} 'defineClass' '(Ljava/lang/String;[BIILjava/security/CodeSource;)Ljava/lang/Class;' in 'java/security/SecureClassLoader')}
  0x00000229801f8d34: 0000 c349 | bae0 e004 | 8f29 0200 | 004c 8954 | 2408 48c7 | 0424 ffff 

  0x00000229801f8d4c: ;   {runtime_call counter_overflow Runtime1 stub}
  0x00000229801f8d4c: ffff e8ad 

  0x00000229801f8d50: ; ImmutableOopMap {rdx=Oop r8=Oop r9=Oop rcx=Oop }
                      ;*synchronization entry
                      ; - java.security.SecureClassLoader::defineClass@-1
  0x00000229801f8d50: f345 07e9 | 49ff ffff 

  0x00000229801f8d58: ;   {internal_word}
  0x00000229801f8d58: 49ba 298d | 1f80 2902 | 0000 4d89 | 9768 0400 

  0x00000229801f8d68: ;   {runtime_call SafepointBlob}
  0x00000229801f8d68: 00e9 12c7 | 3807 498b | 8700 0500 | 0049 c787 | 0005 0000 | 0000 0000 | 49c7 8708 | 0500 0000 
  0x00000229801f8d88: 0000 0048 | 83c4 705d 

  0x00000229801f8d90: ;   {runtime_call unwind_exception Runtime1 stub}
  0x00000229801f8d90: e9eb c53c | 07f4 f4f4 
[Stub Code]
  0x00000229801f8d98: ;   {no_reloc}
  0x00000229801f8d98: 48bb 30e0 | 048f 2902 

  0x00000229801f8da0: ;   {runtime_call I2C/C2I adapters}
  0x00000229801f8da0: 0000 e940 

  0x00000229801f8da4: ;   {static_stub}
  0x00000229801f8da4: b238 0748 | bbb0 4f43 | 8f29 0200 

  0x00000229801f8db0: ;   {runtime_call I2C/C2I adapters}
  0x00000229801f8db0: 00e9 3f98 

  0x00000229801f8db4: ;   {runtime_call handle_exception_from_callee Runtime1 stub}
  0x00000229801f8db4: 3707 e8c5 

  0x00000229801f8db8: ;   {external_word}
  0x00000229801f8db8: 983c 0748 | b950 632b | 83fe 7f00 | 0048 83e4 

  0x00000229801f8dc8: ;   {runtime_call}
  0x00000229801f8dc8: f048 b8c0 | c9ed 82fe | 7f00 00ff 

  0x00000229801f8dd4: ;   {section_word}
  0x00000229801f8dd4: d0f4 49ba | d68d 1f80 | 2902 0000 

  0x00000229801f8de0: ;   {runtime_call DeoptimizationBlob}
  0x00000229801f8de0: 4152 e939 | b938 07f4 
[/MachCode]


---------------  P R O C E S S  ---------------

Threads class SMR info:
_java_thread_list=0x00000229d5af96f0, length=24, elements={
0x00000229f2c6e0e0, 0x00000229faec3360, 0x00000229faec4a30, 0x00000229faeca120,
0x00000229faecab80, 0x00000229faecb5e0, 0x00000229faecc040, 0x00000229faeccdd0,
0x00000229faecef50, 0x00000229fb0fbf00, 0x00000229fb1a2780, 0x00000229d56cf6d0,
0x00000229d4c7d7f0, 0x00000229fb12d7b0, 0x00000229d48ce4a0, 0x00000229d49485d0,
0x00000229d417d540, 0x00000229d4157d60, 0x00000229d41576d0, 0x00000229d4158a80,
0x00000229d4156320, 0x00000229d41583f0, 0x00000229d41569b0, 0x00000229d4157040
}

Java Threads: ( => current thread )
  0x00000229f2c6e0e0 JavaThread "main"                              [_thread_blocked, id=61356, stack(0x0000008d61600000,0x0000008d61700000) (1024K)]
  0x00000229faec3360 JavaThread "Reference Handler"          daemon [_thread_blocked, id=60636, stack(0x0000008d61e00000,0x0000008d61f00000) (1024K)]
  0x00000229faec4a30 JavaThread "Finalizer"                  daemon [_thread_blocked, id=61704, stack(0x0000008d61f00000,0x0000008d62000000) (1024K)]
  0x00000229faeca120 JavaThread "Signal Dispatcher"          daemon [_thread_blocked, id=59044, stack(0x0000008d62000000,0x0000008d62100000) (1024K)]
  0x00000229faecab80 JavaThread "Attach Listener"            daemon [_thread_blocked, id=53456, stack(0x0000008d62100000,0x0000008d62200000) (1024K)]
  0x00000229faecb5e0 JavaThread "Service Thread"             daemon [_thread_blocked, id=28600, stack(0x0000008d62200000,0x0000008d62300000) (1024K)]
  0x00000229faecc040 JavaThread "Monitor Deflation Thread"   daemon [_thread_blocked, id=39324, stack(0x0000008d62300000,0x0000008d62400000) (1024K)]
  0x00000229faeccdd0 JavaThread "C2 CompilerThread0"         daemon [_thread_in_native, id=64064, stack(0x0000008d62400000,0x0000008d62500000) (1024K)]
  0x00000229faecef50 JavaThread "C1 CompilerThread0"         daemon [_thread_blocked, id=64732, stack(0x0000008d62500000,0x0000008d62600000) (1024K)]
  0x00000229fb0fbf00 JavaThread "Common-Cleaner"             daemon [_thread_blocked, id=62504, stack(0x0000008d62600000,0x0000008d62700000) (1024K)]
  0x00000229fb1a2780 JavaThread "Notification Thread"        daemon [_thread_blocked, id=57632, stack(0x0000008d62700000,0x0000008d62800000) (1024K)]
  0x00000229d56cf6d0 JavaThread "Daemon health stats"               [_thread_blocked, id=61252, stack(0x0000008d62800000,0x0000008d62900000) (1024K)]
  0x00000229d4c7d7f0 JavaThread "Incoming local TCP Connector on port 61330"        [_thread_in_native, id=51392, stack(0x0000008d62e00000,0x0000008d62f00000) (1024K)]
  0x00000229fb12d7b0 JavaThread "Daemon periodic checks"            [_thread_blocked, id=25352, stack(0x0000008d62f00000,0x0000008d63000000) (1024K)]
  0x00000229d48ce4a0 JavaThread "Daemon"                            [_thread_blocked, id=56172, stack(0x0000008d63000000,0x0000008d63100000) (1024K)]
  0x00000229d49485d0 JavaThread "Handler for socket connection from /127.0.0.1:61330 to /127.0.0.1:61332"        [_thread_in_native, id=63700, stack(0x0000008d63100000,0x0000008d63200000) (1024K)]
  0x00000229d417d540 JavaThread "Cancel handler"                    [_thread_blocked, id=38976, stack(0x0000008d63200000,0x0000008d63300000) (1024K)]
=>0x00000229d4157d60 JavaThread "Daemon worker"                     [_thread_in_vm, id=51448, stack(0x0000008d63300000,0x0000008d63400000) (1024K)]
  0x00000229d41576d0 JavaThread "Asynchronous log dispatcher for DefaultDaemonConnection: socket connection from /127.0.0.1:61330 to /127.0.0.1:61332"        [_thread_blocked, id=10404, stack(0x0000008d63400000,0x0000008d63500000) (1024K)]
  0x00000229d4158a80 JavaThread "Stdin handler"                     [_thread_blocked, id=46212, stack(0x0000008d63500000,0x0000008d63600000) (1024K)]
  0x00000229d4156320 JavaThread "Daemon client event forwarder"        [_thread_blocked, id=45212, stack(0x0000008d63600000,0x0000008d63700000) (1024K)]
  0x00000229d41583f0 JavaThread "Cache worker for journal cache (C:\Users\ishas\.gradle\caches\journal-1)"        [_thread_blocked, id=29780, stack(0x0000008d63700000,0x0000008d63800000) (1024K)]
  0x00000229d41569b0 JavaThread "File lock request listener"        [_thread_in_native, id=64140, stack(0x0000008d63800000,0x0000008d63900000) (1024K)]
  0x00000229d4157040 JavaThread "Cache worker for file hash cache (C:\Users\ishas\.gradle\caches\8.14.3\fileHashes)"        [_thread_blocked, id=52176, stack(0x0000008d63900000,0x0000008d63a00000) (1024K)]
Total: 24

Other Threads:
  0x00000229faea2090 VMThread "VM Thread"                           [id=64300, stack(0x0000008d61d00000,0x0000008d61e00000) (1024K)]
  0x00000229fae8f0e0 WatcherThread "VM Periodic Task Thread"        [id=11524, stack(0x0000008d61c00000,0x0000008d61d00000) (1024K)]
  0x00000229f2cb5b20 WorkerThread "GC Thread#0"                     [id=51708, stack(0x0000008d61700000,0x0000008d61800000) (1024K)]
  0x00000229fb259450 WorkerThread "GC Thread#1"                     [id=55776, stack(0x0000008d62900000,0x0000008d62a00000) (1024K)]
  0x00000229fb259800 WorkerThread "GC Thread#2"                     [id=64444, stack(0x0000008d62a00000,0x0000008d62b00000) (1024K)]
  0x00000229fb259bb0 WorkerThread "GC Thread#3"                     [id=62808, stack(0x0000008d62b00000,0x0000008d62c00000) (1024K)]
  0x00000229d4144620 WorkerThread "GC Thread#4"                     [id=62492, stack(0x0000008d62c00000,0x0000008d62d00000) (1024K)]
  0x00000229d4144de0 WorkerThread "GC Thread#5"                     [id=64652, stack(0x0000008d62d00000,0x0000008d62e00000) (1024K)]
  0x00000229f2cc2aa0 ConcurrentGCThread "G1 Main Marker"            [id=29224, stack(0x0000008d61800000,0x0000008d61900000) (1024K)]
  0x00000229f2cc34c0 WorkerThread "G1 Conc#0"                       [id=64848, stack(0x0000008d61900000,0x0000008d61a00000) (1024K)]
  0x00000229fad5f670 ConcurrentGCThread "G1 Refine#0"               [id=61404, stack(0x0000008d61a00000,0x0000008d61b00000) (1024K)]
  0x00000229fad60eb0 ConcurrentGCThread "G1 Service"                [id=64176, stack(0x0000008d61b00000,0x0000008d61c00000) (1024K)]
Total: 12

Threads with active compile tasks:
C2 CompilerThread0  24356 3014   !   4       java.lang.ClassLoader::loadClass (121 bytes)
Total: 1

VM state: not at safepoint (normal execution)

VM Mutex/Monitor currently owned by a thread:  ([mutex/lock_event])
[0x00007ffe8356d530] Metaspace_lock - owner thread: 0x00000229d4157d60

Heap address: 0x00000000a0000000, size: 1536 MB, Compressed Oops mode: 32-bit

CDS archive(s) mapped at: [0x000002298f000000-0x000002298fba0000-0x000002298fba0000), size 12189696, SharedBaseAddress: 0x000002298f000000, ArchiveRelocationMode: 1.
Compressed class space mapped at: 0x0000022990000000-0x00000229d0000000, reserved size: 1073741824
Narrow klass base: 0x000002298f000000, Narrow klass shift: 0, Narrow klass range: 0x100000000

GC Precious Log:
 CardTable entry size: 512
 Card Set container configuration: InlinePtr #cards 5 size 8 Array Of Cards #cards 12 size 40 Howl #buckets 4 coarsen threshold 1843 Howl Bitmap #cards 512 size 80 coarsen threshold 460 Card regions per heap region 1 cards per card region 2048
 CPUs: 12 total, 12 available
 Memory: 16076M
 Large Page Support: Disabled
 NUMA Support: Disabled
 Compressed Oops: Enabled (32-bit)
 Heap Region Size: 1M
 Heap Min Capacity: 8M
 Heap Initial Capacity: 252M
 Heap Max Capacity: 1536M
 Pre-touch: Disabled
 Parallel Workers: 10
 Concurrent Workers: 3
 Concurrent Refinement Workers: 10
 Periodic GC: Disabled

Heap:
 garbage-first heap   total 258048K, used 88201K [0x00000000a0000000, 0x0000000100000000)
  region size 1024K, 76 young (77824K), 5 survivors (5120K)
 Metaspace       used 17636K, committed 18112K, reserved 1114112K
  class space    used 2516K, committed 2752K, reserved 1048576K

Heap Regions: E=young(eden), S=young(survivor), O=old, HS=humongous(starts), HC=humongous(continues), CS=collection set, F=free, TAMS=top-at-mark-start, PB=parsable bottom
|   0|0x00000000a0000000, 0x00000000a0100000, 0x00000000a0100000|100%|HS|  |TAMS 0x00000000a0000000| PB 0x00000000a0000000| Complete 
|   1|0x00000000a0100000, 0x00000000a0200000, 0x00000000a0200000|100%|HC|  |TAMS 0x00000000a0100000| PB 0x00000000a0100000| Complete 
|   2|0x00000000a0200000, 0x00000000a0300000, 0x00000000a0300000|100%|HC|  |TAMS 0x00000000a0200000| PB 0x00000000a0200000| Complete 
|   3|0x00000000a0300000, 0x00000000a0400000, 0x00000000a0400000|100%| O|  |TAMS 0x00000000a0300000| PB 0x00000000a0300000| Untracked 
|   4|0x00000000a0400000, 0x00000000a0500000, 0x00000000a0500000|100%| O|  |TAMS 0x00000000a0400000| PB 0x00000000a0400000| Untracked 
|   5|0x00000000a0500000, 0x00000000a0600000, 0x00000000a0600000|100%| O|  |TAMS 0x00000000a0500000| PB 0x00000000a0500000| Untracked 
|   6|0x00000000a0600000, 0x00000000a0700000, 0x00000000a0700000|100%|HS|  |TAMS 0x00000000a0600000| PB 0x00000000a0600000| Complete 
|   7|0x00000000a0700000, 0x00000000a0700000, 0x00000000a0800000|  0%| F|  |TAMS 0x00000000a0700000| PB 0x00000000a0700000| Untracked 
|   8|0x00000000a0800000, 0x00000000a0900000, 0x00000000a0900000|100%| O|  |TAMS 0x00000000a0800000| PB 0x00000000a0800000| Untracked 
|   9|0x00000000a0900000, 0x00000000a0a00000, 0x00000000a0a00000|100%| O|  |TAMS 0x00000000a0900000| PB 0x00000000a0900000| Untracked 
|  10|0x00000000a0a00000, 0x00000000a0b00000, 0x00000000a0b00000|100%| O|  |TAMS 0x00000000a0a00000| PB 0x00000000a0a00000| Untracked 
|  11|0x00000000a0b00000, 0x00000000a0c00000, 0x00000000a0c00000|100%| O|  |TAMS 0x00000000a0b00000| PB 0x00000000a0b00000| Untracked 
|  12|0x00000000a0c00000, 0x00000000a0cb71f0, 0x00000000a0d00000| 71%| O|  |TAMS 0x00000000a0c00000| PB 0x00000000a0c00000| Untracked 
|  13|0x00000000a0d00000, 0x00000000a0d00000, 0x00000000a0e00000|  0%| F|  |TAMS 0x00000000a0d00000| PB 0x00000000a0d00000| Untracked 
|  14|0x00000000a0e00000, 0x00000000a0e00000, 0x00000000a0f00000|  0%| F|  |TAMS 0x00000000a0e00000| PB 0x00000000a0e00000| Untracked 
|  15|0x00000000a0f00000, 0x00000000a0f00000, 0x00000000a1000000|  0%| F|  |TAMS 0x00000000a0f00000| PB 0x00000000a0f00000| Untracked 
|  16|0x00000000a1000000, 0x00000000a1000000, 0x00000000a1100000|  0%| F|  |TAMS 0x00000000a1000000| PB 0x00000000a1000000| Untracked 
|  17|0x00000000a1100000, 0x00000000a1100000, 0x00000000a1200000|  0%| F|  |TAMS 0x00000000a1100000| PB 0x00000000a1100000| Untracked 
|  18|0x00000000a1200000, 0x00000000a1200000, 0x00000000a1300000|  0%| F|  |TAMS 0x00000000a1200000| PB 0x00000000a1200000| Untracked 
|  19|0x00000000a1300000, 0x00000000a1300000, 0x00000000a1400000|  0%| F|  |TAMS 0x00000000a1300000| PB 0x00000000a1300000| Untracked 
|  20|0x00000000a1400000, 0x00000000a1400000, 0x00000000a1500000|  0%| F|  |TAMS 0x00000000a1400000| PB 0x00000000a1400000| Untracked 
|  21|0x00000000a1500000, 0x00000000a1500000, 0x00000000a1600000|  0%| F|  |TAMS 0x00000000a1500000| PB 0x00000000a1500000| Untracked 
|  22|0x00000000a1600000, 0x00000000a1600000, 0x00000000a1700000|  0%| F|  |TAMS 0x00000000a1600000| PB 0x00000000a1600000| Untracked 
|  23|0x00000000a1700000, 0x00000000a1700000, 0x00000000a1800000|  0%| F|  |TAMS 0x00000000a1700000| PB 0x00000000a1700000| Untracked 
|  24|0x00000000a1800000, 0x00000000a1800000, 0x00000000a1900000|  0%| F|  |TAMS 0x00000000a1800000| PB 0x00000000a1800000| Untracked 
|  25|0x00000000a1900000, 0x00000000a1900000, 0x00000000a1a00000|  0%| F|  |TAMS 0x00000000a1900000| PB 0x00000000a1900000| Untracked 
|  26|0x00000000a1a00000, 0x00000000a1a00000, 0x00000000a1b00000|  0%| F|  |TAMS 0x00000000a1a00000| PB 0x00000000a1a00000| Untracked 
|  27|0x00000000a1b00000, 0x00000000a1b00000, 0x00000000a1c00000|  0%| F|  |TAMS 0x00000000a1b00000| PB 0x00000000a1b00000| Untracked 
|  28|0x00000000a1c00000, 0x00000000a1c00000, 0x00000000a1d00000|  0%| F|  |TAMS 0x00000000a1c00000| PB 0x00000000a1c00000| Untracked 
|  29|0x00000000a1d00000, 0x00000000a1d00000, 0x00000000a1e00000|  0%| F|  |TAMS 0x00000000a1d00000| PB 0x00000000a1d00000| Untracked 
|  30|0x00000000a1e00000, 0x00000000a1e00000, 0x00000000a1f00000|  0%| F|  |TAMS 0x00000000a1e00000| PB 0x00000000a1e00000| Untracked 
|  31|0x00000000a1f00000, 0x00000000a1f00000, 0x00000000a2000000|  0%| F|  |TAMS 0x00000000a1f00000| PB 0x00000000a1f00000| Untracked 
|  32|0x00000000a2000000, 0x00000000a2000000, 0x00000000a2100000|  0%| F|  |TAMS 0x00000000a2000000| PB 0x00000000a2000000| Untracked 
|  33|0x00000000a2100000, 0x00000000a2100000, 0x00000000a2200000|  0%| F|  |TAMS 0x00000000a2100000| PB 0x00000000a2100000| Untracked 
|  34|0x00000000a2200000, 0x00000000a2200000, 0x00000000a2300000|  0%| F|  |TAMS 0x00000000a2200000| PB 0x00000000a2200000| Untracked 
|  35|0x00000000a2300000, 0x00000000a2300000, 0x00000000a2400000|  0%| F|  |TAMS 0x00000000a2300000| PB 0x00000000a2300000| Untracked 
|  36|0x00000000a2400000, 0x00000000a2400000, 0x00000000a2500000|  0%| F|  |TAMS 0x00000000a2400000| PB 0x00000000a2400000| Untracked 
|  37|0x00000000a2500000, 0x00000000a2500000, 0x00000000a2600000|  0%| F|  |TAMS 0x00000000a2500000| PB 0x00000000a2500000| Untracked 
|  38|0x00000000a2600000, 0x00000000a2600000, 0x00000000a2700000|  0%| F|  |TAMS 0x00000000a2600000| PB 0x00000000a2600000| Untracked 
|  39|0x00000000a2700000, 0x00000000a2700000, 0x00000000a2800000|  0%| F|  |TAMS 0x00000000a2700000| PB 0x00000000a2700000| Untracked 
|  40|0x00000000a2800000, 0x00000000a2800000, 0x00000000a2900000|  0%| F|  |TAMS 0x00000000a2800000| PB 0x00000000a2800000| Untracked 
|  41|0x00000000a2900000, 0x00000000a2900000, 0x00000000a2a00000|  0%| F|  |TAMS 0x00000000a2900000| PB 0x00000000a2900000| Untracked 
|  42|0x00000000a2a00000, 0x00000000a2a00000, 0x00000000a2b00000|  0%| F|  |TAMS 0x00000000a2a00000| PB 0x00000000a2a00000| Untracked 
|  43|0x00000000a2b00000, 0x00000000a2b00000, 0x00000000a2c00000|  0%| F|  |TAMS 0x00000000a2b00000| PB 0x00000000a2b00000| Untracked 
|  44|0x00000000a2c00000, 0x00000000a2c00000, 0x00000000a2d00000|  0%| F|  |TAMS 0x00000000a2c00000| PB 0x00000000a2c00000| Untracked 
|  45|0x00000000a2d00000, 0x00000000a2d00000, 0x00000000a2e00000|  0%| F|  |TAMS 0x00000000a2d00000| PB 0x00000000a2d00000| Untracked 
|  46|0x00000000a2e00000, 0x00000000a2e00000, 0x00000000a2f00000|  0%| F|  |TAMS 0x00000000a2e00000| PB 0x00000000a2e00000| Untracked 
|  47|0x00000000a2f00000, 0x00000000a2f00000, 0x00000000a3000000|  0%| F|  |TAMS 0x00000000a2f00000| PB 0x00000000a2f00000| Untracked 
|  48|0x00000000a3000000, 0x00000000a3000000, 0x00000000a3100000|  0%| F|  |TAMS 0x00000000a3000000| PB 0x00000000a3000000| Untracked 
|  49|0x00000000a3100000, 0x00000000a3100000, 0x00000000a3200000|  0%| F|  |TAMS 0x00000000a3100000| PB 0x00000000a3100000| Untracked 
|  50|0x00000000a3200000, 0x00000000a3200000, 0x00000000a3300000|  0%| F|  |TAMS 0x00000000a3200000| PB 0x00000000a3200000| Untracked 
|  51|0x00000000a3300000, 0x00000000a3300000, 0x00000000a3400000|  0%| F|  |TAMS 0x00000000a3300000| PB 0x00000000a3300000| Untracked 
|  52|0x00000000a3400000, 0x00000000a3400000, 0x00000000a3500000|  0%| F|  |TAMS 0x00000000a3400000| PB 0x00000000a3400000| Untracked 
|  53|0x00000000a3500000, 0x00000000a3500000, 0x00000000a3600000|  0%| F|  |TAMS 0x00000000a3500000| PB 0x00000000a3500000| Untracked 
|  54|0x00000000a3600000, 0x00000000a3600000, 0x00000000a3700000|  0%| F|  |TAMS 0x00000000a3600000| PB 0x00000000a3600000| Untracked 
|  55|0x00000000a3700000, 0x00000000a3700000, 0x00000000a3800000|  0%| F|  |TAMS 0x00000000a3700000| PB 0x00000000a3700000| Untracked 
|  56|0x00000000a3800000, 0x00000000a3800000, 0x00000000a3900000|  0%| F|  |TAMS 0x00000000a3800000| PB 0x00000000a3800000| Untracked 
|  57|0x00000000a3900000, 0x00000000a3900000, 0x00000000a3a00000|  0%| F|  |TAMS 0x00000000a3900000| PB 0x00000000a3900000| Untracked 
|  58|0x00000000a3a00000, 0x00000000a3a00000, 0x00000000a3b00000|  0%| F|  |TAMS 0x00000000a3a00000| PB 0x00000000a3a00000| Untracked 
|  59|0x00000000a3b00000, 0x00000000a3b00000, 0x00000000a3c00000|  0%| F|  |TAMS 0x00000000a3b00000| PB 0x00000000a3b00000| Untracked 
|  60|0x00000000a3c00000, 0x00000000a3c00000, 0x00000000a3d00000|  0%| F|  |TAMS 0x00000000a3c00000| PB 0x00000000a3c00000| Untracked 
|  61|0x00000000a3d00000, 0x00000000a3d00000, 0x00000000a3e00000|  0%| F|  |TAMS 0x00000000a3d00000| PB 0x00000000a3d00000| Untracked 
|  62|0x00000000a3e00000, 0x00000000a3e00000, 0x00000000a3f00000|  0%| F|  |TAMS 0x00000000a3e00000| PB 0x00000000a3e00000| Untracked 
|  63|0x00000000a3f00000, 0x00000000a3f00000, 0x00000000a4000000|  0%| F|  |TAMS 0x00000000a3f00000| PB 0x00000000a3f00000| Untracked 
|  64|0x00000000a4000000, 0x00000000a4000000, 0x00000000a4100000|  0%| F|  |TAMS 0x00000000a4000000| PB 0x00000000a4000000| Untracked 
|  65|0x00000000a4100000, 0x00000000a4100000, 0x00000000a4200000|  0%| F|  |TAMS 0x00000000a4100000| PB 0x00000000a4100000| Untracked 
|  66|0x00000000a4200000, 0x00000000a4200000, 0x00000000a4300000|  0%| F|  |TAMS 0x00000000a4200000| PB 0x00000000a4200000| Untracked 
|  67|0x00000000a4300000, 0x00000000a4300000, 0x00000000a4400000|  0%| F|  |TAMS 0x00000000a4300000| PB 0x00000000a4300000| Untracked 
|  68|0x00000000a4400000, 0x00000000a4400000, 0x00000000a4500000|  0%| F|  |TAMS 0x00000000a4400000| PB 0x00000000a4400000| Untracked 
|  69|0x00000000a4500000, 0x00000000a4500000, 0x00000000a4600000|  0%| F|  |TAMS 0x00000000a4500000| PB 0x00000000a4500000| Untracked 
|  70|0x00000000a4600000, 0x00000000a4600000, 0x00000000a4700000|  0%| F|  |TAMS 0x00000000a4600000| PB 0x00000000a4600000| Untracked 
|  71|0x00000000a4700000, 0x00000000a4700000, 0x00000000a4800000|  0%| F|  |TAMS 0x00000000a4700000| PB 0x00000000a4700000| Untracked 
|  72|0x00000000a4800000, 0x00000000a4800000, 0x00000000a4900000|  0%| F|  |TAMS 0x00000000a4800000| PB 0x00000000a4800000| Untracked 
|  73|0x00000000a4900000, 0x00000000a4900000, 0x00000000a4a00000|  0%| F|  |TAMS 0x00000000a4900000| PB 0x00000000a4900000| Untracked 
|  74|0x00000000a4a00000, 0x00000000a4a00000, 0x00000000a4b00000|  0%| F|  |TAMS 0x00000000a4a00000| PB 0x00000000a4a00000| Untracked 
|  75|0x00000000a4b00000, 0x00000000a4b00000, 0x00000000a4c00000|  0%| F|  |TAMS 0x00000000a4b00000| PB 0x00000000a4b00000| Untracked 
|  76|0x00000000a4c00000, 0x00000000a4c00000, 0x00000000a4d00000|  0%| F|  |TAMS 0x00000000a4c00000| PB 0x00000000a4c00000| Untracked 
|  77|0x00000000a4d00000, 0x00000000a4d00000, 0x00000000a4e00000|  0%| F|  |TAMS 0x00000000a4d00000| PB 0x00000000a4d00000| Untracked 
|  78|0x00000000a4e00000, 0x00000000a4e00000, 0x00000000a4f00000|  0%| F|  |TAMS 0x00000000a4e00000| PB 0x00000000a4e00000| Untracked 
|  79|0x00000000a4f00000, 0x00000000a4f00000, 0x00000000a5000000|  0%| F|  |TAMS 0x00000000a4f00000| PB 0x00000000a4f00000| Untracked 
|  80|0x00000000a5000000, 0x00000000a5000000, 0x00000000a5100000|  0%| F|  |TAMS 0x00000000a5000000| PB 0x00000000a5000000| Untracked 
|  81|0x00000000a5100000, 0x00000000a5100000, 0x00000000a5200000|  0%| F|  |TAMS 0x00000000a5100000| PB 0x00000000a5100000| Untracked 
|  82|0x00000000a5200000, 0x00000000a5200000, 0x00000000a5300000|  0%| F|  |TAMS 0x00000000a5200000| PB 0x00000000a5200000| Untracked 
|  83|0x00000000a5300000, 0x00000000a5300000, 0x00000000a5400000|  0%| F|  |TAMS 0x00000000a5300000| PB 0x00000000a5300000| Untracked 
|  84|0x00000000a5400000, 0x00000000a5400000, 0x00000000a5500000|  0%| F|  |TAMS 0x00000000a5400000| PB 0x00000000a5400000| Untracked 
|  85|0x00000000a5500000, 0x00000000a5500000, 0x00000000a5600000|  0%| F|  |TAMS 0x00000000a5500000| PB 0x00000000a5500000| Untracked 
|  86|0x00000000a5600000, 0x00000000a5600000, 0x00000000a5700000|  0%| F|  |TAMS 0x00000000a5600000| PB 0x00000000a5600000| Untracked 
|  87|0x00000000a5700000, 0x00000000a5700000, 0x00000000a5800000|  0%| F|  |TAMS 0x00000000a5700000| PB 0x00000000a5700000| Untracked 
|  88|0x00000000a5800000, 0x00000000a5800000, 0x00000000a5900000|  0%| F|  |TAMS 0x00000000a5800000| PB 0x00000000a5800000| Untracked 
|  89|0x00000000a5900000, 0x00000000a5900000, 0x00000000a5a00000|  0%| F|  |TAMS 0x00000000a5900000| PB 0x00000000a5900000| Untracked 
|  90|0x00000000a5a00000, 0x00000000a5a00000, 0x00000000a5b00000|  0%| F|  |TAMS 0x00000000a5a00000| PB 0x00000000a5a00000| Untracked 
|  91|0x00000000a5b00000, 0x00000000a5b00000, 0x00000000a5c00000|  0%| F|  |TAMS 0x00000000a5b00000| PB 0x00000000a5b00000| Untracked 
|  92|0x00000000a5c00000, 0x00000000a5c00000, 0x00000000a5d00000|  0%| F|  |TAMS 0x00000000a5c00000| PB 0x00000000a5c00000| Untracked 
|  93|0x00000000a5d00000, 0x00000000a5d00000, 0x00000000a5e00000|  0%| F|  |TAMS 0x00000000a5d00000| PB 0x00000000a5d00000| Untracked 
|  94|0x00000000a5e00000, 0x00000000a5e00000, 0x00000000a5f00000|  0%| F|  |TAMS 0x00000000a5e00000| PB 0x00000000a5e00000| Untracked 
|  95|0x00000000a5f00000, 0x00000000a5f00000, 0x00000000a6000000|  0%| F|  |TAMS 0x00000000a5f00000| PB 0x00000000a5f00000| Untracked 
|  96|0x00000000a6000000, 0x00000000a6000000, 0x00000000a6100000|  0%| F|  |TAMS 0x00000000a6000000| PB 0x00000000a6000000| Untracked 
|  97|0x00000000a6100000, 0x00000000a6100000, 0x00000000a6200000|  0%| F|  |TAMS 0x00000000a6100000| PB 0x00000000a6100000| Untracked 
|  98|0x00000000a6200000, 0x00000000a6200000, 0x00000000a6300000|  0%| F|  |TAMS 0x00000000a6200000| PB 0x00000000a6200000| Untracked 
|  99|0x00000000a6300000, 0x00000000a6300000, 0x00000000a6400000|  0%| F|  |TAMS 0x00000000a6300000| PB 0x00000000a6300000| Untracked 
| 100|0x00000000a6400000, 0x00000000a6400000, 0x00000000a6500000|  0%| F|  |TAMS 0x00000000a6400000| PB 0x00000000a6400000| Untracked 
| 101|0x00000000a6500000, 0x00000000a6500000, 0x00000000a6600000|  0%| F|  |TAMS 0x00000000a6500000| PB 0x00000000a6500000| Untracked 
| 102|0x00000000a6600000, 0x00000000a6600000, 0x00000000a6700000|  0%| F|  |TAMS 0x00000000a6600000| PB 0x00000000a6600000| Untracked 
| 103|0x00000000a6700000, 0x00000000a6700000, 0x00000000a6800000|  0%| F|  |TAMS 0x00000000a6700000| PB 0x00000000a6700000| Untracked 
| 104|0x00000000a6800000, 0x00000000a6800000, 0x00000000a6900000|  0%| F|  |TAMS 0x00000000a6800000| PB 0x00000000a6800000| Untracked 
| 105|0x00000000a6900000, 0x00000000a6900000, 0x00000000a6a00000|  0%| F|  |TAMS 0x00000000a6900000| PB 0x00000000a6900000| Untracked 
| 106|0x00000000a6a00000, 0x00000000a6a00000, 0x00000000a6b00000|  0%| F|  |TAMS 0x00000000a6a00000| PB 0x00000000a6a00000| Untracked 
| 107|0x00000000a6b00000, 0x00000000a6b00000, 0x00000000a6c00000|  0%| F|  |TAMS 0x00000000a6b00000| PB 0x00000000a6b00000| Untracked 
| 108|0x00000000a6c00000, 0x00000000a6c00000, 0x00000000a6d00000|  0%| F|  |TAMS 0x00000000a6c00000| PB 0x00000000a6c00000| Untracked 
| 109|0x00000000a6d00000, 0x00000000a6d00000, 0x00000000a6e00000|  0%| F|  |TAMS 0x00000000a6d00000| PB 0x00000000a6d00000| Untracked 
| 110|0x00000000a6e00000, 0x00000000a6e00000, 0x00000000a6f00000|  0%| F|  |TAMS 0x00000000a6e00000| PB 0x00000000a6e00000| Untracked 
| 111|0x00000000a6f00000, 0x00000000a6f00000, 0x00000000a7000000|  0%| F|  |TAMS 0x00000000a6f00000| PB 0x00000000a6f00000| Untracked 
| 112|0x00000000a7000000, 0x00000000a7000000, 0x00000000a7100000|  0%| F|  |TAMS 0x00000000a7000000| PB 0x00000000a7000000| Untracked 
| 113|0x00000000a7100000, 0x00000000a7100000, 0x00000000a7200000|  0%| F|  |TAMS 0x00000000a7100000| PB 0x00000000a7100000| Untracked 
| 114|0x00000000a7200000, 0x00000000a7200000, 0x00000000a7300000|  0%| F|  |TAMS 0x00000000a7200000| PB 0x00000000a7200000| Untracked 
| 115|0x00000000a7300000, 0x00000000a7300000, 0x00000000a7400000|  0%| F|  |TAMS 0x00000000a7300000| PB 0x00000000a7300000| Untracked 
| 116|0x00000000a7400000, 0x00000000a7400000, 0x00000000a7500000|  0%| F|  |TAMS 0x00000000a7400000| PB 0x00000000a7400000| Untracked 
| 117|0x00000000a7500000, 0x00000000a7500000, 0x00000000a7600000|  0%| F|  |TAMS 0x00000000a7500000| PB 0x00000000a7500000| Untracked 
| 118|0x00000000a7600000, 0x00000000a7600000, 0x00000000a7700000|  0%| F|  |TAMS 0x00000000a7600000| PB 0x00000000a7600000| Untracked 
| 119|0x00000000a7700000, 0x00000000a7700000, 0x00000000a7800000|  0%| F|  |TAMS 0x00000000a7700000| PB 0x00000000a7700000| Untracked 
| 120|0x00000000a7800000, 0x00000000a7800000, 0x00000000a7900000|  0%| F|  |TAMS 0x00000000a7800000| PB 0x00000000a7800000| Untracked 
| 121|0x00000000a7900000, 0x00000000a7900000, 0x00000000a7a00000|  0%| F|  |TAMS 0x00000000a7900000| PB 0x00000000a7900000| Untracked 
| 122|0x00000000a7a00000, 0x00000000a7a00000, 0x00000000a7b00000|  0%| F|  |TAMS 0x00000000a7a00000| PB 0x00000000a7a00000| Untracked 
| 123|0x00000000a7b00000, 0x00000000a7b00000, 0x00000000a7c00000|  0%| F|  |TAMS 0x00000000a7b00000| PB 0x00000000a7b00000| Untracked 
| 124|0x00000000a7c00000, 0x00000000a7c00000, 0x00000000a7d00000|  0%| F|  |TAMS 0x00000000a7c00000| PB 0x00000000a7c00000| Untracked 
| 125|0x00000000a7d00000, 0x00000000a7d00000, 0x00000000a7e00000|  0%| F|  |TAMS 0x00000000a7d00000| PB 0x00000000a7d00000| Untracked 
| 126|0x00000000a7e00000, 0x00000000a7e00000, 0x00000000a7f00000|  0%| F|  |TAMS 0x00000000a7e00000| PB 0x00000000a7e00000| Untracked 
| 127|0x00000000a7f00000, 0x00000000a7f00000, 0x00000000a8000000|  0%| F|  |TAMS 0x00000000a7f00000| PB 0x00000000a7f00000| Untracked 
| 128|0x00000000a8000000, 0x00000000a8000000, 0x00000000a8100000|  0%| F|  |TAMS 0x00000000a8000000| PB 0x00000000a8000000| Untracked 
| 129|0x00000000a8100000, 0x00000000a8100000, 0x00000000a8200000|  0%| F|  |TAMS 0x00000000a8100000| PB 0x00000000a8100000| Untracked 
| 130|0x00000000a8200000, 0x00000000a8200000, 0x00000000a8300000|  0%| F|  |TAMS 0x00000000a8200000| PB 0x00000000a8200000| Untracked 
| 131|0x00000000a8300000, 0x00000000a8300000, 0x00000000a8400000|  0%| F|  |TAMS 0x00000000a8300000| PB 0x00000000a8300000| Untracked 
| 132|0x00000000a8400000, 0x00000000a8400000, 0x00000000a8500000|  0%| F|  |TAMS 0x00000000a8400000| PB 0x00000000a8400000| Untracked 
| 133|0x00000000a8500000, 0x00000000a8500000, 0x00000000a8600000|  0%| F|  |TAMS 0x00000000a8500000| PB 0x00000000a8500000| Untracked 
| 134|0x00000000a8600000, 0x00000000a8600000, 0x00000000a8700000|  0%| F|  |TAMS 0x00000000a8600000| PB 0x00000000a8600000| Untracked 
| 135|0x00000000a8700000, 0x00000000a8700000, 0x00000000a8800000|  0%| F|  |TAMS 0x00000000a8700000| PB 0x00000000a8700000| Untracked 
| 136|0x00000000a8800000, 0x00000000a8800000, 0x00000000a8900000|  0%| F|  |TAMS 0x00000000a8800000| PB 0x00000000a8800000| Untracked 
| 137|0x00000000a8900000, 0x00000000a8900000, 0x00000000a8a00000|  0%| F|  |TAMS 0x00000000a8900000| PB 0x00000000a8900000| Untracked 
| 138|0x00000000a8a00000, 0x00000000a8a00000, 0x00000000a8b00000|  0%| F|  |TAMS 0x00000000a8a00000| PB 0x00000000a8a00000| Untracked 
| 139|0x00000000a8b00000, 0x00000000a8b00000, 0x00000000a8c00000|  0%| F|  |TAMS 0x00000000a8b00000| PB 0x00000000a8b00000| Untracked 
| 140|0x00000000a8c00000, 0x00000000a8c00000, 0x00000000a8d00000|  0%| F|  |TAMS 0x00000000a8c00000| PB 0x00000000a8c00000| Untracked 
| 141|0x00000000a8d00000, 0x00000000a8d00000, 0x00000000a8e00000|  0%| F|  |TAMS 0x00000000a8d00000| PB 0x00000000a8d00000| Untracked 
| 142|0x00000000a8e00000, 0x00000000a8e00000, 0x00000000a8f00000|  0%| F|  |TAMS 0x00000000a8e00000| PB 0x00000000a8e00000| Untracked 
| 143|0x00000000a8f00000, 0x00000000a8f00000, 0x00000000a9000000|  0%| F|  |TAMS 0x00000000a8f00000| PB 0x00000000a8f00000| Untracked 
| 144|0x00000000a9000000, 0x00000000a9000000, 0x00000000a9100000|  0%| F|  |TAMS 0x00000000a9000000| PB 0x00000000a9000000| Untracked 
| 145|0x00000000a9100000, 0x00000000a9100000, 0x00000000a9200000|  0%| F|  |TAMS 0x00000000a9100000| PB 0x00000000a9100000| Untracked 
| 146|0x00000000a9200000, 0x00000000a9200000, 0x00000000a9300000|  0%| F|  |TAMS 0x00000000a9200000| PB 0x00000000a9200000| Untracked 
| 147|0x00000000a9300000, 0x00000000a9300000, 0x00000000a9400000|  0%| F|  |TAMS 0x00000000a9300000| PB 0x00000000a9300000| Untracked 
| 148|0x00000000a9400000, 0x00000000a9400000, 0x00000000a9500000|  0%| F|  |TAMS 0x00000000a9400000| PB 0x00000000a9400000| Untracked 
| 149|0x00000000a9500000, 0x00000000a9500000, 0x00000000a9600000|  0%| F|  |TAMS 0x00000000a9500000| PB 0x00000000a9500000| Untracked 
| 150|0x00000000a9600000, 0x00000000a9600000, 0x00000000a9700000|  0%| F|  |TAMS 0x00000000a9600000| PB 0x00000000a9600000| Untracked 
| 151|0x00000000a9700000, 0x00000000a9700000, 0x00000000a9800000|  0%| F|  |TAMS 0x00000000a9700000| PB 0x00000000a9700000| Untracked 
| 152|0x00000000a9800000, 0x00000000a9800000, 0x00000000a9900000|  0%| F|  |TAMS 0x00000000a9800000| PB 0x00000000a9800000| Untracked 
| 153|0x00000000a9900000, 0x00000000a9900000, 0x00000000a9a00000|  0%| F|  |TAMS 0x00000000a9900000| PB 0x00000000a9900000| Untracked 
| 154|0x00000000a9a00000, 0x00000000a9a00000, 0x00000000a9b00000|  0%| F|  |TAMS 0x00000000a9a00000| PB 0x00000000a9a00000| Untracked 
| 155|0x00000000a9b00000, 0x00000000a9b00000, 0x00000000a9c00000|  0%| F|  |TAMS 0x00000000a9b00000| PB 0x00000000a9b00000| Untracked 
| 156|0x00000000a9c00000, 0x00000000a9c00000, 0x00000000a9d00000|  0%| F|  |TAMS 0x00000000a9c00000| PB 0x00000000a9c00000| Untracked 
| 157|0x00000000a9d00000, 0x00000000a9d00000, 0x00000000a9e00000|  0%| F|  |TAMS 0x00000000a9d00000| PB 0x00000000a9d00000| Untracked 
| 158|0x00000000a9e00000, 0x00000000a9e00000, 0x00000000a9f00000|  0%| F|  |TAMS 0x00000000a9e00000| PB 0x00000000a9e00000| Untracked 
| 159|0x00000000a9f00000, 0x00000000a9f00000, 0x00000000aa000000|  0%| F|  |TAMS 0x00000000a9f00000| PB 0x00000000a9f00000| Untracked 
| 160|0x00000000aa000000, 0x00000000aa000000, 0x00000000aa100000|  0%| F|  |TAMS 0x00000000aa000000| PB 0x00000000aa000000| Untracked 
| 161|0x00000000aa100000, 0x00000000aa100000, 0x00000000aa200000|  0%| F|  |TAMS 0x00000000aa100000| PB 0x00000000aa100000| Untracked 
| 162|0x00000000aa200000, 0x00000000aa200000, 0x00000000aa300000|  0%| F|  |TAMS 0x00000000aa200000| PB 0x00000000aa200000| Untracked 
| 163|0x00000000aa300000, 0x00000000aa300000, 0x00000000aa400000|  0%| F|  |TAMS 0x00000000aa300000| PB 0x00000000aa300000| Untracked 
| 164|0x00000000aa400000, 0x00000000aa400000, 0x00000000aa500000|  0%| F|  |TAMS 0x00000000aa400000| PB 0x00000000aa400000| Untracked 
| 165|0x00000000aa500000, 0x00000000aa500000, 0x00000000aa600000|  0%| F|  |TAMS 0x00000000aa500000| PB 0x00000000aa500000| Untracked 
| 166|0x00000000aa600000, 0x00000000aa600000, 0x00000000aa700000|  0%| F|  |TAMS 0x00000000aa600000| PB 0x00000000aa600000| Untracked 
| 167|0x00000000aa700000, 0x00000000aa700000, 0x00000000aa800000|  0%| F|  |TAMS 0x00000000aa700000| PB 0x00000000aa700000| Untracked 
| 168|0x00000000aa800000, 0x00000000aa800000, 0x00000000aa900000|  0%| F|  |TAMS 0x00000000aa800000| PB 0x00000000aa800000| Untracked 
| 169|0x00000000aa900000, 0x00000000aa900000, 0x00000000aaa00000|  0%| F|  |TAMS 0x00000000aa900000| PB 0x00000000aa900000| Untracked 
| 170|0x00000000aaa00000, 0x00000000aaa00000, 0x00000000aab00000|  0%| F|  |TAMS 0x00000000aaa00000| PB 0x00000000aaa00000| Untracked 
| 171|0x00000000aab00000, 0x00000000aab00000, 0x00000000aac00000|  0%| F|  |TAMS 0x00000000aab00000| PB 0x00000000aab00000| Untracked 
| 172|0x00000000aac00000, 0x00000000aac00000, 0x00000000aad00000|  0%| F|  |TAMS 0x00000000aac00000| PB 0x00000000aac00000| Untracked 
| 173|0x00000000aad00000, 0x00000000aad00000, 0x00000000aae00000|  0%| F|  |TAMS 0x00000000aad00000| PB 0x00000000aad00000| Untracked 
| 174|0x00000000aae00000, 0x00000000aae00000, 0x00000000aaf00000|  0%| F|  |TAMS 0x00000000aae00000| PB 0x00000000aae00000| Untracked 
| 175|0x00000000aaf00000, 0x00000000aaf00000, 0x00000000ab000000|  0%| F|  |TAMS 0x00000000aaf00000| PB 0x00000000aaf00000| Untracked 
| 176|0x00000000ab000000, 0x00000000ab080000, 0x00000000ab100000| 50%| E|  |TAMS 0x00000000ab000000| PB 0x00000000ab000000| Complete 
| 177|0x00000000ab100000, 0x00000000ab200000, 0x00000000ab200000|100%| E|CS|TAMS 0x00000000ab100000| PB 0x00000000ab100000| Complete 
| 178|0x00000000ab200000, 0x00000000ab300000, 0x00000000ab300000|100%| E|CS|TAMS 0x00000000ab200000| PB 0x00000000ab200000| Complete 
| 179|0x00000000ab300000, 0x00000000ab400000, 0x00000000ab400000|100%| E|CS|TAMS 0x00000000ab300000| PB 0x00000000ab300000| Complete 
| 180|0x00000000ab400000, 0x00000000ab500000, 0x00000000ab500000|100%| E|CS|TAMS 0x00000000ab400000| PB 0x00000000ab400000| Complete 
| 181|0x00000000ab500000, 0x00000000ab600000, 0x00000000ab600000|100%| E|CS|TAMS 0x00000000ab500000| PB 0x00000000ab500000| Complete 
| 182|0x00000000ab600000, 0x00000000ab700000, 0x00000000ab700000|100%| E|CS|TAMS 0x00000000ab600000| PB 0x00000000ab600000| Complete 
| 183|0x00000000ab700000, 0x00000000ab800000, 0x00000000ab800000|100%| E|CS|TAMS 0x00000000ab700000| PB 0x00000000ab700000| Complete 
| 184|0x00000000ab800000, 0x00000000ab900000, 0x00000000ab900000|100%| E|CS|TAMS 0x00000000ab800000| PB 0x00000000ab800000| Complete 
| 185|0x00000000ab900000, 0x00000000aba00000, 0x00000000aba00000|100%| E|CS|TAMS 0x00000000ab900000| PB 0x00000000ab900000| Complete 
| 186|0x00000000aba00000, 0x00000000abb00000, 0x00000000abb00000|100%| E|CS|TAMS 0x00000000aba00000| PB 0x00000000aba00000| Complete 
| 187|0x00000000abb00000, 0x00000000abc00000, 0x00000000abc00000|100%| E|CS|TAMS 0x00000000abb00000| PB 0x00000000abb00000| Complete 
| 188|0x00000000abc00000, 0x00000000abd00000, 0x00000000abd00000|100%| E|CS|TAMS 0x00000000abc00000| PB 0x00000000abc00000| Complete 
| 189|0x00000000abd00000, 0x00000000abe00000, 0x00000000abe00000|100%| E|CS|TAMS 0x00000000abd00000| PB 0x00000000abd00000| Complete 
| 190|0x00000000abe00000, 0x00000000abf00000, 0x00000000abf00000|100%| E|CS|TAMS 0x00000000abe00000| PB 0x00000000abe00000| Complete 
| 191|0x00000000abf00000, 0x00000000ac000000, 0x00000000ac000000|100%| E|CS|TAMS 0x00000000abf00000| PB 0x00000000abf00000| Complete 
| 192|0x00000000ac000000, 0x00000000ac100000, 0x00000000ac100000|100%| E|CS|TAMS 0x00000000ac000000| PB 0x00000000ac000000| Complete 
| 193|0x00000000ac100000, 0x00000000ac200000, 0x00000000ac200000|100%| E|CS|TAMS 0x00000000ac100000| PB 0x00000000ac100000| Complete 
| 194|0x00000000ac200000, 0x00000000ac300000, 0x00000000ac300000|100%| E|CS|TAMS 0x00000000ac200000| PB 0x00000000ac200000| Complete 
| 195|0x00000000ac300000, 0x00000000ac36b5f8, 0x00000000ac400000| 41%| S|CS|TAMS 0x00000000ac300000| PB 0x00000000ac300000| Complete 
| 196|0x00000000ac400000, 0x00000000ac500000, 0x00000000ac500000|100%| S|CS|TAMS 0x00000000ac400000| PB 0x00000000ac400000| Complete 
| 197|0x00000000ac500000, 0x00000000ac600000, 0x00000000ac600000|100%| S|CS|TAMS 0x00000000ac500000| PB 0x00000000ac500000| Complete 
| 198|0x00000000ac600000, 0x00000000ac700000, 0x00000000ac700000|100%| S|CS|TAMS 0x00000000ac600000| PB 0x00000000ac600000| Complete 
| 199|0x00000000ac700000, 0x00000000ac800000, 0x00000000ac800000|100%| S|CS|TAMS 0x00000000ac700000| PB 0x00000000ac700000| Complete 
| 200|0x00000000ac800000, 0x00000000ac900000, 0x00000000ac900000|100%| E|CS|TAMS 0x00000000ac800000| PB 0x00000000ac800000| Complete 
| 201|0x00000000ac900000, 0x00000000aca00000, 0x00000000aca00000|100%| E|CS|TAMS 0x00000000ac900000| PB 0x00000000ac900000| Complete 
| 202|0x00000000aca00000, 0x00000000acb00000, 0x00000000acb00000|100%| E|CS|TAMS 0x00000000aca00000| PB 0x00000000aca00000| Complete 
| 203|0x00000000acb00000, 0x00000000acc00000, 0x00000000acc00000|100%| E|CS|TAMS 0x00000000acb00000| PB 0x00000000acb00000| Complete 
| 204|0x00000000acc00000, 0x00000000acd00000, 0x00000000acd00000|100%| E|CS|TAMS 0x00000000acc00000| PB 0x00000000acc00000| Complete 
| 205|0x00000000acd00000, 0x00000000ace00000, 0x00000000ace00000|100%| E|CS|TAMS 0x00000000acd00000| PB 0x00000000acd00000| Complete 
| 206|0x00000000ace00000, 0x00000000acf00000, 0x00000000acf00000|100%| E|CS|TAMS 0x00000000ace00000| PB 0x00000000ace00000| Complete 
| 207|0x00000000acf00000, 0x00000000ad000000, 0x00000000ad000000|100%| E|CS|TAMS 0x00000000acf00000| PB 0x00000000acf00000| Complete 
| 208|0x00000000ad000000, 0x00000000ad100000, 0x00000000ad100000|100%| E|CS|TAMS 0x00000000ad000000| PB 0x00000000ad000000| Complete 
| 209|0x00000000ad100000, 0x00000000ad200000, 0x00000000ad200000|100%| E|CS|TAMS 0x00000000ad100000| PB 0x00000000ad100000| Complete 
| 210|0x00000000ad200000, 0x00000000ad300000, 0x00000000ad300000|100%| E|CS|TAMS 0x00000000ad200000| PB 0x00000000ad200000| Complete 
| 211|0x00000000ad300000, 0x00000000ad400000, 0x00000000ad400000|100%| E|CS|TAMS 0x00000000ad300000| PB 0x00000000ad300000| Complete 
| 212|0x00000000ad400000, 0x00000000ad500000, 0x00000000ad500000|100%| E|CS|TAMS 0x00000000ad400000| PB 0x00000000ad400000| Complete 
| 213|0x00000000ad500000, 0x00000000ad600000, 0x00000000ad600000|100%| E|CS|TAMS 0x00000000ad500000| PB 0x00000000ad500000| Complete 
| 214|0x00000000ad600000, 0x00000000ad700000, 0x00000000ad700000|100%| E|CS|TAMS 0x00000000ad600000| PB 0x00000000ad600000| Complete 
| 215|0x00000000ad700000, 0x00000000ad800000, 0x00000000ad800000|100%| E|CS|TAMS 0x00000000ad700000| PB 0x00000000ad700000| Complete 
| 216|0x00000000ad800000, 0x00000000ad900000, 0x00000000ad900000|100%| E|CS|TAMS 0x00000000ad800000| PB 0x00000000ad800000| Complete 
| 217|0x00000000ad900000, 0x00000000ada00000, 0x00000000ada00000|100%| E|CS|TAMS 0x00000000ad900000| PB 0x00000000ad900000| Complete 
| 218|0x00000000ada00000, 0x00000000adb00000, 0x00000000adb00000|100%| E|CS|TAMS 0x00000000ada00000| PB 0x00000000ada00000| Complete 
| 219|0x00000000adb00000, 0x00000000adc00000, 0x00000000adc00000|100%| E|CS|TAMS 0x00000000adb00000| PB 0x00000000adb00000| Complete 
| 220|0x00000000adc00000, 0x00000000add00000, 0x00000000add00000|100%| E|CS|TAMS 0x00000000adc00000| PB 0x00000000adc00000| Complete 
| 221|0x00000000add00000, 0x00000000ade00000, 0x00000000ade00000|100%| E|CS|TAMS 0x00000000add00000| PB 0x00000000add00000| Complete 
| 222|0x00000000ade00000, 0x00000000adf00000, 0x00000000adf00000|100%| E|CS|TAMS 0x00000000ade00000| PB 0x00000000ade00000| Complete 
| 223|0x00000000adf00000, 0x00000000ae000000, 0x00000000ae000000|100%| E|CS|TAMS 0x00000000adf00000| PB 0x00000000adf00000| Complete 
| 224|0x00000000ae000000, 0x00000000ae100000, 0x00000000ae100000|100%| E|CS|TAMS 0x00000000ae000000| PB 0x00000000ae000000| Complete 
| 225|0x00000000ae100000, 0x00000000ae200000, 0x00000000ae200000|100%| E|CS|TAMS 0x00000000ae100000| PB 0x00000000ae100000| Complete 
| 226|0x00000000ae200000, 0x00000000ae300000, 0x00000000ae300000|100%| E|CS|TAMS 0x00000000ae200000| PB 0x00000000ae200000| Complete 
| 227|0x00000000ae300000, 0x00000000ae400000, 0x00000000ae400000|100%| E|CS|TAMS 0x00000000ae300000| PB 0x00000000ae300000| Complete 
| 228|0x00000000ae400000, 0x00000000ae500000, 0x00000000ae500000|100%| E|CS|TAMS 0x00000000ae400000| PB 0x00000000ae400000| Complete 
| 229|0x00000000ae500000, 0x00000000ae600000, 0x00000000ae600000|100%| E|CS|TAMS 0x00000000ae500000| PB 0x00000000ae500000| Complete 
| 230|0x00000000ae600000, 0x00000000ae700000, 0x00000000ae700000|100%| E|CS|TAMS 0x00000000ae600000| PB 0x00000000ae600000| Complete 
| 231|0x00000000ae700000, 0x00000000ae800000, 0x00000000ae800000|100%| E|CS|TAMS 0x00000000ae700000| PB 0x00000000ae700000| Complete 
| 232|0x00000000ae800000, 0x00000000ae900000, 0x00000000ae900000|100%| E|CS|TAMS 0x00000000ae800000| PB 0x00000000ae800000| Complete 
| 233|0x00000000ae900000, 0x00000000aea00000, 0x00000000aea00000|100%| E|CS|TAMS 0x00000000ae900000| PB 0x00000000ae900000| Complete 
| 234|0x00000000aea00000, 0x00000000aeb00000, 0x00000000aeb00000|100%| E|CS|TAMS 0x00000000aea00000| PB 0x00000000aea00000| Complete 
| 235|0x00000000aeb00000, 0x00000000aec00000, 0x00000000aec00000|100%| E|CS|TAMS 0x00000000aeb00000| PB 0x00000000aeb00000| Complete 
| 236|0x00000000aec00000, 0x00000000aed00000, 0x00000000aed00000|100%| E|CS|TAMS 0x00000000aec00000| PB 0x00000000aec00000| Complete 
| 237|0x00000000aed00000, 0x00000000aee00000, 0x00000000aee00000|100%| E|CS|TAMS 0x00000000aed00000| PB 0x00000000aed00000| Complete 
| 238|0x00000000aee00000, 0x00000000aef00000, 0x00000000aef00000|100%| E|CS|TAMS 0x00000000aee00000| PB 0x00000000aee00000| Complete 
| 239|0x00000000aef00000, 0x00000000af000000, 0x00000000af000000|100%| E|CS|TAMS 0x00000000aef00000| PB 0x00000000aef00000| Complete 
| 240|0x00000000af000000, 0x00000000af100000, 0x00000000af100000|100%| E|CS|TAMS 0x00000000af000000| PB 0x00000000af000000| Complete 
| 241|0x00000000af100000, 0x00000000af200000, 0x00000000af200000|100%| E|CS|TAMS 0x00000000af100000| PB 0x00000000af100000| Complete 
| 242|0x00000000af200000, 0x00000000af300000, 0x00000000af300000|100%| E|CS|TAMS 0x00000000af200000| PB 0x00000000af200000| Complete 
| 243|0x00000000af300000, 0x00000000af400000, 0x00000000af400000|100%| E|CS|TAMS 0x00000000af300000| PB 0x00000000af300000| Complete 
| 244|0x00000000af400000, 0x00000000af500000, 0x00000000af500000|100%| E|CS|TAMS 0x00000000af400000| PB 0x00000000af400000| Complete 
| 245|0x00000000af500000, 0x00000000af600000, 0x00000000af600000|100%| E|CS|TAMS 0x00000000af500000| PB 0x00000000af500000| Complete 
| 246|0x00000000af600000, 0x00000000af700000, 0x00000000af700000|100%| E|CS|TAMS 0x00000000af600000| PB 0x00000000af600000| Complete 
| 247|0x00000000af700000, 0x00000000af800000, 0x00000000af800000|100%| E|CS|TAMS 0x00000000af700000| PB 0x00000000af700000| Complete 
| 248|0x00000000af800000, 0x00000000af900000, 0x00000000af900000|100%| E|CS|TAMS 0x00000000af800000| PB 0x00000000af800000| Complete 
| 249|0x00000000af900000, 0x00000000afa00000, 0x00000000afa00000|100%| E|CS|TAMS 0x00000000af900000| PB 0x00000000af900000| Complete 
| 250|0x00000000afa00000, 0x00000000afb00000, 0x00000000afb00000|100%| E|CS|TAMS 0x00000000afa00000| PB 0x00000000afa00000| Complete 
| 251|0x00000000afb00000, 0x00000000afc00000, 0x00000000afc00000|100%| E|CS|TAMS 0x00000000afb00000| PB 0x00000000afb00000| Complete 

Card table byte_map: [0x00000229f66d0000,0x00000229f69d0000] _byte_map_base: 0x00000229f61d0000

Marking Bits: (CMBitMap*) 0x00000229f2cb6140
 Bits: [0x00000229f69d0000, 0x00000229f81d0000)

Polling page: 0x00000229f0d00000

Metaspace:

Usage:
  Non-class:     14.77 MB used.
      Class:      2.46 MB used.
       Both:     17.22 MB used.

Virtual space:
  Non-class space:       64.00 MB reserved,      15.00 MB ( 23%) committed,  1 nodes.
      Class space:        1.00 GB reserved,       2.69 MB ( <1%) committed,  1 nodes.
             Both:        1.06 GB reserved,      17.69 MB (  2%) committed. 

Chunk freelists:
   Non-Class:  1008.00 KB
       Class:  13.34 MB
        Both:  14.33 MB

MaxMetaspaceSize: unlimited
CompressedClassSpaceSize: 1.00 GB
Initial GC threshold: 21.00 MB
Current GC threshold: 21.00 MB
CDS: on
 - commit_granule_bytes: 65536.
 - commit_granule_words: 8192.
 - virtual_space_node_default_size: 8388608.
 - enlarge_chunks_in_place: 1.
 - use_allocation_guard: 0.


Internal statistics:

num_allocs_failed_limit: 0.
num_arena_births: 686.
num_arena_deaths: 0.
num_vsnodes_births: 2.
num_vsnodes_deaths: 0.
num_space_committed: 283.
num_space_uncommitted: 0.
num_chunks_returned_to_freelist: 0.
num_chunks_taken_from_freelist: 1349.
num_chunk_merges: 0.
num_chunk_splits: 870.
num_chunks_enlarged: 586.
num_inconsistent_stats: 0.

CodeHeap 'non-profiled nmethods': size=120000Kb used=1481Kb max_used=1481Kb free=118518Kb
 bounds [0x0000022987ad0000, 0x0000022987d40000, 0x000002298f000000]
CodeHeap 'profiled nmethods': size=120000Kb used=5934Kb max_used=5934Kb free=114065Kb
 bounds [0x0000022980000000, 0x00000229805d0000, 0x0000022987530000]
CodeHeap 'non-nmethods': size=5760Kb used=1414Kb max_used=1458Kb free=4345Kb
 bounds [0x0000022987530000, 0x00000229877a0000, 0x0000022987ad0000]
CodeCache: size=245760Kb, used=8829Kb, max_used=8873Kb, free=236928Kb
 total_blobs=3593, nmethods=3018, adapters=479, full_count=0
Compilation: enabled, stopped_count=0, restarted_count=0

Compilation events (20 events):
Event: 23.859 Thread 0x00000229faecef50 3010       3       org.gradle.internal.service.DefaultServiceRegistry::access$1500 (6 bytes)
Event: 23.860 Thread 0x00000229faecef50 nmethod 3010 0x00000229805c5a90 code [0x00000229805c5c40, 0x00000229805c5d58]
Event: 23.860 Thread 0x00000229faecef50 3012       3       org.gradle.internal.service.DefaultServiceRegistry$CollectingVisitor::visit (25 bytes)
Event: 23.860 Thread 0x00000229faecef50 nmethod 3012 0x00000229805c5e10 code [0x00000229805c5fe0, 0x00000229805c62c8]
Event: 23.866 Thread 0x00000229faeccdd0 nmethod 2961 0x0000022987c3f790 code [0x0000022987c3fa40, 0x0000022987c409d8]
Event: 23.866 Thread 0x00000229faeccdd0 2910       4       jdk.internal.org.objectweb.asm.Frame::pop (42 bytes)
Event: 23.868 Thread 0x00000229faeccdd0 nmethod 2910 0x0000022987c41390 code [0x0000022987c41520, 0x0000022987c41618]
Event: 23.868 Thread 0x00000229faeccdd0 3009       4       java.util.Collections$SetFromMap::remove (19 bytes)
Event: 23.881 Thread 0x00000229faeccdd0 nmethod 3009 0x0000022987c41710 code [0x0000022987c418c0, 0x0000022987c41d40]
Event: 23.892 Thread 0x00000229faeccdd0 3013       4       java.security.CodeSource::getCertificates (95 bytes)
Event: 23.893 Thread 0x00000229faeccdd0 nmethod 3013 0x0000022987c42090 code [0x0000022987c42220, 0x0000022987c422f0]
Event: 23.912 Thread 0x00000229faeccdd0 3014   !   4       java.lang.ClassLoader::loadClass (121 bytes)
Event: 23.924 Thread 0x00000229faecef50 3016   !   3       org.gradle.internal.classloader.TransformingClassLoader::findClass (203 bytes)
Event: 23.928 Thread 0x00000229faecef50 nmethod 3016 0x00000229805c6410 code [0x00000229805c6920, 0x00000229805c8ca0]
Event: 23.928 Thread 0x00000229faecef50 3017       3       org.gradle.initialization.MixInLegacyTypesClassLoader::shouldTransform (42 bytes)
Event: 23.929 Thread 0x00000229faecef50 nmethod 3017 0x00000229805c9c10 code [0x00000229805c9de0, 0x00000229805ca1d0]
Event: 23.937 Thread 0x00000229faecef50 3018       3       org.gradle.internal.service.DefaultServiceRegistry$SingletonService::<init> (58 bytes)
Event: 23.938 Thread 0x00000229faecef50 nmethod 3018 0x00000229805ca390 code [0x00000229805ca600, 0x00000229805cb170]
Event: 24.144 Thread 0x00000229faecef50 3020       3       java.util.concurrent.locks.ReentrantLock$Sync::isHeldExclusively (16 bytes)
Event: 24.144 Thread 0x00000229faecef50 nmethod 3020 0x00000229805cb510 code [0x00000229805cb6c0, 0x00000229805cb850]

GC Heap History (6 events):
Event: 2.326 GC heap before
{Heap before GC invocations=0 (full 0):
 garbage-first heap   total 258048K, used 23552K [0x00000000a0000000, 0x0000000100000000)
  region size 1024K, 23 young (23552K), 0 survivors (0K)
 Metaspace       used 1051K, committed 1152K, reserved 1114112K
  class space    used 81K, committed 128K, reserved 1048576K
}
Event: 2.600 GC heap after
{Heap after GC invocations=1 (full 0):
 garbage-first heap   total 258048K, used 1877K [0x00000000a0000000, 0x0000000100000000)
  region size 1024K, 2 young (2048K), 2 survivors (2048K)
 Metaspace       used 1051K, committed 1152K, reserved 1114112K
  class space    used 81K, committed 128K, reserved 1048576K
}
Event: 7.249 GC heap before
{Heap before GC invocations=1 (full 0):
 garbage-first heap   total 258048K, used 37717K [0x00000000a0000000, 0x0000000100000000)
  region size 1024K, 35 young (35840K), 2 survivors (2048K)
 Metaspace       used 4360K, committed 4544K, reserved 1114112K
  class space    used 556K, committed 640K, reserved 1048576K
}
Event: 7.256 GC heap after
{Heap after GC invocations=2 (full 0):
 garbage-first heap   total 258048K, used 11146K [0x00000000a0000000, 0x0000000100000000)
  region size 1024K, 5 young (5120K), 5 survivors (5120K)
 Metaspace       used 4360K, committed 4544K, reserved 1114112K
  class space    used 556K, committed 640K, reserved 1048576K
}
Event: 12.977 GC heap before
{Heap before GC invocations=2 (full 0):
 garbage-first heap   total 258048K, used 61322K [0x00000000a0000000, 0x0000000100000000)
  region size 1024K, 52 young (53248K), 5 survivors (5120K)
 Metaspace       used 4756K, committed 4928K, reserved 1114112K
  class space    used 617K, committed 704K, reserved 1048576K
}
Event: 12.987 GC heap after
{Heap after GC invocations=3 (full 0):
 garbage-first heap   total 258048K, used 16521K [0x00000000a0000000, 0x0000000100000000)
  region size 1024K, 5 young (5120K), 5 survivors (5120K)
 Metaspace       used 4756K, committed 4928K, reserved 1114112K
  class space    used 617K, committed 704K, reserved 1048576K
}

Dll operation events (20 events):
Event: 0.480 Attempting to load shared library C:\Users\ishas\.vscode\extensions\redhat.java-1.56.0-win32-x64\jre\21.0.12.1-win32-x86_64\bin\nio.dll
Event: 0.481 Loaded shared library C:\Users\ishas\.vscode\extensions\redhat.java-1.56.0-win32-x64\jre\21.0.12.1-win32-x86_64\bin\nio.dll
Event: 0.486 Attempting to load shared library C:\Users\ishas\.vscode\extensions\redhat.java-1.56.0-win32-x64\jre\21.0.12.1-win32-x86_64\bin\zip.dll
Event: 0.486 Loaded shared library C:\Users\ishas\.vscode\extensions\redhat.java-1.56.0-win32-x64\jre\21.0.12.1-win32-x86_64\bin\zip.dll
Event: 2.061 Attempting to load shared library C:\Users\ishas\.vscode\extensions\redhat.java-1.56.0-win32-x64\jre\21.0.12.1-win32-x86_64\bin\jimage.dll
Event: 2.061 Loaded shared library C:\Users\ishas\.vscode\extensions\redhat.java-1.56.0-win32-x64\jre\21.0.12.1-win32-x86_64\bin\jimage.dll
Event: 3.495 Attempting to load shared library C:\Users\ishas\.vscode\extensions\redhat.java-1.56.0-win32-x64\jre\21.0.12.1-win32-x86_64\bin\verify.dll
Event: 3.495 Loaded shared library C:\Users\ishas\.vscode\extensions\redhat.java-1.56.0-win32-x64\jre\21.0.12.1-win32-x86_64\bin\verify.dll
Event: 4.227 Attempting to load shared library C:\Users\ishas\.gradle\native\1def1411415f61bf3af743bc5b6707747c0891f09f0c88961ee8f79bc544acac\windows-amd64\native-platform.dll
Event: 4.228 Loaded shared library C:\Users\ishas\.gradle\native\1def1411415f61bf3af743bc5b6707747c0891f09f0c88961ee8f79bc544acac\windows-amd64\native-platform.dll
Event: 4.276 Attempting to load shared library C:\Users\ishas\.gradle\native\0.2.7\x86_64-windows-gnu\gradle-fileevents.dll
Event: 4.277 Loaded shared library C:\Users\ishas\.gradle\native\0.2.7\x86_64-windows-gnu\gradle-fileevents.dll
Event: 14.478 Attempting to load shared library C:\Users\ishas\.vscode\extensions\redhat.java-1.56.0-win32-x64\jre\21.0.12.1-win32-x86_64\bin\management.dll
Event: 14.480 Loaded shared library C:\Users\ishas\.vscode\extensions\redhat.java-1.56.0-win32-x64\jre\21.0.12.1-win32-x86_64\bin\management.dll
Event: 14.486 Attempting to load shared library C:\Users\ishas\.vscode\extensions\redhat.java-1.56.0-win32-x64\jre\21.0.12.1-win32-x86_64\bin\management_ext.dll
Event: 14.497 Loaded shared library C:\Users\ishas\.vscode\extensions\redhat.java-1.56.0-win32-x64\jre\21.0.12.1-win32-x86_64\bin\management_ext.dll
Event: 16.280 Attempting to load shared library C:\Users\ishas\.vscode\extensions\redhat.java-1.56.0-win32-x64\jre\21.0.12.1-win32-x86_64\bin\extnet.dll
Event: 16.283 Loaded shared library C:\Users\ishas\.vscode\extensions\redhat.java-1.56.0-win32-x64\jre\21.0.12.1-win32-x86_64\bin\extnet.dll
Event: 20.297 Attempting to load shared library C:\Users\ishas\.vscode\extensions\redhat.java-1.56.0-win32-x64\jre\21.0.12.1-win32-x86_64\bin\sunmscapi.dll
Event: 20.304 Loaded shared library C:\Users\ishas\.vscode\extensions\redhat.java-1.56.0-win32-x64\jre\21.0.12.1-win32-x86_64\bin\sunmscapi.dll

Deoptimization events (20 events):
Event: 23.235 Thread 0x00000229d4157d60 Uncommon trap: trap_request=0xffffff45 fr.pc=0x0000022987af6980 relative=0x0000000000000d00
Event: 23.235 Thread 0x00000229d4157d60 Uncommon trap: reason=unstable_if action=reinterpret pc=0x0000022987af6980 method=java.io.WinNTFileSystem.resolve(Ljava/lang/String;Ljava/lang/String;)Ljava/lang/String; @ 19 c2
Event: 23.235 Thread 0x00000229d4157d60 DEOPT PACKING pc=0x0000022987af6980 sp=0x0000008d633fb140
Event: 23.235 Thread 0x00000229d4157d60 DEOPT UNPACKING pc=0x0000022987584422 sp=0x0000008d633fb0d8 mode 2
Event: 23.237 Thread 0x00000229d4157d60 Uncommon trap: trap_request=0xffffff45 fr.pc=0x0000022987b66098 relative=0x0000000000000638
Event: 23.237 Thread 0x00000229d4157d60 Uncommon trap: reason=unstable_if action=reinterpret pc=0x0000022987b66098 method=java.io.File.getName()Ljava/lang/String; @ 16 c2
Event: 23.237 Thread 0x00000229d4157d60 DEOPT PACKING pc=0x0000022987b66098 sp=0x0000008d633fb100
Event: 23.238 Thread 0x00000229d4157d60 DEOPT UNPACKING pc=0x0000022987584422 sp=0x0000008d633fb0d0 mode 2
Event: 23.470 Thread 0x00000229d4157d60 Uncommon trap: trap_request=0xffffff45 fr.pc=0x0000022987afbf94 relative=0x00000000000000f4
Event: 23.470 Thread 0x00000229d4157d60 Uncommon trap: reason=unstable_if action=reinterpret pc=0x0000022987afbf94 method=java.util.HashMap.hash(Ljava/lang/Object;)I @ 1 c2
Event: 23.470 Thread 0x00000229d4157d60 DEOPT PACKING pc=0x0000022987afbf94 sp=0x0000008d633fc2c0
Event: 23.470 Thread 0x00000229d4157d60 DEOPT UNPACKING pc=0x0000022987584422 sp=0x0000008d633fc200 mode 2
Event: 23.528 Thread 0x00000229d4157d60 DEOPT PACKING pc=0x00000229804aa382 sp=0x0000008d633fb110
Event: 23.528 Thread 0x00000229d4157d60 DEOPT UNPACKING pc=0x0000022987584bc2 sp=0x0000008d633fa620 mode 0
Event: 23.823 Thread 0x00000229d4157d60 Uncommon trap: trap_request=0xfffffff4 fr.pc=0x0000022987b609cc relative=0x00000000000004cc
Event: 23.823 Thread 0x00000229d4157d60 Uncommon trap: reason=null_check action=make_not_entrant pc=0x0000022987b609cc method=java.io.File.equals(Ljava/lang/Object;)Z @ 1 c2
Event: 23.823 Thread 0x00000229d4157d60 DEOPT PACKING pc=0x0000022987b609cc sp=0x0000008d633fd4d0
Event: 23.823 Thread 0x00000229d4157d60 DEOPT UNPACKING pc=0x0000022987584422 sp=0x0000008d633fd488 mode 2
Event: 24.129 Thread 0x00000229d4157d60 DEOPT PACKING pc=0x00000229804aa382 sp=0x0000008d633fbfc0
Event: 24.129 Thread 0x00000229d4157d60 DEOPT UNPACKING pc=0x0000022987584bc2 sp=0x0000008d633fb4d0 mode 0

Classes loaded (20 events):
Event: 23.717 Loading class java/lang/invoke/BoundMethodHandle$Species_LLLLLLLLLLLLLLLL
Event: 23.717 Loading class java/lang/invoke/BoundMethodHandle$Species_LLLLLLLLLLLLLLLL done
Event: 23.721 Loading class java/lang/invoke/BoundMethodHandle$Species_LLLLLLLLLLLLLLLLL
Event: 23.721 Loading class java/lang/invoke/BoundMethodHandle$Species_LLLLLLLLLLLLLLLLL done
Event: 23.727 Loading class java/lang/invoke/BoundMethodHandle$Species_LLLLLLLLLLLLLLLLLL
Event: 23.727 Loading class java/lang/invoke/BoundMethodHandle$Species_LLLLLLLLLLLLLLLLLL done
Event: 23.731 Loading class java/lang/invoke/BoundMethodHandle$Species_LLLLLLLLLLLLLLLLLLL
Event: 23.731 Loading class java/lang/invoke/BoundMethodHandle$Species_LLLLLLLLLLLLLLLLLLL done
Event: 23.734 Loading class java/lang/invoke/BoundMethodHandle$Species_LLLLLLLLLLLLLLLLLLLL
Event: 23.734 Loading class java/lang/invoke/BoundMethodHandle$Species_LLLLLLLLLLLLLLLLLLLL done
Event: 23.740 Loading class java/lang/invoke/BoundMethodHandle$Species_LLLLLLLLLLLLLLLLLLLLL
Event: 23.740 Loading class java/lang/invoke/BoundMethodHandle$Species_LLLLLLLLLLLLLLLLLLLLL done
Event: 23.745 Loading class java/lang/invoke/BoundMethodHandle$Species_LLLLLLLLLLLLLLLLLLLLLL
Event: 23.745 Loading class java/lang/invoke/BoundMethodHandle$Species_LLLLLLLLLLLLLLLLLLLLLL done
Event: 23.748 Loading class java/lang/invoke/BoundMethodHandle$Species_LLLLLLLLLLLLLLLLLLLLLLL
Event: 23.748 Loading class java/lang/invoke/BoundMethodHandle$Species_LLLLLLLLLLLLLLLLLLLLLLL done
Event: 23.751 Loading class java/lang/invoke/BoundMethodHandle$Species_LLLLLLLLLLLLLLLLLLLLLLLL
Event: 23.751 Loading class java/lang/invoke/BoundMethodHandle$Species_LLLLLLLLLLLLLLLLLLLLLLLL done
Event: 24.001 Loading class java/util/function/LongFunction
Event: 24.001 Loading class java/util/function/LongFunction done

Classes unloaded (0 events):
No events

Classes redefined (0 events):
No events

Internal exceptions (20 events):
Event: 23.258 Thread 0x00000229d4157d60 Exception <a 'java/lang/NoSuchMethodError'{0x00000000abf62068}: 'void java.lang.invoke.DirectMethodHandle$Holder.invokeStatic(java.lang.Object, java.lang.Object, java.lang.Object, java.lang.Object)'> (0x00000000abf62068) 
thrown [s\src\hotspot\share\interpreter\linkResolver.cpp, line 773]
Event: 23.260 Thread 0x00000229d4157d60 Exception <a 'java/lang/NoSuchMethodError'{0x00000000abf65e20}: 'void java.lang.invoke.DirectMethodHandle$Holder.invokeStaticInit(java.lang.Object, java.lang.Object, java.lang.Object, java.lang.Object)'> (0x00000000abf65e20) 
thrown [s\src\hotspot\share\interpreter\linkResolver.cpp, line 773]
Event: 23.299 Thread 0x00000229d4157d60 Exception <a 'java/lang/NoSuchMethodError'{0x00000000abfbd6c8}: 'java.lang.Object java.lang.invoke.DirectMethodHandle$Holder.invokeInterface(java.lang.Object, java.lang.Object, java.lang.Object)'> (0x00000000abfbd6c8) 
thrown [s\src\hotspot\share\interpreter\linkResolver.cpp, line 773]
Event: 23.396 Thread 0x00000229d4157d60 Exception <a 'java/lang/NoSuchMethodError'{0x00000000abec0050}: 'int java.lang.invoke.DirectMethodHandle$Holder.invokeSpecialIFC(java.lang.Object, java.lang.Object, java.lang.Object, java.lang.Object)'> (0x00000000abec0050) 
thrown [s\src\hotspot\share\interpreter\linkResolver.cpp, line 773]
Event: 23.399 Thread 0x00000229d4157d60 Exception <a 'java/lang/IncompatibleClassChangeError'{0x00000000abecd4a8}: Found class java.lang.Object, but interface was expected> (0x00000000abecd4a8) 
thrown [s\src\hotspot\share\interpreter\linkResolver.cpp, line 840]
Event: 23.470 Thread 0x00000229d4157d60 Implicit null exception at 0x0000022987afbee6 to 0x0000022987afbf8a
Event: 23.546 Thread 0x00000229d4157d60 Exception <a 'java/lang/NoSuchMethodError'{0x00000000abcdb6d8}: 'int java.lang.invoke.DirectMethodHandle$Holder.invokeStatic(java.lang.Object, java.lang.Object, java.lang.Object, java.lang.Object)'> (0x00000000abcdb6d8) 
thrown [s\src\hotspot\share\interpreter\linkResolver.cpp, line 773]
Event: 23.704 Thread 0x00000229d4157d60 Exception <a 'java/lang/NoSuchMethodError'{0x00000000ab978890}: 'java.lang.Object java.lang.invoke.DelegatingMethodHandle$Holder.reinvoke_L(java.lang.Object, java.lang.Object, java.lang.Object, java.lang.Object, java.lang.Object, java.lang.Object, java.lang.Object, java.lang.Object, java.lang.Object, java.lang.Object, java.lang.Object, java.lang.Object, java.lang.Object, java.lang.Object, java.lang.Object, java.lang.Object, java.lang.Object, java.lang.Object, java.lang.Object, java.lang.Object, java.lang.O
Event: 23.713 Thread 0x00000229d4157d60 Exception <a 'java/lang/NoSuchMethodError'{0x00000000ab9e76a8}: 'java.lang.Object java.lang.invoke.DirectMethodHandle$Holder.invokeStatic(java.lang.Object, java.lang.Object, java.lang.Object, java.lang.Object, java.lang.Object, java.lang.Object, java.lang.Object, java.lang.Object, java.lang.Object, java.lang.Object, java.lang.Object, java.lang.Object, java.lang.Object, java.lang.Object, java.lang.Object, java.lang.Object, java.lang.Object)'> (0x00000000ab9e76a8) 
thrown [s\src\hotspot\share\interpreter\lin
Event: 23.716 Thread 0x00000229d4157d60 Exception <a 'java/lang/NoSuchMethodError'{0x00000000ab810678}: 'java.lang.Object java.lang.invoke.DirectMethodHandle$Holder.invokeStatic(java.lang.Object, java.lang.Object, java.lang.Object, java.lang.Object, java.lang.Object, java.lang.Object, java.lang.Object, java.lang.Object, java.lang.Object, java.lang.Object, java.lang.Object, java.lang.Object, java.lang.Object, java.lang.Object, java.lang.Object, java.lang.Object, java.lang.Object, java.lang.Object)'> (0x00000000ab810678) 
thrown [s\src\hotspot\sha
Event: 23.719 Thread 0x00000229d4157d60 Exception <a 'java/lang/NoSuchMethodError'{0x00000000ab83a8b8}: 'java.lang.Object java.lang.invoke.DirectMethodHandle$Holder.invokeStatic(java.lang.Object, java.lang.Object, java.lang.Object, java.lang.Object, java.lang.Object, java.lang.Object, java.lang.Object, java.lang.Object, java.lang.Object, java.lang.Object, java.lang.Object, java.lang.Object, java.lang.Object, java.lang.Object, java.lang.Object, java.lang.Object, java.lang.Object, java.lang.Object, java.lang.Object)'> (0x00000000ab83a8b8) 
thrown 
Event: 23.723 Thread 0x00000229d4157d60 Exception <a 'java/lang/NoSuchMethodError'{0x00000000ab865f78}: 'java.lang.Object java.lang.invoke.DirectMethodHandle$Holder.invokeStatic(java.lang.Object, java.lang.Object, java.lang.Object, java.lang.Object, java.lang.Object, java.lang.Object, java.lang.Object, java.lang.Object, java.lang.Object, java.lang.Object, java.lang.Object, java.lang.Object, java.lang.Object, java.lang.Object, java.lang.Object, java.lang.Object, java.lang.Object, java.lang.Object, java.lang.Object, java.lang.Object)'> (0x00000000
Event: 23.729 Thread 0x00000229d4157d60 Exception <a 'java/lang/NoSuchMethodError'{0x00000000ab892aa8}: 'java.lang.Object java.lang.invoke.DirectMethodHandle$Holder.invokeStatic(java.lang.Object, java.lang.Object, java.lang.Object, java.lang.Object, java.lang.Object, java.lang.Object, java.lang.Object, java.lang.Object, java.lang.Object, java.lang.Object, java.lang.Object, java.lang.Object, java.lang.Object, java.lang.Object, java.lang.Object, java.lang.Object, java.lang.Object, java.lang.Object, java.lang.Object, java.lang.Object, java.lang.Obj
Event: 23.733 Thread 0x00000229d4157d60 Exception <a 'java/lang/NoSuchMethodError'{0x00000000ab8c0550}: 'java.lang.Object java.lang.invoke.DirectMethodHandle$Holder.invokeStatic(java.lang.Object, java.lang.Object, java.lang.Object, java.lang.Object, java.lang.Object, java.lang.Object, java.lang.Object, java.lang.Object, java.lang.Object, java.lang.Object, java.lang.Object, java.lang.Object, java.lang.Object, java.lang.Object, java.lang.Object, java.lang.Object, java.lang.Object, java.lang.Object, java.lang.Object, java.lang.Object, java.lang.Obj
Event: 23.737 Thread 0x00000229d4157d60 Exception <a 'java/lang/NoSuchMethodError'{0x00000000ab8ef0c0}: 'java.lang.Object java.lang.invoke.DirectMethodHandle$Holder.invokeStatic(java.lang.Object, java.lang.Object, java.lang.Object, java.lang.Object, java.lang.Object, java.lang.Object, java.lang.Object, java.lang.Object, java.lang.Object, java.lang.Object, java.lang.Object, java.lang.Object, java.lang.Object, java.lang.Object, java.lang.Object, java.lang.Object, java.lang.Object, java.lang.Object, java.lang.Object, java.lang.Object, java.lang.Obj
Event: 23.743 Thread 0x00000229d4157d60 Exception <a 'java/lang/NoSuchMethodError'{0x00000000ab71efd8}: 'java.lang.Object java.lang.invoke.DirectMethodHandle$Holder.invokeStatic(java.lang.Object, java.lang.Object, java.lang.Object, java.lang.Object, java.lang.Object, java.lang.Object, java.lang.Object, java.lang.Object, java.lang.Object, java.lang.Object, java.lang.Object, java.lang.Object, java.lang.Object, java.lang.Object, java.lang.Object, java.lang.Object, java.lang.Object, java.lang.Object, java.lang.Object, java.lang.Object, java.lang.Obj
Event: 23.746 Thread 0x00000229d4157d60 Exception <a 'java/lang/NoSuchMethodError'{0x00000000ab74f758}: 'java.lang.Object java.lang.invoke.DirectMethodHandle$Holder.invokeStatic(java.lang.Object, java.lang.Object, java.lang.Object, java.lang.Object, java.lang.Object, java.lang.Object, java.lang.Object, java.lang.Object, java.lang.Object, java.lang.Object, java.lang.Object, java.lang.Object, java.lang.Object, java.lang.Object, java.lang.Object, java.lang.Object, java.lang.Object, java.lang.Object, java.lang.Object, java.lang.Object, java.lang.Obj
Event: 23.749 Thread 0x00000229d4157d60 Exception <a 'java/lang/NoSuchMethodError'{0x00000000ab780898}: 'java.lang.Object java.lang.invoke.DirectMethodHandle$Holder.invokeStatic(java.lang.Object, java.lang.Object, java.lang.Object, java.lang.Object, java.lang.Object, java.lang.Object, java.lang.Object, java.lang.Object, java.lang.Object, java.lang.Object, java.lang.Object, java.lang.Object, java.lang.Object, java.lang.Object, java.lang.Object, java.lang.Object, java.lang.Object, java.lang.Object, java.lang.Object, java.lang.Object, java.lang.Obj
Event: 23.753 Thread 0x00000229d4157d60 Exception <a 'java/lang/NoSuchMethodError'{0x00000000ab7b3320}: 'java.lang.Object java.lang.invoke.DirectMethodHandle$Holder.invokeStatic(java.lang.Object, java.lang.Object, java.lang.Object, java.lang.Object, java.lang.Object, java.lang.Object, java.lang.Object, java.lang.Object, java.lang.Object, java.lang.Object, java.lang.Object, java.lang.Object, java.lang.Object, java.lang.Object, java.lang.Object, java.lang.Object, java.lang.Object, java.lang.Object, java.lang.Object, java.lang.Object, java.lang.Obj
Event: 23.823 Thread 0x00000229d4157d60 Implicit null exception at 0x0000022987b6053d to 0x0000022987b609bc

ZGC Phase Switch (0 events):
No events

VM Operations (20 events):
Event: 19.509 Executing safepoint VM operation: Cleanup
Event: 19.509 Executing safepoint VM operation: Cleanup done
Event: 20.444 Executing non-safepoint VM operation: HandshakeAllThreads (Deoptimize)
Event: 20.444 Executing non-safepoint VM operation: HandshakeAllThreads (Deoptimize) done
Event: 20.566 Executing non-safepoint VM operation: HandshakeAllThreads (Deoptimize)
Event: 20.566 Executing non-safepoint VM operation: HandshakeAllThreads (Deoptimize) done
Event: 20.566 Executing safepoint VM operation: Cleanup
Event: 20.566 Executing safepoint VM operation: Cleanup done
Event: 21.574 Executing safepoint VM operation: Cleanup
Event: 21.575 Executing safepoint VM operation: Cleanup done
Event: 22.578 Executing safepoint VM operation: Cleanup
Event: 22.578 Executing safepoint VM operation: Cleanup done
Event: 22.935 Executing non-safepoint VM operation: HandshakeAllThreads (Deoptimize)
Event: 22.935 Executing non-safepoint VM operation: HandshakeAllThreads (Deoptimize) done
Event: 23.771 Executing non-safepoint VM operation: HandshakeAllThreads (Deoptimize)
Event: 23.771 Executing non-safepoint VM operation: HandshakeAllThreads (Deoptimize) done
Event: 23.771 Executing safepoint VM operation: Cleanup
Event: 23.771 Executing safepoint VM operation: Cleanup done
Event: 23.772 Executing non-safepoint VM operation: HandshakeAllThreads (Deoptimize)
Event: 23.772 Executing non-safepoint VM operation: HandshakeAllThreads (Deoptimize) done

Memory protections (0 events):
No events

Nmethod flushes (0 events):
No events

Events (20 events):
Event: 0.205 Thread 0x00000229f2c6e0e0 Thread added: 0x00000229faecc040
Event: 0.205 Thread 0x00000229f2c6e0e0 Thread added: 0x00000229faeccdd0
Event: 0.205 Thread 0x00000229f2c6e0e0 Thread added: 0x00000229faecef50
Event: 0.466 Thread 0x00000229f2c6e0e0 Thread added: 0x00000229fb0fbf00
Event: 0.515 Thread 0x00000229f2c6e0e0 Thread added: 0x00000229fb1a2780
Event: 2.017 Thread 0x00000229faeccdd0 Thread added: 0x00000229fb1e4640
Event: 2.600 Thread 0x00000229fb1e4640 Thread exited: 0x00000229fb1e4640
Event: 14.767 Thread 0x00000229f2c6e0e0 Thread added: 0x00000229d56cf6d0
Event: 18.885 Thread 0x00000229f2c6e0e0 Thread added: 0x00000229d4c7d7f0
Event: 19.337 Thread 0x00000229f2c6e0e0 Thread added: 0x00000229fb12d7b0
Event: 20.585 Thread 0x00000229d4c7d7f0 Thread added: 0x00000229d48ce4a0
Event: 20.616 Thread 0x00000229d48ce4a0 Thread added: 0x00000229d49485d0
Event: 20.778 Thread 0x00000229d48ce4a0 Thread added: 0x00000229d417d540
Event: 21.370 Thread 0x00000229d48ce4a0 Thread added: 0x00000229d4157d60
Event: 21.413 Thread 0x00000229d4157d60 Thread added: 0x00000229d41576d0
Event: 21.423 Thread 0x00000229d4157d60 Thread added: 0x00000229d4158a80
Event: 21.428 Thread 0x00000229d4157d60 Thread added: 0x00000229d4156320
Event: 22.935 Thread 0x00000229d4157d60 Thread added: 0x00000229d41583f0
Event: 22.966 Thread 0x00000229d4157d60 Thread added: 0x00000229d41569b0
Event: 23.091 Thread 0x00000229d4157d60 Thread added: 0x00000229d4157040


Dynamic libraries:
0x00007ff6906c0000 - 0x00007ff6906ce000 	C:\Users\ishas\.vscode\extensions\redhat.java-1.56.0-win32-x64\jre\21.0.12.1-win32-x86_64\bin\java.exe
0x00007fff22660000 - 0x00007fff228c7000 	C:\Windows\SYSTEM32\ntdll.dll
0x00007fff21bc0000 - 0x00007fff21c8b000 	C:\Windows\System32\KERNEL32.DLL
0x00007fff1fcd0000 - 0x00007fff200d2000 	C:\Windows\System32\KERNELBASE.dll
0x00007fff1fb70000 - 0x00007fff1fcbc000 	C:\Windows\System32\ucrtbase.dll
0x00007ffeb4c70000 - 0x00007ffeb4c88000 	C:\Users\ishas\.vscode\extensions\redhat.java-1.56.0-win32-x64\jre\21.0.12.1-win32-x86_64\bin\jli.dll
0x00007fff222b0000 - 0x00007fff2247f000 	C:\Windows\System32\USER32.dll
0x00007fff20220000 - 0x00007fff20247000 	C:\Windows\System32\win32u.dll
0x00007fff21d20000 - 0x00007fff21d4b000 	C:\Windows\System32\GDI32.dll
0x00007fff08e50000 - 0x00007fff090e0000 	C:\Windows\WinSxS\amd64_microsoft.windows.common-controls_6595b64144ccf1df_6.0.26100.9278_none_3e0d1ba8e3303201\COMCTL32.dll
0x00007ffee06c0000 - 0x00007ffee06de000 	C:\Users\ishas\.vscode\extensions\redhat.java-1.56.0-win32-x64\jre\21.0.12.1-win32-x86_64\bin\VCRUNTIME140.dll
0x00007fff20460000 - 0x00007fff20509000 	C:\Windows\System32\msvcrt.dll
0x00007fff20250000 - 0x00007fff20379000 	C:\Windows\System32\gdi32full.dll
0x00007fff200e0000 - 0x00007fff20183000 	C:\Windows\System32\msvcp_win.dll
0x00007fff21eb0000 - 0x00007fff21ee1000 	C:\Windows\System32\IMM32.DLL
0x00007fff1bf50000 - 0x00007fff1bf5c000 	C:\Users\ishas\.vscode\extensions\redhat.java-1.56.0-win32-x64\jre\21.0.12.1-win32-x86_64\bin\vcruntime140_1.dll
0x00007ffeac2d0000 - 0x00007ffeac35d000 	C:\Users\ishas\.vscode\extensions\redhat.java-1.56.0-win32-x64\jre\21.0.12.1-win32-x86_64\bin\msvcp140.dll
0x00007ffe828b0000 - 0x00007ffe83652000 	C:\Users\ishas\.vscode\extensions\redhat.java-1.56.0-win32-x64\jre\21.0.12.1-win32-x86_64\bin\server\jvm.dll
0x00007fff21ef0000 - 0x00007fff21fac000 	C:\Windows\System32\ADVAPI32.dll
0x00007fff21e00000 - 0x00007fff21ea9000 	C:\Windows\System32\sechost.dll
0x00007fff22500000 - 0x00007fff22618000 	C:\Windows\System32\RPCRT4.dll
0x00007fff21c90000 - 0x00007fff21d10000 	C:\Windows\System32\WS2_32.dll
0x00007fff1f6c0000 - 0x00007fff1f71e000 	C:\Windows\SYSTEM32\POWRPROF.dll
0x00007fff17580000 - 0x00007fff175b6000 	C:\Windows\SYSTEM32\WINMM.dll
0x00007fff0cde0000 - 0x00007fff0cdeb000 	C:\Windows\SYSTEM32\VERSION.dll
0x00007fff1f6a0000 - 0x00007fff1f6b5000 	C:\Windows\SYSTEM32\UMPDC.dll
0x00007fff1e530000 - 0x00007fff1e54b000 	C:\Windows\SYSTEM32\kernel.appcore.dll
0x00007fff17090000 - 0x00007fff1709a000 	C:\Users\ishas\.vscode\extensions\redhat.java-1.56.0-win32-x64\jre\21.0.12.1-win32-x86_64\bin\jimage.dll
0x00007fff1ce70000 - 0x00007fff1d0bc000 	C:\Windows\SYSTEM32\DBGHELP.DLL
0x00007fff20ed0000 - 0x00007fff21255000 	C:\Windows\System32\combase.dll
0x00007fff21a50000 - 0x00007fff21b29000 	C:\Windows\System32\OLEAUT32.dll
0x00007fff17540000 - 0x00007fff1757b000 	C:\Windows\SYSTEM32\dbgcore.DLL
0x00007fff1fab0000 - 0x00007fff1fb5c000 	C:\Windows\System32\bcryptPrimitives.dll
0x00007ffebe020000 - 0x00007ffebe02f000 	C:\Users\ishas\.vscode\extensions\redhat.java-1.56.0-win32-x64\jre\21.0.12.1-win32-x86_64\bin\instrument.dll
0x00007ffedcd90000 - 0x00007ffedcdb0000 	C:\Users\ishas\.vscode\extensions\redhat.java-1.56.0-win32-x64\jre\21.0.12.1-win32-x86_64\bin\java.dll
0x00007fff20510000 - 0x00007fff20ca8000 	C:\Windows\System32\SHELL32.dll
0x00007fff1d290000 - 0x00007fff1db3e000 	C:\Windows\SYSTEM32\windows.storage.dll
0x00007fff21fc0000 - 0x00007fff220bb000 	C:\Windows\System32\SHCORE.dll
0x00007fff22490000 - 0x00007fff224f6000 	C:\Windows\System32\shlwapi.dll
0x00007fff1f780000 - 0x00007fff1f7a9000 	C:\Windows\SYSTEM32\profapi.dll
0x00007ffedcd70000 - 0x00007ffedcd88000 	C:\Users\ishas\.vscode\extensions\redhat.java-1.56.0-win32-x64\jre\21.0.12.1-win32-x86_64\bin\zip.dll
0x00007ffee04e0000 - 0x00007ffee04f0000 	C:\Users\ishas\.vscode\extensions\redhat.java-1.56.0-win32-x64\jre\21.0.12.1-win32-x86_64\bin\net.dll
0x00007fff0dc00000 - 0x00007fff0dd2a000 	C:\Windows\SYSTEM32\WINHTTP.dll
0x00007fff1eaf0000 - 0x00007fff1eb5c000 	C:\Windows\system32\mswsock.dll
0x00007ffedcd50000 - 0x00007ffedcd66000 	C:\Users\ishas\.vscode\extensions\redhat.java-1.56.0-win32-x64\jre\21.0.12.1-win32-x86_64\bin\nio.dll
0x00007ffebc9a0000 - 0x00007ffebc9b0000 	C:\Users\ishas\.vscode\extensions\redhat.java-1.56.0-win32-x64\jre\21.0.12.1-win32-x86_64\bin\verify.dll
0x00007ffeac360000 - 0x00007ffeac387000 	C:\Users\ishas\.gradle\native\1def1411415f61bf3af743bc5b6707747c0891f09f0c88961ee8f79bc544acac\windows-amd64\native-platform.dll
0x00007ffe88010000 - 0x00007ffe88088000 	C:\Users\ishas\.gradle\native\0.2.7\x86_64-windows-gnu\gradle-fileevents.dll
0x00007ffebc890000 - 0x00007ffebc89a000 	C:\Users\ishas\.vscode\extensions\redhat.java-1.56.0-win32-x64\jre\21.0.12.1-win32-x86_64\bin\management.dll
0x00007ffebc430000 - 0x00007ffebc43c000 	C:\Users\ishas\.vscode\extensions\redhat.java-1.56.0-win32-x64\jre\21.0.12.1-win32-x86_64\bin\management_ext.dll
0x00007fff20380000 - 0x00007fff20388000 	C:\Windows\System32\PSAPI.DLL
0x00007fff1df00000 - 0x00007fff1df33000 	C:\Windows\SYSTEM32\IPHLPAPI.DLL
0x00007fff22280000 - 0x00007fff2228a000 	C:\Windows\System32\NSI.dll
0x00007ffeb9d70000 - 0x00007ffeb9d79000 	C:\Users\ishas\.vscode\extensions\redhat.java-1.56.0-win32-x64\jre\21.0.12.1-win32-x86_64\bin\extnet.dll
0x00007fff1ede0000 - 0x00007fff1edfb000 	C:\Windows\SYSTEM32\CRYPTSP.dll
0x00007fff1e490000 - 0x00007fff1e4c9000 	C:\Windows\system32\rsaenh.dll
0x00007fff1eba0000 - 0x00007fff1ebd4000 	C:\Windows\SYSTEM32\USERENV.dll
0x00007fff1f750000 - 0x00007fff1f77a000 	C:\Windows\SYSTEM32\bcrypt.dll
0x00007fff1ee00000 - 0x00007fff1ee0c000 	C:\Windows\SYSTEM32\CRYPTBASE.dll
0x00007ffeb9300000 - 0x00007ffeb930e000 	C:\Users\ishas\.vscode\extensions\redhat.java-1.56.0-win32-x64\jre\21.0.12.1-win32-x86_64\bin\sunmscapi.dll
0x00007fff1f860000 - 0x00007fff1f9de000 	C:\Windows\System32\CRYPT32.dll
0x00007fff1f020000 - 0x00007fff1f050000 	C:\Windows\SYSTEM32\ncrypt.dll
0x00007fff1efd0000 - 0x00007fff1f00f000 	C:\Windows\SYSTEM32\NTASN1.dll
0x00007fff01a10000 - 0x00007fff01a18000 	C:\Windows\system32\wshunix.dll

JVMTI agents:
C:\Users\ishas\.gradle\wrapper\dists\gradle-8.14.3-all\10utluxaxniiv4wxiphsi49nj\gradle-8.14.3\lib\agents\gradle-instrumentation-agent-8.14.3.jar path:C:\Users\ishas\.vscode\extensions\redhat.java-1.56.0-win32-x64\jre\21.0.12.1-win32-x86_64\bin\instrument.dll, loaded, initialized, instrumentlib options:none

dbghelp: loaded successfully - version: 4.0.5 - missing functions: none
symbol engine: initialized successfully - sym options: 0x614 - pdb path: .;C:\Users\ishas\.vscode\extensions\redhat.java-1.56.0-win32-x64\jre\21.0.12.1-win32-x86_64\bin;C:\Windows\SYSTEM32;C:\Windows\WinSxS\amd64_microsoft.windows.common-controls_6595b64144ccf1df_6.0.26100.9278_none_3e0d1ba8e3303201;C:\Users\ishas\.vscode\extensions\redhat.java-1.56.0-win32-x64\jre\21.0.12.1-win32-x86_64\bin\server;C:\Users\ishas\.gradle\native\1def1411415f61bf3af743bc5b6707747c0891f09f0c88961ee8f79bc544acac\windows-amd64;C:\Users\ishas\.gradle\native\0.2.7\x86_64-windows-gnu

VM Arguments:
jvm_args: --add-opens=java.base/java.lang=ALL-UNNAMED --add-opens=java.base/java.lang.invoke=ALL-UNNAMED --add-opens=java.base/java.util=ALL-UNNAMED --add-opens=java.prefs/java.util.prefs=ALL-UNNAMED --add-exports=jdk.compiler/com.sun.tools.javac.api=ALL-UNNAMED --add-exports=jdk.compiler/com.sun.tools.javac.util=ALL-UNNAMED --add-opens=java.base/java.util=ALL-UNNAMED --add-opens=java.prefs/java.util.prefs=ALL-UNNAMED --add-opens=java.base/java.nio.charset=ALL-UNNAMED --add-opens=java.base/java.net=ALL-UNNAMED --add-opens=java.base/java.util.concurrent.atomic=ALL-UNNAMED --add-opens=java.xml/javax.xml.namespace=ALL-UNNAMED -Xmx1536m -Dfile.encoding=UTF-8 -Duser.country=IN -Duser.language=en -Duser.variant -javaagent:C:\Users\ishas\.gradle\wrapper\dists\gradle-8.14.3-all\10utluxaxniiv4wxiphsi49nj\gradle-8.14.3\lib\agents\gradle-instrumentation-agent-8.14.3.jar 
java_command: org.gradle.launcher.daemon.bootstrap.GradleDaemon 8.14.3
java_class_path (initial): C:\Users\ishas\.gradle\wrapper\dists\gradle-8.14.3-all\10utluxaxniiv4wxiphsi49nj\gradle-8.14.3\lib\gradle-daemon-main-8.14.3.jar
Launcher Type: SUN_STANDARD

[Global flags]
     intx CICompilerCount                          = 4                                         {product} {ergonomic}
     uint ConcGCThreads                            = 3                                         {product} {ergonomic}
     uint G1ConcRefinementThreads                  = 10                                        {product} {ergonomic}
   size_t G1HeapRegionSize                         = 1048576                                   {product} {ergonomic}
    uintx GCDrainStackTargetSize                   = 64                                        {product} {ergonomic}
   size_t InitialHeapSize                          = 264241152                                 {product} {ergonomic}
   size_t MarkStackSize                            = 4194304                                   {product} {ergonomic}
   size_t MaxHeapSize                              = 1610612736                                {product} {command line}
   size_t MaxNewSize                               = 965738496                                 {product} {ergonomic}
   size_t MinHeapDeltaBytes                        = 1048576                                   {product} {ergonomic}
   size_t MinHeapSize                              = 8388608                                   {product} {ergonomic}
    uintx NonNMethodCodeHeapSize                   = 5839372                                {pd product} {ergonomic}
    uintx NonProfiledCodeHeapSize                  = 122909434                              {pd product} {ergonomic}
    uintx ProfiledCodeHeapSize                     = 122909434                              {pd product} {ergonomic}
    uintx ReservedCodeCacheSize                    = 251658240                              {pd product} {ergonomic}
     bool SegmentedCodeCache                       = true                                      {product} {ergonomic}
   size_t SoftMaxHeapSize                          = 1610612736                             {manageable} {ergonomic}
     bool UseCompressedOops                        = true                           {product lp64_product} {ergonomic}
     bool UseG1GC                                  = true                                      {product} {ergonomic}
     bool UseLargePagesIndividualAllocation        = false                                  {pd product} {ergonomic}

Logging:
Log output configuration:
 #0: stdout all=warning uptime,level,tags foldmultilines=false
 #1: stderr all=off uptime,level,tags foldmultilines=false

Release file:
JAVA_VERSION="21.0.12.1" 
MODULES="java.base java.compiler java.datatransfer java.xml java.prefs java.desktop java.instrument java.logging java.management java.security.sasl java.naming java.rmi java.management.rmi java.net.http java.scripting java.security.jgss java.transaction.xa java.sql java.sql.rowset java.xml.crypto java.se java.smartcardio jdk.accessibility jdk.internal.jvmstat jdk.attach jdk.charsets jdk.internal.opt jdk.zipfs jdk.compiler jdk.crypto.ec jdk.crypto.cryptoki jdk.crypto.mscapi jdk.dynalink jdk.internal.ed jdk.editpad jdk.hotspot.agent jdk.httpserver jdk.internal.le jdk.internal.vm.ci jdk.internal.vm.compiler jdk.internal.vm.compiler.management jdk.jartool jdk.javadoc jdk.jcmd jdk.management jdk.management.agent jdk.jconsole jdk.jdeps jdk.jdwp.agent jdk.jdi jdk.jfr jdk.jshell jdk.jsobject jdk.jstatd jdk.localedata jdk.management.jfr jdk.naming.dns jdk.naming.rmi jdk.net jdk.nio.mapmode jdk.random jdk.sctp jdk.security.auth jdk.security.jgss jdk.unsupported jdk.unsupported.desktop jdk.xml.dom" 

Environment Variables:
PATH=C:\Program Files\Microsoft\jdk-17.0.12.7-hotspot\bin;C:\Program Files\Eclipse Adoptium\jdk-17.0.17.10-hotspot\bin;C:\Windows\system32;C:\Windows;C:\Windows\System32\Wbem;C:\Windows\System32\WindowsPowerShell\v1.0\;C:\Windows\System32\OpenSSH\;C:\Program Files\nodejs\;C:\Users\ishas\Downloads\apache-maven-3.9.11-bin\apache-maven-3.9.11\bin;C:\Users\ishas\Downloads\apache-maven-3.9.11-bin\apache-maven-3.9.11\bin;C:\Program Files\MySQL\MySQL Server 8.0\bin;C:\Users\ishas\AppData\Local\Programs\Python\Python313;C:\Program Files\Git\cmd;C:\Users\ishas\AppData\Local\Programs\Python\Launcher\;C:\Program Files\MySQL\MySQL Shell 8.0\bin\;C:\Users\ishas\AppData\Local\Microsoft\WindowsApps;C:\Users\ishas\AppData\Local\Programs\Microsoft VS Code\bin;C:\Users\ishas\AppData\Roaming\npm
USERNAME=ishas
OS=Windows_NT
PROCESSOR_IDENTIFIER=Intel64 Family 6 Model 186 Stepping 2, GenuineIntel
TMP=C:\Users\ishas\AppData\Local\Temp
TEMP=C:\Users\ishas\AppData\Local\Temp




Periodic native trim disabled

---------------  S Y S T E M  ---------------

OS:
 Windows 11 , 64 bit Build 26100 (10.0.26100.9444)
OS uptime: 0 days 0:22 hours
Hyper-V role detected

CPU: total 12 (initial active 12) (6 cores per cpu, 2 threads per core) family 6 model 186 stepping 2 microcode 0x4122, cx8, cmov, fxsr, ht, mmx, 3dnowpref, sse, sse2, sse3, ssse3, sse4.1, sse4.2, popcnt, lzcnt, tsc, tscinvbit, avx, avx2, aes, erms, clmul, bmi1, bmi2, adx, sha, fma, vzeroupper, clflush, clflushopt, clwb, hv, serialize, rdtscp, rdpid, fsrm, f16c, cet_ibt, cet_ss
Processor Information for processor 0
  Max Mhz: 2100, Current Mhz: 1453, Mhz Limit: 2100
Processor Information for processor 1
  Max Mhz: 2100, Current Mhz: 1453, Mhz Limit: 2100
Processor Information for processor 2
  Max Mhz: 2100, Current Mhz: 2100, Mhz Limit: 2100
Processor Information for processor 3
  Max Mhz: 2100, Current Mhz: 1453, Mhz Limit: 2100
Processor Information for processor 4
  Max Mhz: 2100, Current Mhz: 1453, Mhz Limit: 2100
Processor Information for processor 5
  Max Mhz: 2100, Current Mhz: 1453, Mhz Limit: 2100
Processor Information for processor 6
  Max Mhz: 2100, Current Mhz: 1453, Mhz Limit: 2100
Processor Information for processor 7
  Max Mhz: 2100, Current Mhz: 1453, Mhz Limit: 2100
Processor Information for processor 8
  Max Mhz: 2100, Current Mhz: 1540, Mhz Limit: 2100
Processor Information for processor 9
  Max Mhz: 2100, Current Mhz: 2100, Mhz Limit: 2100
Processor Information for processor 10
  Max Mhz: 2100, Current Mhz: 2100, Mhz Limit: 2100
Processor Information for processor 11
  Max Mhz: 2100, Current Mhz: 1540, Mhz Limit: 2100

Memory: 4k page, system-wide physical 16076M (269M free)
TotalPageFile size 65228M (AvailPageFile size 59M)
current process WorkingSet (physical memory assigned to process): 193M, peak: 193M
current process commit charge ("private bytes"): 407M, peak: 410M

vm_info: OpenJDK 64-Bit Server VM (21.0.12.1+1-LTS) for windows-amd64 JRE (21.0.12.1+1-LTS), built on 2026-08-18T00:00:00Z by "admin" with MS VC++ 17.12 (VS2022)

END.
