#
# There is insufficient memory for the Java Runtime Environment to continue.
# Native memory allocation (mmap) failed to map 65536 bytes. Error detail: Failed to commit metaspace.
# Possible reasons:
#   The system is out of physical RAM or swap space
#   This process is running with CompressedOops enabled, and the Java Heap may be blocking the growth of the native heap
# Possible solutions:
#   Reduce memory load on the system
#   Increase physical memory or swap space
#   Check if swap backing store is full
#   Decrease Java heap size (-Xmx/-Xms)
#   Decrease number of Java threads
#   Decrease Java thread stack sizes (-Xss)
#   Set larger code cache with -XX:ReservedCodeCacheSize=
#   JVM is running with Unscaled Compressed Oops mode in which the Java heap is
#     placed in the first 4GB address space. The Java Heap base address is the
#     maximum limit for the native heap growth. Please use -XX:HeapBaseMinAddress
#     to set the Java Heap base and to place the Java Heap above 4GB virtual address.
# This output file may be truncated or incomplete.
#
#  Out of Memory Error (virtualSpaceNode.cpp:113), pid=29844, tid=56928
#
# JRE version: OpenJDK Runtime Environment Temurin-21.0.12.1+1 (21.0.12.1+1) (build 21.0.12.1+1-LTS)
# Java VM: OpenJDK 64-Bit Server VM Temurin-21.0.12.1+1 (21.0.12.1+1-LTS, mixed mode, sharing, tiered, compressed oops, compressed class ptrs, g1 gc, windows-amd64)
# No core dump will be written. Minidumps are not enabled by default on client versions of Windows
#

---------------  S U M M A R Y ------------

Command Line: --add-opens=java.base/java.lang=ALL-UNNAMED --add-opens=java.base/java.lang.invoke=ALL-UNNAMED --add-opens=java.base/java.util=ALL-UNNAMED --add-opens=java.prefs/java.util.prefs=ALL-UNNAMED --add-exports=jdk.compiler/com.sun.tools.javac.api=ALL-UNNAMED --add-exports=jdk.compiler/com.sun.tools.javac.util=ALL-UNNAMED --add-opens=java.base/java.util=ALL-UNNAMED --add-opens=java.prefs/java.util.prefs=ALL-UNNAMED --add-opens=java.base/java.nio.charset=ALL-UNNAMED --add-opens=java.base/java.net=ALL-UNNAMED --add-opens=java.base/java.util.concurrent.atomic=ALL-UNNAMED --add-opens=java.xml/javax.xml.namespace=ALL-UNNAMED -Xmx1536m -Dfile.encoding=UTF-8 -Duser.country=IN -Duser.language=en -Duser.variant -javaagent:C:\Users\ishas\.gradle\wrapper\dists\gradle-8.14.3-all\10utluxaxniiv4wxiphsi49nj\gradle-8.14.3\lib\agents\gradle-instrumentation-agent-8.14.3.jar org.gradle.launcher.daemon.bootstrap.GradleDaemon 8.14.3

Host: 13th Gen Intel(R) Core(TM) i5-13420H, 12 cores, 15G,  Windows 11 , 64 bit Build 26100 (10.0.26100.9444)
Time: Mon Sep 14 18:22:10 2026 India Standard Time elapsed time: 22.329403 seconds (0d 0h 0m 22s)

---------------  T H R E A D  ---------------

Current thread (0x0000017e5b5fb0f0):  JavaThread "Daemon worker"        [_thread_in_vm, id=56928, stack(0x0000007567f00000,0x0000007568000000) (1024K)]

Stack: [0x0000007567f00000,0x0000007568000000]
Native frames: (J=compiled Java code, j=interpreted, Vv=VM code, C=native code)
V  [jvm.dll+0x6d83e9]
V  [jvm.dll+0x8b5736]
V  [jvm.dll+0x8b7cee]
V  [jvm.dll+0x8b83d3]
V  [jvm.dll+0x284596]
V  [jvm.dll+0x8b147e]
V  [jvm.dll+0x679ad4]
V  [jvm.dll+0x1e849b]
V  [jvm.dll+0x1e825e]
V  [jvm.dll+0x67c3d2]
V  [jvm.dll+0x67c202]
V  [jvm.dll+0x67a4ae]
V  [jvm.dll+0x26f816]
V  [jvm.dll+0x21a11f]
V  [jvm.dll+0x20f80e]
V  [jvm.dll+0x5b6a7f]
V  [jvm.dll+0x82f77d]
V  [jvm.dll+0x479a6e]
V  [jvm.dll+0x48cde6]
C  [java.dll+0x1657]

Java frames: (J=compiled Java code, j=interpreted, Vv=VM code)
J 1913  java.lang.ClassLoader.defineClass0(Ljava/lang/ClassLoader;Ljava/lang/Class;Ljava/lang/String;[BIILjava/security/ProtectionDomain;ZILjava/lang/Object;)Ljava/lang/Class; java.base@21.0.12.1 (0 bytes) @ 0x0000017e0d9a3dbc [0x0000017e0d9a3cc0+0x00000000000000fc]
J 2825 c1 java.lang.System$2.defineClass(Ljava/lang/ClassLoader;Ljava/lang/Class;Ljava/lang/String;[BLjava/security/ProtectionDomain;ZILjava/lang/Object;)Ljava/lang/Class; java.base@21.0.12.1 (21 bytes) @ 0x0000017e06377374 [0x0000017e063772c0+0x00000000000000b4]
J 2824 c1 java.lang.invoke.MethodHandles$Lookup$ClassDefiner.defineClass(ZLjava/lang/Object;)Ljava/lang/Class; java.base@21.0.12.1 (213 bytes) @ 0x0000017e0637667c [0x0000017e06376120+0x000000000000055c]
J 3094 c1 java.lang.invoke.InvokerBytecodeGenerator.loadMethod([B)Ljava/lang/invoke/MemberName; java.base@21.0.12.1 (39 bytes) @ 0x0000017e063e550c [0x0000017e063e5380+0x000000000000018c]
J 2849 c1 java.lang.invoke.InvokerBytecodeGenerator.generateCustomizedCode(Ljava/lang/invoke/LambdaForm;Ljava/lang/invoke/MethodType;)Ljava/lang/invoke/MemberName; java.base@21.0.12.1 (34 bytes) @ 0x0000017e06387234 [0x0000017e06387080+0x00000000000001b4]
J 2130 c1 java.lang.invoke.LambdaForm.compileToBytecode()V java.base@21.0.12.1 (164 bytes) @ 0x0000017e06204174 [0x0000017e06203f80+0x00000000000001f4]
J 1095 c1 java.lang.invoke.LambdaForm.prepare()V java.base@21.0.12.1 (108 bytes) @ 0x0000017e05fd246c [0x0000017e05fd22e0+0x000000000000018c]
J 907 c1 java.lang.invoke.MethodHandle.<init>(Ljava/lang/invoke/MethodType;Ljava/lang/invoke/LambdaForm;)V java.base@21.0.12.1 (37 bytes) @ 0x0000017e05f7cf54 [0x0000017e05f7cd20+0x0000000000000234]
J 1669 c1 java.lang.invoke.BoundMethodHandle.<init>(Ljava/lang/invoke/MethodType;Ljava/lang/invoke/LambdaForm;)V java.base@21.0.12.1 (32 bytes) @ 0x0000017e0611ddd4 [0x0000017e0611dd40+0x0000000000000094]
j  java.lang.invoke.BoundMethodHandle$Species_LLLLLLLLL.<init>(Ljava/lang/invoke/MethodType;Ljava/lang/invoke/LambdaForm;Ljava/lang/Object;Ljava/lang/Object;Ljava/lang/Object;Ljava/lang/Object;Ljava/lang/Object;Ljava/lang/Object;Ljava/lang/Object;Ljava/lang/Object;Ljava/lang/Object;)V+3 java.base@21.0.12.1
j  java.lang.invoke.BoundMethodHandle$Species_LLLLLLLLL.make(Ljava/lang/invoke/MethodType;Ljava/lang/invoke/LambdaForm;Ljava/lang/Object;Ljava/lang/Object;Ljava/lang/Object;Ljava/lang/Object;Ljava/lang/Object;Ljava/lang/Object;Ljava/lang/Object;Ljava/lang/Object;Ljava/lang/Object;)Ljava/lang/invoke/BoundMethodHandle;+22 java.base@21.0.12.1
j  java.lang.invoke.DirectMethodHandle$Holder.invokeStatic(Ljava/lang/Object;Ljava/lang/Object;Ljava/lang/Object;Ljava/lang/Object;Ljava/lang/Object;Ljava/lang/Object;Ljava/lang/Object;Ljava/lang/Object;Ljava/lang/Object;Ljava/lang/Object;Ljava/lang/Object;Ljava/lang/Object;)Ljava/lang/Object;+30 java.base@21.0.12.1
j  java.lang.invoke.BoundMethodHandle$Species_LLLLLLLL.copyWithExtendL(Ljava/lang/invoke/MethodType;Ljava/lang/invoke/LambdaForm;Ljava/lang/Object;)Ljava/lang/invoke/BoundMethodHandle;+42 java.base@21.0.12.1
J 2701 c1 java.lang.invoke.MethodHandleImpl.makePairwiseConvertByEditor(Ljava/lang/invoke/MethodHandle;Ljava/lang/invoke/MethodType;ZZ)Ljava/lang/invoke/MethodHandle; java.base@21.0.12.1 (617 bytes) @ 0x0000017e0632800c [0x0000017e06325a20+0x00000000000025ec]
J 2704 c1 java.lang.invoke.MethodHandleImpl.makePairwiseConvert(Ljava/lang/invoke/MethodHandle;Ljava/lang/invoke/MethodType;ZZ)Ljava/lang/invoke/MethodHandle; java.base@21.0.12.1 (22 bytes) @ 0x0000017e0632defc [0x0000017e0632ddc0+0x000000000000013c]
J 2230 c1 java.lang.invoke.MethodHandle.asTypeUncached(Ljava/lang/invoke/MethodType;)Ljava/lang/invoke/MethodHandle; java.base@21.0.12.1 (54 bytes) @ 0x0000017e0623058c [0x0000017e0622ffe0+0x00000000000005ac]
J 2411 c1 java.lang.invoke.MethodHandle.asType(Ljava/lang/invoke/MethodType;)Ljava/lang/invoke/MethodHandle; java.base@21.0.12.1 (32 bytes) @ 0x0000017e06284204 [0x0000017e06284040+0x00000000000001c4]
j  jdk.internal.reflect.MethodHandleAccessorFactory.makeSpecializedTarget(Ljava/lang/invoke/MethodHandle;ZZ)Ljava/lang/invoke/MethodHandle;+93 java.base@21.0.12.1
j  jdk.internal.reflect.MethodHandleAccessorFactory.getDirectMethod(Ljava/lang/reflect/Method;Z)Ljava/lang/invoke/MethodHandle;+82 java.base@21.0.12.1
j  jdk.internal.reflect.MethodHandleAccessorFactory.newMethodAccessor(Ljava/lang/reflect/Method;Z)Ljdk/internal/reflect/MethodAccessorImpl;+41 java.base@21.0.12.1
j  jdk.internal.reflect.ReflectionFactory.newMethodAccessor(Ljava/lang/reflect/Method;Z)Ljdk/internal/reflect/MethodAccessor;+28 java.base@21.0.12.1
j  java.lang.reflect.Method.acquireMethodAccessor()Ljdk/internal/reflect/MethodAccessor;+38 java.base@21.0.12.1
J 2812 c1 java.lang.reflect.Method.invoke(Ljava/lang/Object;[Ljava/lang/Object;)Ljava/lang/Object; java.base@21.0.12.1 (108 bytes) @ 0x0000017e0636ccf4 [0x0000017e0636c9c0+0x0000000000000334]
j  org.gradle.internal.reflect.JavaMethod.invoke(Ljava/lang/Object;[Ljava/lang/Object;)Ljava/lang/Object;+6
j  org.gradle.internal.service.ReflectionBasedServiceMethod.invoke(Ljava/lang/Object;[Ljava/lang/Object;)Ljava/lang/Object;+6
j  org.gradle.internal.service.DefaultServiceRegistry$FactoryMethodService.invokeMethod([Ljava/lang/Object;)Ljava/lang/Object;+28
j  org.gradle.internal.service.DefaultServiceRegistry$FactoryService.createServiceInstance()Ljava/lang/Object;+7
j  org.gradle.internal.service.DefaultServiceRegistry$FactoryMethodService.createServiceInstance()Ljava/lang/Object;+1
J 2769 c1 org.gradle.internal.service.DefaultServiceRegistry$ManagedObjectServiceProvider.getInstance()Ljava/lang/Object; (47 bytes) @ 0x0000017e0635010c [0x0000017e0634ff60+0x00000000000001ac]
J 2768 c1 org.gradle.internal.service.DefaultServiceRegistry$SingletonService.get()Ljava/lang/Object; (5 bytes) @ 0x0000017e0634fc3c [0x0000017e0634fbc0+0x000000000000007c]
j  org.gradle.internal.service.DefaultServiceRegistry$FactoryService.assembleParameters()[Ljava/lang/Object;+44
j  org.gradle.internal.service.DefaultServiceRegistry$FactoryService.createServiceInstance()Ljava/lang/Object;+1
j  org.gradle.internal.service.DefaultServiceRegistry$FactoryMethodService.createServiceInstance()Ljava/lang/Object;+1
J 2769 c1 org.gradle.internal.service.DefaultServiceRegistry$ManagedObjectServiceProvider.getInstance()Ljava/lang/Object; (47 bytes) @ 0x0000017e0635010c [0x0000017e0634ff60+0x00000000000001ac]
J 2768 c1 org.gradle.internal.service.DefaultServiceRegistry$SingletonService.get()Ljava/lang/Object; (5 bytes) @ 0x0000017e0634fc3c [0x0000017e0634fbc0+0x000000000000007c]
j  org.gradle.internal.service.DefaultServiceRegistry.getCollectionService(Ljava/lang/Class;Lorg/gradle/internal/service/ServiceAccessToken;Lorg/gradle/internal/service/ServiceProvider;)Lorg/gradle/internal/service/Service;+79
j  org.gradle.internal.service.DefaultServiceRegistry.getCollectionService(Ljava/lang/reflect/Type;Lorg/gradle/internal/service/ServiceAccessToken;Lorg/gradle/internal/service/ServiceProvider;)Lorg/gradle/internal/service/Service;+15
J 2866 c1 org.gradle.internal.service.DefaultServiceRegistry.find(Ljava/lang/reflect/Type;Lorg/gradle/internal/service/ServiceAccessToken;Lorg/gradle/internal/service/ServiceProvider;)Lorg/gradle/internal/service/Service; (151 bytes) @ 0x0000017e0638fbfc [0x0000017e0638eb00+0x00000000000010fc]
j  org.gradle.internal.service.DefaultServiceRegistry.access$2300(Ljava/lang/reflect/Type;Lorg/gradle/internal/service/ServiceAccessToken;Lorg/gradle/internal/service/ServiceProvider;)Lorg/gradle/internal/service/Service;+3
j  org.gradle.internal.service.DefaultServiceRegistry$FactoryService.bind()V+153
J 2767 c1 org.gradle.internal.service.DefaultServiceRegistry$SingletonService.prepare()Lorg/gradle/internal/service/Service; (111 bytes) @ 0x0000017e0634eb84 [0x0000017e0634e940+0x0000000000000244]
j  org.gradle.internal.service.DefaultServiceRegistry$SingletonService.getService(Ljava/lang/reflect/Type;Lorg/gradle/internal/service/ServiceAccessToken;)Lorg/gradle/internal/service/Service;+29
J 2829 c1 org.gradle.internal.service.DefaultServiceRegistry$OwnServices.getService(Ljava/lang/reflect/Type;Lorg/gradle/internal/service/ServiceAccessToken;)Lorg/gradle/internal/service/Service; (317 bytes) @ 0x0000017e0637b054 [0x0000017e06378b60+0x00000000000024f4]
J 2868 c1 org.gradle.internal.service.DefaultServiceRegistry$CompositeServiceProvider.getService(Ljava/lang/reflect/Type;Lorg/gradle/internal/service/ServiceAccessToken;)Lorg/gradle/internal/service/Service; (52 bytes) @ 0x0000017e0638e3a4 [0x0000017e0638e260+0x0000000000000144]
J 2866 c1 org.gradle.internal.service.DefaultServiceRegistry.find(Ljava/lang/reflect/Type;Lorg/gradle/internal/service/ServiceAccessToken;Lorg/gradle/internal/service/ServiceProvider;)Lorg/gradle/internal/service/Service; (151 bytes) @ 0x0000017e0638ff04 [0x0000017e0638eb00+0x0000000000001404]
j  org.gradle.internal.service.DefaultServiceRegistry.getService(Ljava/lang/reflect/Type;)Lorg/gradle/internal/service/Service;+10
j  org.gradle.internal.service.DefaultServiceRegistry.find(Ljava/lang/reflect/Type;)Ljava/lang/Object;+9
j  org.gradle.internal.service.DefaultServiceRegistry.get(Ljava/lang/reflect/Type;)Ljava/lang/Object;+2
j  org.gradle.internal.service.DefaultServiceRegistry.get(Ljava/lang/Class;)Ljava/lang/Object;+3
j  org.gradle.internal.buildtree.DefaultBuildTreeContext.execute(Lorg/gradle/internal/invocation/BuildAction;)Lorg/gradle/internal/buildtree/BuildActionRunner$Result;+54
j  org.gradle.launcher.exec.BuildTreeLifecycleBuildActionExecutor.lambda$execute$0(Lorg/gradle/internal/invocation/BuildAction;Lorg/gradle/internal/buildtree/BuildTreeContext;)Lorg/gradle/internal/buildtree/BuildActionRunner$Result;+2
j  org.gradle.launcher.exec.BuildTreeLifecycleBuildActionExecutor$$Lambda+0x0000017e1b2b7348.apply(Ljava/lang/Object;)Ljava/lang/Object;+8
j  org.gradle.internal.buildtree.BuildTreeState.run(Ljava/util/function/Function;)Ljava/lang/Object;+47
j  org.gradle.launcher.exec.BuildTreeLifecycleBuildActionExecutor.execute(Lorg/gradle/internal/invocation/BuildAction;Lorg/gradle/internal/session/BuildSessionContext;)Lorg/gradle/internal/buildtree/BuildActionRunner$Result;+74
j  org.gradle.launcher.exec.RunAsBuildOperationBuildActionExecutor$2.call(Lorg/gradle/internal/operations/BuildOperationContext;)Lorg/gradle/internal/buildtree/BuildActionRunner$Result;+25
j  org.gradle.launcher.exec.RunAsBuildOperationBuildActionExecutor$2.call(Lorg/gradle/internal/operations/BuildOperationContext;)Ljava/lang/Object;+2
j  org.gradle.internal.operations.DefaultBuildOperationRunner$CallableBuildOperationWorker.execute(Lorg/gradle/internal/operations/CallableBuildOperation;Lorg/gradle/internal/operations/BuildOperationContext;)V+3
j  org.gradle.internal.operations.DefaultBuildOperationRunner$CallableBuildOperationWorker.execute(Lorg/gradle/internal/operations/BuildOperation;Lorg/gradle/internal/operations/BuildOperationContext;)V+6
j  org.gradle.internal.operations.DefaultBuildOperationRunner$2.execute(Lorg/gradle/internal/operations/BuildOperationDescriptor;Lorg/gradle/internal/operations/BuildOperationState;Lorg/gradle/internal/operations/BuildOperationState;Lorg/gradle/internal/operations/DefaultBuildOperationRunner$ReadableBuildOperationContext;Lorg/gradle/internal/operations/DefaultBuildOperationRunner$BuildOperationExecutionListener;)Lorg/gradle/internal/operations/BuildOperation;+22
j  org.gradle.internal.operations.DefaultBuildOperationRunner$2.execute(Lorg/gradle/internal/operations/BuildOperationDescriptor;Lorg/gradle/internal/operations/BuildOperationState;Lorg/gradle/internal/operations/BuildOperationState;Lorg/gradle/internal/operations/DefaultBuildOperationRunner$ReadableBuildOperationContext;Lorg/gradle/internal/operations/DefaultBuildOperationRunner$BuildOperationExecutionListener;)Ljava/lang/Object;+8
j  org.gradle.internal.operations.DefaultBuildOperationRunner.execute(Lorg/gradle/internal/operations/BuildOperationDescriptor$Builder;Lorg/gradle/internal/operations/BuildOperationState;Lorg/gradle/internal/operations/DefaultBuildOperationRunner$BuildOperationExecution;)Ljava/lang/Object;+141
j  org.gradle.internal.operations.DefaultBuildOperationRunner.execute(Lorg/gradle/internal/operations/BuildOperation;Lorg/gradle/internal/operations/BuildOperationWorker;Lorg/gradle/internal/operations/BuildOperationState;)V+18
j  org.gradle.internal.operations.DefaultBuildOperationRunner.call(Lorg/gradle/internal/operations/CallableBuildOperation;)Ljava/lang/Object;+16
j  org.gradle.launcher.exec.RunAsBuildOperationBuildActionExecutor.execute(Lorg/gradle/internal/invocation/BuildAction;Lorg/gradle/internal/session/BuildSessionContext;)Lorg/gradle/internal/buildtree/BuildActionRunner$Result;+23
j  org.gradle.launcher.exec.RunAsWorkerThreadBuildActionExecutor.lambda$execute$0(Lorg/gradle/internal/invocation/BuildAction;Lorg/gradle/internal/session/BuildSessionContext;)Lorg/gradle/internal/buildtree/BuildActionRunner$Result;+6
j  org.gradle.launcher.exec.RunAsWorkerThreadBuildActionExecutor$$Lambda+0x0000017e1b28c240.create()Ljava/lang/Object;+12
j  org.gradle.internal.work.DefaultWorkerLeaseService.withLocks(Ljava/util/Collection;Lorg/gradle/internal/Factory;)Ljava/lang/Object;+28
j  org.gradle.internal.work.DefaultWorkerLeaseService.runAsWorkerThread(Lorg/gradle/internal/Factory;)Ljava/lang/Object;+33
j  org.gradle.launcher.exec.RunAsWorkerThreadBuildActionExecutor.execute(Lorg/gradle/internal/invocation/BuildAction;Lorg/gradle/internal/session/BuildSessionContext;)Lorg/gradle/internal/buildtree/BuildActionRunner$Result;+12
j  org.gradle.tooling.internal.provider.continuous.ContinuousBuildActionExecutor.execute(Lorg/gradle/internal/invocation/BuildAction;Lorg/gradle/internal/session/BuildSessionContext;)Lorg/gradle/internal/buildtree/BuildActionRunner$Result;+58
j  org.gradle.tooling.internal.provider.SubscribableBuildActionExecutor.execute(Lorg/gradle/internal/invocation/BuildAction;Lorg/gradle/internal/session/BuildSessionContext;)Lorg/gradle/internal/buildtree/BuildActionRunner$Result;+30
j  org.gradle.internal.session.DefaultBuildSessionContext.execute(Lorg/gradle/internal/invocation/BuildAction;)Lorg/gradle/internal/buildtree/BuildActionRunner$Result;+64
j  org.gradle.internal.buildprocess.execution.BuildSessionLifecycleBuildActionExecutor$ActionImpl.apply(Lorg/gradle/internal/session/BuildSessionContext;)Lorg/gradle/launcher/exec/BuildActionResult;+6
j  org.gradle.internal.buildprocess.execution.BuildSessionLifecycleBuildActionExecutor$ActionImpl.apply(Ljava/lang/Object;)Ljava/lang/Object;+5
j  org.gradle.internal.session.BuildSessionState.run(Ljava/util/function/Function;)Ljava/lang/Object;+5
j  org.gradle.internal.buildprocess.execution.BuildSessionLifecycleBuildActionExecutor.execute(Lorg/gradle/internal/invocation/BuildAction;Lorg/gradle/launcher/exec/BuildActionParameters;Lorg/gradle/initialization/BuildRequestContext;)Lorg/gradle/launcher/exec/BuildActionResult;+95
j  org.gradle.internal.buildprocess.execution.BuildSessionLifecycleBuildActionExecutor.execute(Lorg/gradle/internal/invocation/BuildAction;Ljava/lang/Object;Ljava/lang/Object;)Lorg/gradle/launcher/exec/BuildActionResult;+10
j  org.gradle.internal.buildprocess.execution.StartParamsValidatingActionExecutor.execute(Lorg/gradle/internal/invocation/BuildAction;Lorg/gradle/launcher/exec/BuildActionParameters;Lorg/gradle/initialization/BuildRequestContext;)Lorg/gradle/launcher/exec/BuildActionResult;+203
j  org.gradle.internal.buildprocess.execution.StartParamsValidatingActionExecutor.execute(Lorg/gradle/internal/invocation/BuildAction;Ljava/lang/Object;Ljava/lang/Object;)Lorg/gradle/launcher/exec/BuildActionResult;+10
j  org.gradle.internal.buildprocess.execution.SessionFailureReportingActionExecutor.execute(Lorg/gradle/internal/invocation/BuildAction;Lorg/gradle/launcher/exec/BuildActionParameters;Lorg/gradle/initialization/BuildRequestContext;)Lorg/gradle/launcher/exec/BuildActionResult;+7
j  org.gradle.internal.buildprocess.execution.SessionFailureReportingActionExecutor.execute(Lorg/gradle/internal/invocation/BuildAction;Ljava/lang/Object;Ljava/lang/Object;)Lorg/gradle/launcher/exec/BuildActionResult;+10
j  org.gradle.internal.buildprocess.execution.SetupLoggingActionExecutor.execute(Lorg/gradle/internal/invocation/BuildAction;Lorg/gradle/launcher/exec/BuildActionParameters;Lorg/gradle/initialization/BuildRequestContext;)Lorg/gradle/launcher/exec/BuildActionResult;+50
j  org.gradle.internal.buildprocess.execution.SetupLoggingActionExecutor.execute(Lorg/gradle/internal/invocation/BuildAction;Ljava/lang/Object;Ljava/lang/Object;)Lorg/gradle/launcher/exec/BuildActionResult;+10
j  org.gradle.launcher.daemon.server.exec.ExecuteBuild.doBuild(Lorg/gradle/launcher/daemon/server/api/DaemonCommandExecution;Lorg/gradle/launcher/daemon/protocol/Build;)V+147
j  org.gradle.launcher.daemon.server.exec.BuildCommandOnly.execute(Lorg/gradle/launcher/daemon/server/api/DaemonCommandExecution;)V+49
j  org.gradle.launcher.daemon.server.api.DaemonCommandExecution.proceed()Z+23
j  org.gradle.launcher.daemon.server.exec.WatchForDisconnection.execute(Lorg/gradle/launcher/daemon/server/api/DaemonCommandExecution;)V+19
j  org.gradle.launcher.daemon.server.api.DaemonCommandExecution.proceed()Z+23
j  org.gradle.launcher.daemon.server.exec.ResetDeprecationLogger.execute(Lorg/gradle/launcher/daemon/server/api/DaemonCommandExecution;)V+7
j  org.gradle.launcher.daemon.server.api.DaemonCommandExecution.proceed()Z+23
j  org.gradle.launcher.daemon.server.exec.RequestStopIfSingleUsedDaemon.execute(Lorg/gradle/launcher/daemon/server/api/DaemonCommandExecution;)V+33
j  org.gradle.launcher.daemon.server.api.DaemonCommandExecution.proceed()Z+23
j  org.gradle.launcher.daemon.server.exec.ForwardClientInput.lambda$execute$0(Lorg/gradle/launcher/daemon/server/api/DaemonCommandExecution;Lorg/gradle/internal/daemon/clientinput/StdinHandler;)Ljava/lang/Object;+11
j  org.gradle.launcher.daemon.server.exec.ForwardClientInput$$Lambda+0x0000017e1b194208.apply(Ljava/lang/Object;)Ljava/lang/Object;+8
j  org.gradle.internal.daemon.clientinput.ClientInputForwarder.forwardInput(Ljava/util/function/Function;)Ljava/lang/Object;+46
j  org.gradle.launcher.daemon.server.exec.ForwardClientInput.execute(Lorg/gradle/launcher/daemon/server/api/DaemonCommandExecution;)V+10
j  org.gradle.launcher.daemon.server.api.DaemonCommandExecution.proceed()Z+23
j  org.gradle.launcher.daemon.server.exec.LogAndCheckHealth.execute(Lorg/gradle/launcher/daemon/server/api/DaemonCommandExecution;)V+51
j  org.gradle.launcher.daemon.server.api.DaemonCommandExecution.proceed()Z+23
j  org.gradle.launcher.daemon.server.exec.LogToClient.doBuild(Lorg/gradle/launcher/daemon/server/api/DaemonCommandExecution;Lorg/gradle/launcher/daemon/protocol/Build;)V+87
j  org.gradle.launcher.daemon.server.exec.BuildCommandOnly.execute(Lorg/gradle/launcher/daemon/server/api/DaemonCommandExecution;)V+49
j  org.gradle.launcher.daemon.server.api.DaemonCommandExecution.proceed()Z+23
j  org.gradle.launcher.daemon.server.exec.EstablishBuildEnvironment.doBuild(Lorg/gradle/launcher/daemon/server/api/DaemonCommandExecution;Lorg/gradle/launcher/daemon/protocol/Build;)V+356
j  org.gradle.launcher.daemon.server.exec.BuildCommandOnly.execute(Lorg/gradle/launcher/daemon/server/api/DaemonCommandExecution;)V+49
j  org.gradle.launcher.daemon.server.api.DaemonCommandExecution.proceed()Z+23
j  org.gradle.launcher.daemon.server.exec.StartBuildOrRespondWithBusy$1.run()V+44
j  org.gradle.launcher.daemon.server.DaemonStateCoordinator.lambda$runCommand$0(Ljava/lang/Runnable;)V+1
j  org.gradle.launcher.daemon.server.DaemonStateCoordinator$$Lambda+0x0000017e1b18eba0.run()V+8
j  org.gradle.internal.concurrent.ExecutorPolicy$CatchAndRecordFailures.onExecute(Ljava/lang/Runnable;)V+1
j  org.gradle.internal.concurrent.AbstractManagedExecutor$1.run()V+25
j  java.util.concurrent.ThreadPoolExecutor.runWorker(Ljava/util/concurrent/ThreadPoolExecutor$Worker;)V+92 java.base@21.0.12.1
j  java.util.concurrent.ThreadPoolExecutor$Worker.run()V+5 java.base@21.0.12.1
j  java.lang.Thread.runWith(Ljava/lang/Object;Ljava/lang/Runnable;)V+5 java.base@21.0.12.1
j  java.lang.Thread.run()V+19 java.base@21.0.12.1
v  ~StubRoutines::call_stub 0x0000017e0d32100d

Compiled method (n/a) 22397 1913     n 0       java.lang.ClassLoader::defineClass0 (native)
 total in heap  [0x0000017e0d9a3b10,0x0000017e0d9a40d0] = 1472
 relocation     [0x0000017e0d9a3c70,0x0000017e0d9a3ca8] = 56
 main code      [0x0000017e0d9a3cc0,0x0000017e0d9a40cc] = 1036
 stub code      [0x0000017e0d9a40cc,0x0000017e0d9a40d0] = 4

[Constant Pool (empty)]

[MachCode]
[Entry Point]
  # {method} {0x0000017e1a434610} 'defineClass0' '(Ljava/lang/ClassLoader;Ljava/lang/Class;Ljava/lang/String;[BIILjava/security/ProtectionDomain;ZILjava/lang/Object;)Ljava/lang/Class;' in 'java/lang/ClassLoader'
  # parm0:    rdx:rdx   = 'java/lang/ClassLoader'
  # parm1:    r8:r8     = 'java/lang/Class'
  # parm2:    r9:r9     = 'java/lang/String'
  # parm3:    rdi:rdi   = '[B'
  # parm4:    rsi       = int
  # parm5:    rcx       = int
  # parm6:    [sp+0xb0]   = 'java/security/ProtectionDomain'  (sp of caller)
  # parm7:    [sp+0xb8]   = boolean
  # parm8:    [sp+0xc0]   = int
  # parm9:    [sp+0xc8]   = 'java/lang/Object'
  0x0000017e0d9a3cc0: 448b 5208 | 49bb 0000 | 001a 7e01 | 0000 4d03 | d349 3bc2 | 0f84 0600 

  0x0000017e0d9a3cd8: ;   {runtime_call ic_miss_stub}
  0x0000017e0d9a3cd8: 0000 e9a1 | aa9c ff90 
[Verified Entry Point]
  0x0000017e0d9a3ce0: 8984 2400 | 80ff ff55 | 488b ec48 | 81ec a000 | 0000 6690 | 4181 7f20 | 0100 0000 

  0x0000017e0d9a3cfc: ;   {runtime_call StubRoutines (final stubs)}
  0x0000017e0d9a3cfc: 7405 e89d | 279b ff48 | 837d 2800 | 488d 4528 | 480f 4445 | 2848 8944 | 2458 4863 | 4520 4889 
  0x0000017e0d9a3d1c: 4424 5048 | 6345 1848 | 8944 2448 | 4883 7d10 | 0048 8d45 | 1048 0f44 | 4510 4889 | 4424 4048 
  0x0000017e0d9a3d3c: 894c 2438 | 4889 7424 | 3048 897c | 2478 4883 | ff00 488d | 4424 7848 | 0f44 4424 | 7848 8944 
  0x0000017e0d9a3d5c: 2428 4c89 | 4c24 7049 | 83f9 0048 | 8d44 2470 | 480f 4444 | 2470 4889 | 4424 204c | 8944 2468 
  0x0000017e0d9a3d7c: 4983 f800 | 4c8d 4c24 | 684c 0f44 | 4c24 6848 | 8954 2460 | 4883 fa00 | 4c8d 4424 | 604c 0f44 
  0x0000017e0d9a3d9c: ;   {oop(a 'java/lang/Class'{0x00000000a05aaf88} = 'java/lang/ClassLoader')}
  0x0000017e0d9a3d9c: 4424 6049 | be88 af5a | a000 0000 | 004c 89b4 | 2490 0000 | 004c 8db4 | 2490 0000 | 0049 8bd6 
  0x0000017e0d9a3dbc: ;   {internal_word}
  0x0000017e0d9a3dbc: c5f8 7749 | babc 3d9a | 0d7e 0100 | 004d 8997 | a803 0000 | 4989 a7a0 

  0x0000017e0d9a3dd4: ;   {external_word}
  0x0000017e0d9a3dd4: 0300 0049 | ba06 6d55 | 83fe 7f00 | 0041 803a | 000f 844e | 0000 0052 | 4150 4151 

  0x0000017e0d9a3df0: ;   {metadata({method} {0x0000017e1a434610} 'defineClass0' '(Ljava/lang/ClassLoader;Ljava/lang/Class;Ljava/lang/String;[BIILjava/security/ProtectionDomain;ZILjava/lang/Object;)Ljava/lang/Class;' in 'java/lang/ClassLoader')}
  0x0000017e0d9a3df0: 48ba 0846 | 431a 7e01 | 0000 498b | cf48 83ec | 2040 f6c4 | 0f0f 8419 | 0000 0048 

  0x0000017e0d9a3e0c: ;   {runtime_call}
  0x0000017e0d9a3e0c: 83ec 0848 | b8e0 eafe | 82fe 7f00 | 00ff d048 | 83c4 08e9 | 0c00 0000 

  0x0000017e0d9a3e24: ;   {runtime_call}
  0x0000017e0d9a3e24: 48b8 e0ea | fe82 fe7f | 0000 ffd0 | 4883 c420 | 4159 4158 | 5a49 8d8f | c003 0000 | 41c7 874c 
  0x0000017e0d9a3e44: 0400 0004 

  0x0000017e0d9a3e48: ;   {runtime_call}
  0x0000017e0d9a3e48: 0000 0048 | b81c 15d9 | dcfe 7f00 | 00ff d0c5 | f877 41c7 | 874c 0400 | 0005 0000 | 00f0 8344 
  0x0000017e0d9a3e68: 24c0 0049 | 3baf 5004 | 0000 0f87 | 0e00 0000 | 4183 bf48 | 0400 0000 | 0f84 2b00 | 0000 c5f8 
  0x0000017e0d9a3e88: 7748 8945 | f849 8bcf | 4c8b e448 | 83ec 2048 

  0x0000017e0d9a3e98: ;   {runtime_call}
  0x0000017e0d9a3e98: 83e4 f048 | b800 58ca | 82fe 7f00 | 00ff d049 | 8be4 4d33 | e448 8b45 | f841 c787 | 4c04 0000 
  0x0000017e0d9a3eb8: 0800 0000 | 4183 bfc8 | 0400 0002 | 0f84 d501 

  0x0000017e0d9a3ec8: ;   {external_word}
  0x0000017e0d9a3ec8: 0000 49ba | 066d 5583 | fe7f 0000 | 4180 3a00 | 0f84 4c00 | 0000 4889 

  0x0000017e0d9a3ee0: ;   {metadata({method} {0x0000017e1a434610} 'defineClass0' '(Ljava/lang/ClassLoader;Ljava/lang/Class;Ljava/lang/String;[BIILjava/security/ProtectionDomain;ZILjava/lang/Object;)Ljava/lang/Class;' in 'java/lang/ClassLoader')}
  0x0000017e0d9a3ee0: 45f8 48ba | 0846 431a | 7e01 0000 | 498b cf48 | 83ec 2040 | f6c4 0f0f | 8419 0000 | 0048 83ec 
  0x0000017e0d9a3f00: ;   {runtime_call}
  0x0000017e0d9a3f00: 0848 b8e0 | eafe 82fe | 7f00 00ff | d048 83c4 | 08e9 0c00 

  0x0000017e0d9a3f14: ;   {runtime_call}
  0x0000017e0d9a3f14: 0000 48b8 | e0ea fe82 | fe7f 0000 | ffd0 4883 | c420 488b | 45f8 49c7 | 87a0 0300 | 0000 0000 
  0x0000017e0d9a3f34: 0049 c787 | a803 0000 | 0000 0000 | c5f8 7748 | 85c0 0f84 | 3001 0000 | a803 0f85 | 0800 0000 
  0x0000017e0d9a3f54: 488b 00e9 | 2001 0000 | a801 0f85 | 0900 0000 | 488b 40fe | e90f 0100 | 0048 8b40 | ff41 807f 
  0x0000017e0d9a3f74: 4000 0f84 | 0001 0000 | 4883 f800 | 0f84 f600 | 0000 498b | 4f28 4883 | f900 0f84 | 1400 0000 
  0x0000017e0d9a3f94: 4883 e908 | 4989 4f28 | 4903 4f38 | 4889 01e9 | d400 0000 | 4883 ec70 | 4889 0424 | 4889 4c24 
  0x0000017e0d9a3fb4: 0848 8954 | 2410 4c89 | 4424 184c | 894c 2420 | 4c89 5424 | 284c 895c | 2430 c5fb | 1144 2440 
  0x0000017e0d9a3fd4: c5fb 114c | 2448 c5fb | 1154 2450 | c5fb 115c | 2458 c5fb | 1164 2460 | c5fb 116c | 2468 498b 
  0x0000017e0d9a3ff4: d748 8bc8 | 4883 ec20 | 40f6 c40f | 0f84 1900 | 0000 4883 

  0x0000017e0d9a4008: ;   {runtime_call}
  0x0000017e0d9a4008: ec08 48b8 | 20a4 bd82 | fe7f 0000 | ffd0 4883 | c408 e90c 

  0x0000017e0d9a401c: ;   {runtime_call}
  0x0000017e0d9a401c: 0000 0048 | b820 a4bd | 82fe 7f00 | 00ff d048 | 83c4 20c5 | fb10 6c24 | 68c5 fb10 | 6424 60c5 
  0x0000017e0d9a403c: fb10 5c24 | 58c5 fb10 | 5424 50c5 | fb10 4c24 | 48c5 fb10 | 4424 404c | 8b5c 2430 | 4c8b 5424 
  0x0000017e0d9a405c: 284c 8b4c | 2420 4c8b | 4424 1848 | 8b54 2410 | 488b 4c24 | 0848 8b04 | 2448 83c4 | 70c5 f877 
  0x0000017e0d9a407c: 498b 8f30 | 0400 00c7 | 8100 0100 | 0000 0000 | 00c9 4983 | 7f08 000f | 8501 0000 

  0x0000017e0d9a4098: ;   {runtime_call StubRoutines (initial stubs)}
  0x0000017e0d9a4098: 00c3 e961 | ce97 ffc5 | f877 4889 | 45f8 4c8b | e448 83ec | 2048 83e4 

  0x0000017e0d9a40b0: ;   {runtime_call}
  0x0000017e0d9a40b0: f048 b830 | 22ff 82fe | 7f00 00ff | d049 8be4 | 4d33 e448 | 8b45 f8e9 | fefd ffff 
[Stub Code]
  0x0000017e0d9a40cc: f4f4 f4f4 
[/MachCode]


Compiled method (c1) 22425 2825       3       java.lang.System$2::defineClass (21 bytes)
 total in heap  [0x0000017e06377110,0x0000017e063774f0] = 992
 relocation     [0x0000017e06377270,0x0000017e063772b0] = 64
 main code      [0x0000017e063772c0,0x0000017e063773f8] = 312
 stub code      [0x0000017e063773f8,0x0000017e06377438] = 64
 metadata       [0x0000017e06377438,0x0000017e06377440] = 8
 scopes data    [0x0000017e06377440,0x0000017e06377488] = 72
 scopes pcs     [0x0000017e06377488,0x0000017e063774d8] = 80
 dependencies   [0x0000017e063774d8,0x0000017e063774e0] = 8
 nul chk table  [0x0000017e063774e0,0x0000017e063774f0] = 16

[Constant Pool (empty)]

[MachCode]
[Entry Point]
  # {method} {0x0000017e1a019588} 'defineClass' '(Ljava/lang/ClassLoader;Ljava/lang/Class;Ljava/lang/String;[BLjava/security/ProtectionDomain;ZILjava/lang/Object;)Ljava/lang/Class;' in 'java/lang/System$2'
  # this:     rdx:rdx   = 'java/lang/System$2'
  # parm0:    r8:r8     = 'java/lang/ClassLoader'
  # parm1:    r9:r9     = 'java/lang/Class'
  # parm2:    rdi:rdi   = 'java/lang/String'
  # parm3:    rsi:rsi   = '[B'
  # parm4:    rcx:rcx   = 'java/security/ProtectionDomain'
  # parm5:    [sp+0x70]   = boolean  (sp of caller)
  # parm6:    [sp+0x78]   = int
  # parm7:    [sp+0x80]   = 'java/lang/Object'
  0x0000017e063772c0: 448b 5208 | 49bb 0000 | 001a 7e01 | 0000 4d03 | d34c 3bd0 

  0x0000017e063772d4: ;   {runtime_call ic_miss_stub}
  0x0000017e063772d4: 0f85 a674 | ff06 660f | 1f44 0000 
[Verified Entry Point]
  0x0000017e063772e0: 8984 2400 | 80ff ff55 | 4883 ec60 | 4181 7f20 | 0100 0000 

  0x0000017e063772f4: ;   {runtime_call StubRoutines (final stubs)}
  0x0000017e063772f4: 7405 e8a5 | f1fd 0648 

  0x0000017e063772fc: ;   {metadata(method data for {method} {0x0000017e1a019588} 'defineClass' '(Ljava/lang/ClassLoader;Ljava/lang/Class;Ljava/lang/String;[BLjava/security/ProtectionDomain;ZILjava/lang/Object;)Ljava/lang/Class;' in 'java/lang/System$2')}
  0x0000017e063772fc: 8bd9 48b9 | a03c 9c5c | 7e01 0000 | 8b81 cc00 | 0000 83c0 | 0289 81cc | 0000 0025 | fe07 0000 
  0x0000017e0637731c: 85c0 0f84 | 6b00 0000 | 4c8b ac24 | 8000 0000 | 448b 5c24 | 788b 4424 | 708b 4e0c 

  0x0000017e06377338: ;   {metadata(method data for {method} {0x0000017e1a019588} 'defineClass' '(Ljava/lang/ClassLoader;Ljava/lang/Class;Ljava/lang/String;[BLjava/security/ProtectionDomain;ZILjava/lang/Object;)Ljava/lang/Class;' in 'java/lang/System$2')}
  0x0000017e06377338: 48ba a03c | 9c5c 7e01 | 0000 4883 | 8210 0100 | 0001 498b | d04d 8bc1 | 4c8b cf48 | 8bfe be00 
  0x0000017e06377358: 0000 0048 | 891c 2489 | 4424 0844 | 895c 2410 | 4c89 6c24 

  0x0000017e0637736c: ;   {static_call}
  0x0000017e0637736c: 1866 90e8 

  0x0000017e06377370: ; ImmutableOopMap {}
                      ;*invokestatic defineClass0 {reexecute=0 rethrow=0 return_oop=0}
                      ; - java.lang.System$2::defineClass@17
  0x0000017e06377370: 6cc9 6207 

  0x0000017e06377374: ;   {other}
  0x0000017e06377374: 0f1f 8400 | 6402 0000 | 4883 c460 

  0x0000017e06377380: ;   {poll_return}
  0x0000017e06377380: 5d49 3ba7 | 5004 0000 | 0f87 2700 

  0x0000017e0637738c: ;   {metadata({method} {0x0000017e1a019588} 'defineClass' '(Ljava/lang/ClassLoader;Ljava/lang/Class;Ljava/lang/String;[BLjava/security/ProtectionDomain;ZILjava/lang/Object;)Ljava/lang/Class;' in 'java/lang/System$2')}
  0x0000017e0637738c: 0000 c349 | ba80 9501 | 1a7e 0100 | 004c 8954 | 2408 48c7 | 0424 ffff 

  0x0000017e063773a4: ;   {runtime_call counter_overflow Runtime1 stub}
  0x0000017e063773a4: ffff e855 

  0x0000017e063773a8: ; ImmutableOopMap {rdx=Oop r8=Oop r9=Oop rdi=Oop rsi=Oop rbx=Oop [128]=Oop }
                      ;*synchronization entry
                      ; - java.lang.System$2::defineClass@-1
  0x0000017e063773a8: 0d0d 07e9 | 74ff ffff 

  0x0000017e063773b0: ;   {runtime_call throw_null_pointer_exception Runtime1 stub}
  0x0000017e063773b0: e8cb d003 

  0x0000017e063773b4: ; ImmutableOopMap {r8=Oop r9=Oop rdi=Oop rsi=Oop rbx=Oop r13=Oop [128]=Oop }
                      ;*arraylength {reexecute=0 rethrow=0 return_oop=0}
                      ; - java.lang.System$2::defineClass@8
                      ;   {internal_word}
  0x0000017e063773b4: 0749 ba81 | 7337 067e | 0100 004d | 8997 6804 

  0x0000017e063773c4: ;   {runtime_call SafepointBlob}
  0x0000017e063773c4: 0000 e9b5 | e0ff 0649 | 8b87 0005 | 0000 49c7 | 8700 0500 | 0000 0000 | 0049 c787 | 0805 0000 
  0x0000017e063773e4: 0000 0000 | 4883 c460 

  0x0000017e063773ec: ;   {runtime_call unwind_exception Runtime1 stub}
  0x0000017e063773ec: 5de9 8edf | 0307 f4f4 | f4f4 f4f4 
[Stub Code]
  0x0000017e063773f8: ;   {no_reloc}
  0x0000017e063773f8: 48bb 0000 | 0000 0000 

  0x0000017e06377400: ;   {runtime_call nmethod}
  0x0000017e06377400: 0000 e9fb 

  0x0000017e06377404: ;   {runtime_call handle_exception_from_callee Runtime1 stub}
  0x0000017e06377404: ffff ffe8 | 74b2 0307 

  0x0000017e0637740c: ;   {external_word}
  0x0000017e0637740c: 48b9 5063 | 2b83 fe7f | 0000 4883 

  0x0000017e06377418: ;   {runtime_call}
  0x0000017e06377418: e4f0 48b8 | c0c9 ed82 | fe7f 0000 

  0x0000017e06377424: ;   {section_word}
  0x0000017e06377424: ffd0 f449 | ba27 7437 | 067e 0100 

  0x0000017e06377430: ;   {runtime_call DeoptimizationBlob}
  0x0000017e06377430: 0041 52e9 | e8d2 ff06 
[/MachCode]


Compiled method (c1) 22465 2824   !   3       java.lang.invoke.MethodHandles$Lookup$ClassDefiner::defineClass (213 bytes)
 total in heap  [0x0000017e06375e90,0x0000017e063770f0] = 4704
 relocation     [0x0000017e06375ff0,0x0000017e06376110] = 288
 main code      [0x0000017e06376120,0x0000017e06376b88] = 2664
 stub code      [0x0000017e06376b88,0x0000017e06376c00] = 120
 metadata       [0x0000017e06376c00,0x0000017e06376c70] = 112
 scopes data    [0x0000017e06376c70,0x0000017e06376e88] = 536
 scopes pcs     [0x0000017e06376e88,0x0000017e06377048] = 448
 dependencies   [0x0000017e06377048,0x0000017e06377060] = 24
 handler table  [0x0000017e06377060,0x0000017e063770a8] = 72
 nul chk table  [0x0000017e063770a8,0x0000017e063770f0] = 72

[Constant Pool (empty)]

[MachCode]
[Entry Point]
  # {method} {0x0000017e1a1eae68} 'defineClass' '(ZLjava/lang/Object;)Ljava/lang/Class;' in 'java/lang/invoke/MethodHandles$Lookup$ClassDefiner'
  # this:     rdx:rdx   = 'java/lang/invoke/MethodHandles$Lookup$ClassDefiner'
  # parm0:    r8        = boolean
  # parm1:    r9:r9     = 'java/lang/Object'
  #           [sp+0xf0]  (sp of caller)
  0x0000017e06376120: 448b 5208 | 49bb 0000 | 001a 7e01 | 0000 4d03 | d34c 3bd0 

  0x0000017e06376134: ;   {runtime_call ic_miss_stub}
  0x0000017e06376134: 0f85 4686 | ff06 660f | 1f44 0000 
[Verified Entry Point]
  0x0000017e06376140: 8984 2400 | 80ff ff55 | 4881 ece0 | 0000 0090 | 4181 7f20 | 0100 0000 

  0x0000017e06376158: ;   {runtime_call StubRoutines (final stubs)}
  0x0000017e06376158: 7405 e841 | 03fe 0648 | 8994 2498 | 0000 0044 | 8984 24b0 | 0000 004c | 898c 24b8 

  0x0000017e06376174: ;   {metadata(method data for {method} {0x0000017e1a1eae68} 'defineClass' '(ZLjava/lang/Object;)Ljava/lang/Class;' in 'java/lang/invoke/MethodHandles$Lookup$ClassDefiner')}
  0x0000017e06376174: 0000 0048 | be78 319c | 5c7e 0100 | 008b becc | 0000 0083 | c702 89be | cc00 0000 | 81e7 fe07 
  0x0000017e06376194: 0000 85ff | 0f84 6b07 | 0000 8b72 | 1048 89b4 | 2490 0000 | 0048 3b06 

  0x0000017e063761ac: ;   {metadata(method data for {method} {0x0000017e1a1eae68} 'defineClass' '(ZLjava/lang/Object;)Ljava/lang/Class;' in 'java/lang/invoke/MethodHandles$Lookup$ClassDefiner')}
  0x0000017e063761ac: 488b fe48 | bb78 319c | 5c7e 0100 | 0048 8383 | 1001 0000 | 018b 7e10 | 4889 bc24 | a800 0000 
  0x0000017e063761cc: ; implicit exception: dispatches to 0x0000017e0637692f
  0x0000017e063761cc: 483b 0748 

  0x0000017e063761d0: ;   {metadata(method data for {method} {0x0000017e1a1eae68} 'defineClass' '(ZLjava/lang/Object;)Ljava/lang/Class;' in 'java/lang/invoke/MethodHandles$Lookup$ClassDefiner')}
  0x0000017e063761d0: 8bdf 48b8 | 7831 9c5c | 7e01 0000 | 4883 8048 | 0100 0001 

  0x0000017e063761e4: ;   {metadata(method data for {method} {0x0000017e1a468e60} 'getClassLoader' '()Ljava/lang/ClassLoader;' in 'java/lang/Class')}
  0x0000017e063761e4: 48bb f8c1 | 025c 7e01 | 0000 8b83 | cc00 0000 | 83c0 0289 | 83cc 0000 | 0025 feff | 1f00 85c0 
  0x0000017e06376204: 0f84 2a07 | 0000 8b5f | 3448 85db 

  0x0000017e06376210: ;   {metadata(method data for {method} {0x0000017e1a468e60} 'getClassLoader' '()Ljava/lang/ClassLoader;' in 'java/lang/Class')}
  0x0000017e06376210: 48b8 f8c1 | 025c 7e01 | 0000 48c7 | c110 0100 | 0075 0748 | c7c1 2001 | 0000 4c8b | 1c08 4d8d 
  0x0000017e06376230: 5b01 4c89 | 1c08 0f85 | 0f00 0000 

  0x0000017e0637623c: ;   {oop(nullptr)}
  0x0000017e0637623c: 48bb 0000 | 0000 0000 | 0000 e9a2 

  0x0000017e06376248: ;   {metadata(method data for {method} {0x0000017e1a468e60} 'getClassLoader' '()Ljava/lang/ClassLoader;' in 'java/lang/Class')}
  0x0000017e06376248: 0000 0048 | b8f8 c102 | 5c7e 0100 | 0048 8380 | 3001 0000 

  0x0000017e0637625c: ;   {metadata(method data for {method} {0x0000017e1a01b1d0} 'getSecurityManager' '()Ljava/lang/SecurityManager;' in 'java/lang/System')}
  0x0000017e0637625c: 0148 b8b8 | c302 5c7e | 0100 008b | 88cc 0000 | 0083 c102 | 8988 cc00 | 0000 81e1 | feff 1f00 
  0x0000017e0637627c: 85c9 0f84 | d106 0000 

  0x0000017e06376284: ;   {metadata(method data for {method} {0x0000017e1a01b1d0} 'getSecurityManager' '()Ljava/lang/SecurityManager;' in 'java/lang/System')}
  0x0000017e06376284: 48b8 b8c3 | 025c 7e01 | 0000 4883 | 8010 0100 

  0x0000017e06376294: ;   {metadata(method data for {method} {0x0000017e1a01b2e8} 'allowSecurityManager' '()Z' in 'java/lang/System')}
  0x0000017e06376294: 0001 48b8 | 30c5 025c | 7e01 0000 | 8b88 cc00 | 0000 83c1 | 0289 88cc | 0000 0081 | e1fe ff1f 
  0x0000017e063762b4: 0085 c90f | 84b9 0600 

  0x0000017e063762bc: ;   {metadata(method data for {method} {0x0000017e1a01b2e8} 'allowSecurityManager' '()Z' in 'java/lang/System')}
  0x0000017e063762bc: 0048 b830 | c502 5c7e | 0100 00ff | 8010 0100 

  0x0000017e063762cc: ;   {metadata(method data for {method} {0x0000017e1a01b1d0} 'getSecurityManager' '()Ljava/lang/SecurityManager;' in 'java/lang/System')}
  0x0000017e063762cc: 0048 b8b8 | c302 5c7e | 0100 00ff | 8020 0100 

  0x0000017e063762dc: ;   {metadata(method data for {method} {0x0000017e1a468e60} 'getClassLoader' '()Ljava/lang/ClassLoader;' in 'java/lang/Class')}
  0x0000017e063762dc: 0048 b8f8 | c102 5c7e | 0100 00ff | 8040 0100 | 0048 85db 

  0x0000017e063762f0: ;   {metadata(method data for {method} {0x0000017e1a1eae68} 'defineClass' '(ZLjava/lang/Object;)Ljava/lang/Class;' in 'java/lang/invoke/MethodHandles$Lookup$ClassDefiner')}
  0x0000017e063762f0: 48b8 7831 | 9c5c 7e01 | 0000 48c7 | c180 0100 | 0074 0748 | c7c1 9001 | 0000 4c8b | 1c08 4d8d 
  0x0000017e06376310: 5b01 4c89 | 1c08 0f84 | 4b02 0000 

  0x0000017e0637631c: ;   {metadata(method data for {method} {0x0000017e1a1eae68} 'defineClass' '(ZLjava/lang/Object;)Ljava/lang/Class;' in 'java/lang/invoke/MethodHandles$Lookup$ClassDefiner')}
  0x0000017e0637631c: 488b c648 | b978 319c | 5c7e 0100 | 0048 8381 | a001 0000 

  0x0000017e06376330: ;   {metadata(method data for {method} {0x0000017e1a3e0578} 'lookupClassProtectionDomain' '()Ljava/security/ProtectionDomain;' in 'java/lang/invoke/MethodHandles$Lookup')}
  0x0000017e06376330: 0148 b8b0 | 379c 5c7e | 0100 008b | 88cc 0000 | 0083 c102 | 8988 cc00 | 0000 81e1 | feff 1f00 
  0x0000017e06376350: 85c9 0f84 | 3f06 0000 | 8b46 1848 

  0x0000017e0637635c: ;   {metadata(method data for {method} {0x0000017e1a3e0578} 'lookupClassProtectionDomain' '()Ljava/security/ProtectionDomain;' in 'java/lang/invoke/MethodHandles$Lookup')}
  0x0000017e0637635c: 85c0 48b9 | b037 9c5c | 7e01 0000 | 49c7 c310 | 0100 0075 | 0749 c7c3 | 2001 0000 | 4e8b 2c19 
  0x0000017e0637637c: 4d8d 6d01 | 4e89 2c19 | 4889 9c24 | a000 0000 | 0f85 bf01 

  0x0000017e06376390: ;   {metadata(method data for {method} {0x0000017e1a3e0578} 'lookupClassProtectionDomain' '()Ljava/security/ProtectionDomain;' in 'java/lang/invoke/MethodHandles$Lookup')}
  0x0000017e06376390: 0000 48b8 | b037 9c5c | 7e01 0000 | 4883 8030 | 0100 0001 

  0x0000017e063763a4: ;   {metadata(method data for {method} {0x0000017e1a473b88} 'getJavaLangAccess' '()Ljdk/internal/access/JavaLangAccess;' in 'jdk/internal/access/SharedSecrets')}
  0x0000017e063763a4: 48b8 407a | 185c 7e01 | 0000 8b88 | cc00 0000 | 83c1 0289 | 88cc 0000 | 0081 e1fe | ff1f 0085 
  0x0000017e063763c4: c90f 84ed 

  0x0000017e063763c8: ;   {oop(a 'java/lang/Class'{0x00000000a05922c0} = 'jdk/internal/access/SharedSecrets')}
  0x0000017e063763c8: 0500 0048 | b8c0 2259 | a000 0000 | 008b 407c | 8b4e 1048 | 85c0 0f84 | 2a00 0000 

  0x0000017e063763e4: ;   {metadata('java/lang/System$2')}
  0x0000017e063763e4: 48be 6082 | 011a 7e01 | 0000 448b | 7008 49ba | 0000 001a | 7e01 0000 | 4d03 f249 | 3b76 380f 
  0x0000017e06376404: 85d0 0500 | 00e9 0000 | 0000 4c8b | d848 3b00 

  0x0000017e06376414: ;   {metadata(method data for {method} {0x0000017e1a3e0578} 'lookupClassProtectionDomain' '()Ljava/security/ProtectionDomain;' in 'java/lang/invoke/MethodHandles$Lookup')}
  0x0000017e06376414: 48be b037 | 9c5c 7e01 

  0x0000017e0637641c: ;   {metadata('java/lang/System$2')}
  0x0000017e0637641c: 0000 49ba | 6082 011a | 7e01 0000 | 4c89 9650 | 0100 0048 | 8386 5801 

  0x0000017e06376434: ;   {metadata(method data for {method} {0x0000017e1a0192c8} 'protectionDomain' '(Ljava/lang/Class;)Ljava/security/ProtectionDomain;' in 'java/lang/System$2')}
  0x0000017e06376434: 0000 0148 | be68 399c | 5c7e 0100 | 008b 86cc | 0000 0083 | c002 8986 | cc00 0000 | 25fe ff1f 
  0x0000017e06376454: 0085 c00f | 8486 0500 | 0048 3b01 

  0x0000017e06376460: ;   {metadata(method data for {method} {0x0000017e1a0192c8} 'protectionDomain' '(Ljava/lang/Class;)Ljava/security/ProtectionDomain;' in 'java/lang/System$2')}
  0x0000017e06376460: 488b f148 | b868 399c | 5c7e 0100 | 0048 8380 | 1001 0000 

  0x0000017e06376474: ;   {metadata(method data for {method} {0x0000017e1a467bb8} 'protectionDomain' '()Ljava/security/ProtectionDomain;' in 'java/lang/Class')}
  0x0000017e06376474: 0148 bef8 | 3a9c 5c7e | 0100 008b | 86cc 0000 | 0083 c002 | 8986 cc00 | 0000 25fe | ff1f 0085 
  0x0000017e06376494: c00f 846e | 0500 0048 

  0x0000017e0637649c: ;   {metadata(method data for {method} {0x0000017e1a467bb8} 'protectionDomain' '()Ljava/security/ProtectionDomain;' in 'java/lang/Class')}
  0x0000017e0637649c: 8bf1 48b8 | f83a 9c5c | 7e01 0000 | 4883 8010 | 0100 0001 | 488b d10f 

  0x0000017e063764b4: ;   {optimized virtual_call}
  0x0000017e063764b4: 1f40 00e8 

  0x0000017e063764b8: ; ImmutableOopMap {[144]=Oop [152]=Oop [160]=Oop [168]=Oop [184]=Oop }
                      ;*invokevirtual getProtectionDomain0 {reexecute=0 rethrow=0 return_oop=0}
                      ; - java.lang.Class::protectionDomain@1
                      ; - java.lang.System$2::protectionDomain@1
                      ; - java.lang.invoke.MethodHandles$Lookup::lookupClassProtectionDomain@17
                      ; - java.lang.invoke.MethodHandles$Lookup$ClassDefiner::defineClass@23
  0x0000017e063764b8: 2493 6b07 

  0x0000017e063764bc: ;   {other}
  0x0000017e063764bc: 0f1f 8400 | 2c06 0000 

  0x0000017e063764c4: ;   {metadata(method data for {method} {0x0000017e1a467bb8} 'protectionDomain' '()Ljava/security/ProtectionDomain;' in 'java/lang/Class')}
  0x0000017e063764c4: 4885 c049 | b8f8 3a9c | 5c7e 0100 | 0049 c7c1 | 4801 0000 | 7507 49c7 | c158 0100 | 004b 8b3c 
  0x0000017e063764e4: 0848 8d7f | 014b 893c | 080f 8521 | 0000 000f | 1f44 0000 

  0x0000017e063764f8: ;   {no_reloc}
  0x0000017e063764f8: e9a5 0500 | 0000 0000 | 0000 660f | 1f44 0000 

  0x0000017e06376508: ; implicit exception: dispatches to 0x0000017e06376aac
  0x0000017e06376508: e9b0 0500 | 0090 90e9 | 0300 0000 | 4c8b c048 | 8bb4 2490 | 0000 0045 | 0fbe 4f40 | 4585 c90f 
  0x0000017e06376528: 859a 0500 | 004d 8bd0 | 4489 5618 | f083 4424 | c000 4c8b | ce4d 33c8 | 49c1 e914 | 4983 f900 
  0x0000017e06376548: 0f85 9505 | 0000 498b 

  0x0000017e06376550: ;   {metadata(method data for {method} {0x0000017e1a1eae68} 'defineClass' '(ZLjava/lang/Object;)Ljava/lang/Class;' in 'java/lang/invoke/MethodHandles$Lookup$ClassDefiner')}
  0x0000017e06376550: c049 b878 | 319c 5c7e | 0100 0041 | ff80 d801 | 0000 e912 | 0000 0048 | 899c 24a0 

  0x0000017e0637656c: ;   {oop(nullptr)}
  0x0000017e0637656c: 0000 0048 | b800 0000 | 0000 0000 | 0048 8b9c | 24a0 0000 | 0048 8bbc | 24a8 0000 | 0048 8b94 
  0x0000017e0637658c: 2498 0000 

  0x0000017e06376590: ;   {metadata(method data for {method} {0x0000017e1a1eae68} 'defineClass' '(ZLjava/lang/Object;)Ljava/lang/Class;' in 'java/lang/invoke/MethodHandles$Lookup$ClassDefiner')}
  0x0000017e06376590: 0049 b878 | 319c 5c7e | 0100 0049 | 8380 f001 

  0x0000017e063765a0: ;   {metadata(method data for {method} {0x0000017e1a473b88} 'getJavaLangAccess' '()Ljdk/internal/access/JavaLangAccess;' in 'jdk/internal/access/SharedSecrets')}
  0x0000017e063765a0: 0000 0149 | b840 7a18 | 5c7e 0100 | 0045 8b88 | cc00 0000 | 4183 c102 | 4589 88cc | 0000 0041 
  0x0000017e063765c0: 81e1 feff | 1f00 4585 | c90f 842c 

  0x0000017e063765cc: ;   {oop(a 'java/lang/Class'{0x00000000a05922c0} = 'jdk/internal/access/SharedSecrets')}
  0x0000017e063765cc: 0500 0049 | b8c0 2259 | a000 0000 | 0045 8b70 | 7c8b 7214 | 8b4a 1844 | 8b4a 0c4d | 85f6 0f84 
  0x0000017e063765ec: 2a00 0000 

  0x0000017e063765f0: ;   {metadata('java/lang/System$2')}
  0x0000017e063765f0: 49bb 6082 | 011a 7e01 | 0000 458b | 6e08 49ba | 0000 001a | 7e01 0000 | 4d03 ea4d | 3b5d 380f 
  0x0000017e06376610: 8507 0500 | 00e9 0000 | 0000 4d8b | c649 3b06 

  0x0000017e06376620: ;   {metadata(method data for {method} {0x0000017e1a1eae68} 'defineClass' '(ZLjava/lang/Object;)Ljava/lang/Class;' in 'java/lang/invoke/MethodHandles$Lookup$ClassDefiner')}
  0x0000017e06376620: 4d8b c648 | ba78 319c | 5c7e 0100 

  0x0000017e0637662c: ;   {metadata('java/lang/System$2')}
  0x0000017e0637662c: 0049 ba60 | 8201 1a7e | 0100 004c | 8992 1002 | 0000 4883 | 8218 0200 | 0001 4c8b | c349 8bd1 
  0x0000017e0637664c: 4c8b cf48 | 8bfe 488b | f148 8bc8 | 8b84 24b0 | 0000 0089 | 0424 8954 | 2408 488b | 9424 b800 
  0x0000017e0637666c: 0000 4889 | 5424 1049 

  0x0000017e06376674: ;   {optimized virtual_call}
  0x0000017e06376674: 8bd6 90e8 

  0x0000017e06376678: ; ImmutableOopMap {[152]=Oop [168]=Oop }
                      ;*invokeinterface defineClass {reexecute=0 rethrow=0 return_oop=0}
                      ; - java.lang.invoke.MethodHandles$Lookup$ClassDefiner::defineClass@57
  0x0000017e06376678: 640c 0000 

  0x0000017e0637667c: ;   {other}
  0x0000017e0637667c: 0f1f 8400 | ec07 0001 

  0x0000017e06376684: ;   {metadata(method data for {method} {0x0000017e1a1eae68} 'defineClass' '(ZLjava/lang/Object;)Ljava/lang/Class;' in 'java/lang/invoke/MethodHandles$Lookup$ClassDefiner')}
  0x0000017e06376684: 49b8 7831 | 9c5c 7e01 | 0000 41ff | 8038 0200 | 0048 8b94 | 2498 0000 | 008b 721c 

  0x0000017e063766a0: ; implicit exception: dispatches to 0x0000017e06376b26
  0x0000017e063766a0: 483b 064c 

  0x0000017e063766a4: ;   {metadata(method data for {method} {0x0000017e1a1eae68} 'defineClass' '(ZLjava/lang/Object;)Ljava/lang/Class;' in 'java/lang/invoke/MethodHandles$Lookup$ClassDefiner')}
  0x0000017e063766a4: 8bc6 49b9 | 7831 9c5c | 7e01 0000 | 4983 8150 | 0300 0001 | 440f be46 | 0c41 83e0 | 0145 85c0 
  0x0000017e063766c4: ;   {metadata(method data for {method} {0x0000017e1a1eae68} 'defineClass' '(ZLjava/lang/Object;)Ljava/lang/Class;' in 'java/lang/invoke/MethodHandles$Lookup$ClassDefiner')}
  0x0000017e063766c4: 49b8 7831 | 9c5c 7e01 | 0000 49c7 | c188 0300 | 0074 0749 | c7c1 9803 | 0000 4b8b | 3c08 488d 
  0x0000017e063766e4: 7f01 4b89 | 3c08 0f84 | c401 0000 

  0x0000017e063766f0: ;   {metadata(method data for {method} {0x0000017e1a1eae68} 'defineClass' '(ZLjava/lang/Object;)Ljava/lang/Class;' in 'java/lang/invoke/MethodHandles$Lookup$ClassDefiner')}
  0x0000017e063766f0: 4c8b c249 | b978 319c | 5c7e 0100 

  0x0000017e063766fc: ;   {metadata('java/lang/invoke/MethodHandles$Lookup$ClassDefiner')}
  0x0000017e063766fc: 0049 ba28 | ac1e 1a7e | 0100 004d | 8991 b803 | 0000 4983 | 81c0 0300 | 0001 8b7a | 1448 85c0 
  0x0000017e0637671c: ;   {metadata(method data for {method} {0x0000017e1a1eae68} 'defineClass' '(ZLjava/lang/Object;)Ljava/lang/Class;' in 'java/lang/invoke/MethodHandles$Lookup$ClassDefiner')}
  0x0000017e0637671c: 49b8 7831 | 9c5c 7e01 | 0000 49c7 | c1e0 0300 | 0074 0749 | c7c1 f003 | 0000 4b8b | 1c08 488d 
  0x0000017e0637673c: 5b01 4b89 | 1c08 0f84 | 2b01 0000 | e9bd 0000 | 0048 8b94 | 2498 0000 | 0049 8b87 | 0005 0000 
  0x0000017e0637675c: 4d33 d24d | 8997 0005 | 0000 4d33 | d24d 8997 | 0805 0000 | 8b72 1c48 | 3b06 4c8b 

  0x0000017e06376778: ;   {metadata(method data for {method} {0x0000017e1a1eae68} 'defineClass' '(ZLjava/lang/Object;)Ljava/lang/Class;' in 'java/lang/invoke/MethodHandles$Lookup$ClassDefiner')}
  0x0000017e06376778: c649 b978 | 319c 5c7e | 0100 0049 | 8381 8804 | 0000 0144 | 0fbe 460c | 4183 e001 

  0x0000017e06376794: ;   {metadata(method data for {method} {0x0000017e1a1eae68} 'defineClass' '(ZLjava/lang/Object;)Ljava/lang/Class;' in 'java/lang/invoke/MethodHandles$Lookup$ClassDefiner')}
  0x0000017e06376794: 4585 c049 | b878 319c | 5c7e 0100 | 0049 c7c1 | c004 0000 | 7407 49c7 | c1d0 0400 | 004b 8b3c 
  0x0000017e063767b4: 0848 8d7f | 014b 893c | 080f 8441 | 0100 004c 

  0x0000017e063767c4: ;   {metadata(method data for {method} {0x0000017e1a1eae68} 'defineClass' '(ZLjava/lang/Object;)Ljava/lang/Class;' in 'java/lang/invoke/MethodHandles$Lookup$ClassDefiner')}
  0x0000017e063767c4: 8bc2 49b9 | 7831 9c5c | 7e01 0000 

  0x0000017e063767d0: ;   {metadata('java/lang/invoke/MethodHandles$Lookup$ClassDefiner')}
  0x0000017e063767d0: 49ba 28ac | 1e1a 7e01 | 0000 4d89 | 91f0 0400 | 0049 8381 | f804 0000 | 018b 7a14 

  0x0000017e063767ec: ;   {metadata(method data for {method} {0x0000017e1a1eae68} 'defineClass' '(ZLjava/lang/Object;)Ljava/lang/Class;' in 'java/lang/invoke/MethodHandles$Lookup$ClassDefiner')}
  0x0000017e063767ec: 49b8 7831 | 9c5c 7e01 | 0000 41ff | 8018 0500 | 0048 8984 | 24c8 0000 | 00e9 c000 | 0000 8b52 
  0x0000017e0637680c: 184c 8bc6 

  0x0000017e06376810: ;   {metadata(method data for {method} {0x0000017e1a1eae68} 'defineClass' '(ZLjava/lang/Object;)Ljava/lang/Class;' in 'java/lang/invoke/MethodHandles$Lookup$ClassDefiner')}
  0x0000017e06376810: 49b9 7831 | 9c5c 7e01 | 0000 4983 | 8100 0400 | 0001 4c8b | c74c 8bc8 | 488b fa48 | 8bd6 4889 
  0x0000017e06376830: 8424 c000 

  0x0000017e06376834: ;   {optimized virtual_call}
  0x0000017e06376834: 0000 90e8 

  0x0000017e06376838: ; ImmutableOopMap {[192]=Oop }
                      ;*invokevirtual dumpClass {reexecute=0 rethrow=0 return_oop=0}
                      ; - java.lang.invoke.MethodHandles$Lookup$ClassDefiner::defineClass@134
  0x0000017e06376838: 4482 ff06 

  0x0000017e0637683c: ;   {other}
  0x0000017e0637683c: 0f1f 8400 | ac09 0002 

  0x0000017e06376844: ;   {metadata(method data for {method} {0x0000017e1a1eae68} 'defineClass' '(ZLjava/lang/Object;)Ljava/lang/Class;' in 'java/lang/invoke/MethodHandles$Lookup$ClassDefiner')}
  0x0000017e06376844: 49b8 7831 | 9c5c 7e01 | 0000 41ff | 8038 0400 | 0048 8b84 | 24c0 0000 | 0048 81c4 | e000 0000 
  0x0000017e06376864: ;   {poll_return}
  0x0000017e06376864: 5d49 3ba7 | 5004 0000 | 0f87 be02 | 0000 c348 | 8984 24c0 | 0000 0044 | 8b4a 184c 

  0x0000017e06376880: ;   {metadata(method data for {method} {0x0000017e1a1eae68} 'defineClass' '(ZLjava/lang/Object;)Ljava/lang/Class;' in 'java/lang/invoke/MethodHandles$Lookup$ClassDefiner')}
  0x0000017e06376880: 8bc6 48ba | 7831 9c5c | 7e01 0000 | 4883 8250 | 0400 0001 | 4c8b c748 | 8bd6 0f1f 

  0x0000017e0637689c: ;   {optimized virtual_call}
  0x0000017e0637689c: 4400 00e8 

  0x0000017e063768a0: ; ImmutableOopMap {[192]=Oop }
                      ;*invokevirtual dumpFailedClass {reexecute=0 rethrow=0 return_oop=0}
                      ; - java.lang.invoke.MethodHandles$Lookup$ClassDefiner::defineClass@150
  0x0000017e063768a0: dc81 ff06 

  0x0000017e063768a4: ;   {other}
  0x0000017e063768a4: 0f1f 8400 | 140a 0003 | 488b 8424 | c000 0000 | 4881 c4e0 | 0000 005d 

  0x0000017e063768bc: ;   {poll_return}
  0x0000017e063768bc: 493b a750 | 0400 000f | 877d 0200 | 00c3 448b | 4a18 4c8b 

  0x0000017e063768d0: ;   {metadata(method data for {method} {0x0000017e1a1eae68} 'defineClass' '(ZLjava/lang/Object;)Ljava/lang/Class;' in 'java/lang/invoke/MethodHandles$Lookup$ClassDefiner')}
  0x0000017e063768d0: c648 ba78 | 319c 5c7e | 0100 0048 | 8382 8805 | 0000 014c | 8bc7 488b | d666 0f1f 

  0x0000017e063768ec: ;   {optimized virtual_call}
  0x0000017e063768ec: 4400 00e8 

  0x0000017e063768f0: ; ImmutableOopMap {[200]=Oop }
                      ;*invokevirtual dumpFailedClass {reexecute=0 rethrow=0 return_oop=0}
                      ; - java.lang.invoke.MethodHandles$Lookup$ClassDefiner::defineClass@207
  0x0000017e063768f0: 8c81 ff06 

  0x0000017e063768f4: ;   {other}
  0x0000017e063768f4: 0f1f 8400 | 640a 0004 | 488b 8424 | c800 0000 | e970 0200 

  0x0000017e06376908: ;   {metadata({method} {0x0000017e1a1eae68} 'defineClass' '(ZLjava/lang/Object;)Ljava/lang/Class;' in 'java/lang/invoke/MethodHandles$Lookup$ClassDefiner')}
  0x0000017e06376908: 0049 ba60 | ae1e 1a7e | 0100 004c | 8954 2408 | 48c7 0424 | ffff ffff 

  0x0000017e06376920: ;   {runtime_call counter_overflow Runtime1 stub}
  0x0000017e06376920: e8db 170d 

  0x0000017e06376924: ; ImmutableOopMap {rdx=Oop r9=Oop [152]=Oop [184]=Oop }
                      ;*synchronization entry
                      ; - java.lang.invoke.MethodHandles$Lookup$ClassDefiner::defineClass@-1
  0x0000017e06376924: 07e9 74f8 

  0x0000017e06376928: ;   {runtime_call throw_null_pointer_exception Runtime1 stub}
  0x0000017e06376928: ffff e851 

  0x0000017e0637692c: ; ImmutableOopMap {rdx=Oop r9=Oop rsi=Oop [144]=Oop [152]=Oop [184]=Oop }
                      ;*invokevirtual lookupClass {reexecute=0 rethrow=0 return_oop=0}
                      ; - java.lang.invoke.MethodHandles$Lookup$ClassDefiner::defineClass@4
                      ;   {runtime_call throw_null_pointer_exception Runtime1 stub}
  0x0000017e0637692c: db03 07e8 

  0x0000017e06376930: ; ImmutableOopMap {rdx=Oop r9=Oop rsi=Oop rdi=Oop [144]=Oop [152]=Oop [168]=Oop [184]=Oop }
                      ;*invokevirtual getClassLoader {reexecute=0 rethrow=0 return_oop=0}
                      ; - java.lang.invoke.MethodHandles$Lookup$ClassDefiner::defineClass@9
  0x0000017e06376930: 4cdb 0307 

  0x0000017e06376934: ;   {metadata({method} {0x0000017e1a468e60} 'getClassLoader' '()Ljava/lang/ClassLoader;' in 'java/lang/Class')}
  0x0000017e06376934: 49ba 588e | 461a 7e01 | 0000 4c89 | 5424 0848 | c704 24ff 

  0x0000017e06376948: ;   {runtime_call counter_overflow Runtime1 stub}
  0x0000017e06376948: ffff ffe8 

  0x0000017e0637694c: ; ImmutableOopMap {rdx=Oop r9=Oop rsi=Oop rdi=Oop [144]=Oop [152]=Oop [168]=Oop [184]=Oop }
                      ;*synchronization entry
                      ; - java.lang.Class::getClassLoader@-1
                      ; - java.lang.invoke.MethodHandles$Lookup$ClassDefiner::defineClass@9
  0x0000017e0637694c: b017 0d07 | e9b5 f8ff 

  0x0000017e06376954: ;   {metadata({method} {0x0000017e1a01b1d0} 'getSecurityManager' '()Ljava/lang/SecurityManager;' in 'java/lang/System')}
  0x0000017e06376954: ff49 bac8 | b101 1a7e | 0100 004c | 8954 2408 | 48c7 0424 | ffff ffff 

  0x0000017e0637696c: ;   {runtime_call counter_overflow Runtime1 stub}
  0x0000017e0637696c: e88f 170d 

  0x0000017e06376970: ; ImmutableOopMap {rdx=Oop r9=Oop rsi=Oop rdi=Oop rbx=Oop [144]=Oop [152]=Oop [168]=Oop [184]=Oop }
                      ;*synchronization entry
                      ; - java.lang.System::getSecurityManager@-1
                      ; - java.lang.Class::getClassLoader@11
                      ; - java.lang.invoke.MethodHandles$Lookup$ClassDefiner::defineClass@9
  0x0000017e06376970: 07e9 0ef9 

  0x0000017e06376974: ;   {metadata({method} {0x0000017e1a01b2e8} 'allowSecurityManager' '()Z' in 'java/lang/System')}
  0x0000017e06376974: ffff 49ba | e0b2 011a | 7e01 0000 | 4c89 5424 | 0848 c704 | 24ff ffff 

  0x0000017e0637698c: ;   {runtime_call counter_overflow Runtime1 stub}
  0x0000017e0637698c: ffe8 6e17 

  0x0000017e06376990: ; ImmutableOopMap {rdx=Oop r9=Oop rsi=Oop rdi=Oop rbx=Oop [144]=Oop [152]=Oop [168]=Oop [184]=Oop }
                      ;*synchronization entry
                      ; - java.lang.System::allowSecurityManager@-1
                      ; - java.lang.System::getSecurityManager@0
                      ; - java.lang.Class::getClassLoader@11
                      ; - java.lang.invoke.MethodHandles$Lookup$ClassDefiner::defineClass@9
  0x0000017e06376990: 0d07 e926 

  0x0000017e06376994: ;   {metadata({method} {0x0000017e1a3e0578} 'lookupClassProtectionDomain' '()Ljava/security/ProtectionDomain;' in 'java/lang/invoke/MethodHandles$Lookup')}
  0x0000017e06376994: f9ff ff49 | ba70 053e | 1a7e 0100 | 004c 8954 | 2408 48c7 | 0424 ffff 

  0x0000017e063769ac: ;   {runtime_call counter_overflow Runtime1 stub}
  0x0000017e063769ac: ffff e84d 

  0x0000017e063769b0: ; ImmutableOopMap {rdx=Oop r9=Oop rsi=Oop rdi=Oop rbx=Oop [144]=Oop [152]=Oop [168]=Oop [184]=Oop }
                      ;*synchronization entry
                      ; - java.lang.invoke.MethodHandles$Lookup::lookupClassProtectionDomain@-1
                      ; - java.lang.invoke.MethodHandles$Lookup$ClassDefiner::defineClass@23
  0x0000017e063769b0: 170d 07e9 | a0f9 ffff 

  0x0000017e063769b8: ;   {metadata({method} {0x0000017e1a473b88} 'getJavaLangAccess' '()Ljdk/internal/access/JavaLangAccess;' in 'jdk/internal/access/SharedSecrets')}
  0x0000017e063769b8: 49ba 803b | 471a 7e01 | 0000 4c89 | 5424 0848 | c704 24ff 

  0x0000017e063769cc: ;   {runtime_call counter_overflow Runtime1 stub}
  0x0000017e063769cc: ffff ffe8 

  0x0000017e063769d0: ; ImmutableOopMap {rsi=Oop [144]=Oop [152]=Oop [160]=Oop [168]=Oop [184]=Oop }
                      ;*synchronization entry
                      ; - jdk.internal.access.SharedSecrets::getJavaLangAccess@-1
                      ; - java.lang.invoke.MethodHandles$Lookup::lookupClassProtectionDomain@10
                      ; - java.lang.invoke.MethodHandles$Lookup$ClassDefiner::defineClass@23
  0x0000017e063769d0: 2c17 0d07 | e9f2 f9ff 

  0x0000017e063769d8: ;   {runtime_call throw_incompatible_class_change_error Runtime1 stub}
  0x0000017e063769d8: ffe8 22ed 

  0x0000017e063769dc: ; ImmutableOopMap {rax=Oop rcx=Oop [144]=Oop [152]=Oop [160]=Oop [168]=Oop [184]=Oop }
                      ;*invokeinterface protectionDomain {reexecute=0 rethrow=0 return_oop=0}
                      ; - java.lang.invoke.MethodHandles$Lookup::lookupClassProtectionDomain@17
                      ; - java.lang.invoke.MethodHandles$Lookup$ClassDefiner::defineClass@23
                      ;   {runtime_call throw_null_pointer_exception Runtime1 stub}
  0x0000017e063769dc: 0c07 e89d 

  0x0000017e063769e0: ; ImmutableOopMap {rax=Oop rcx=Oop [144]=Oop [152]=Oop [160]=Oop [168]=Oop [184]=Oop }
                      ;*invokeinterface protectionDomain {reexecute=0 rethrow=0 return_oop=0}
                      ; - java.lang.invoke.MethodHandles$Lookup::lookupClassProtectionDomain@17
                      ; - java.lang.invoke.MethodHandles$Lookup$ClassDefiner::defineClass@23
                      ;   {metadata({method} {0x0000017e1a0192c8} 'protectionDomain' '(Ljava/lang/Class;)Ljava/security/ProtectionDomain;' in 'java/lang/System$2')}
  0x0000017e063769e0: da03 0749 | bac0 9201 | 1a7e 0100 | 004c 8954 | 2408 48c7 | 0424 ffff 

  0x0000017e063769f8: ;   {runtime_call counter_overflow Runtime1 stub}
  0x0000017e063769f8: ffff e801 

  0x0000017e063769fc: ; ImmutableOopMap {rcx=Oop [144]=Oop [152]=Oop [160]=Oop [168]=Oop [184]=Oop }
                      ;*synchronization entry
                      ; - java.lang.System$2::protectionDomain@-1
                      ; - java.lang.invoke.MethodHandles$Lookup::lookupClassProtectionDomain@17
                      ; - java.lang.invoke.MethodHandles$Lookup$ClassDefiner::defineClass@23
  0x0000017e063769fc: 170d 07e9 | 59fa ffff 

  0x0000017e06376a04: ;   {runtime_call throw_null_pointer_exception Runtime1 stub}
  0x0000017e06376a04: e877 da03 

  0x0000017e06376a08: ; ImmutableOopMap {rcx=Oop [144]=Oop [152]=Oop [160]=Oop [168]=Oop [184]=Oop }
                      ;*invokevirtual protectionDomain {reexecute=0 rethrow=0 return_oop=0}
                      ; - java.lang.System$2::protectionDomain@1
                      ; - java.lang.invoke.MethodHandles$Lookup::lookupClassProtectionDomain@17
                      ; - java.lang.invoke.MethodHandles$Lookup$ClassDefiner::defineClass@23
                      ;   {metadata({method} {0x0000017e1a467bb8} 'protectionDomain' '()Ljava/security/ProtectionDomain;' in 'java/lang/Class')}
  0x0000017e06376a08: 0749 bab0 | 7b46 1a7e | 0100 004c | 8954 2408 | 48c7 0424 | ffff ffff 

  0x0000017e06376a20: ;   {runtime_call counter_overflow Runtime1 stub}
  0x0000017e06376a20: e8db 160d 

  0x0000017e06376a24: ; ImmutableOopMap {rcx=Oop [144]=Oop [152]=Oop [160]=Oop [168]=Oop [184]=Oop }
                      ;*synchronization entry
                      ; - java.lang.Class::protectionDomain@-1
                      ; - java.lang.System$2::protectionDomain@1
                      ; - java.lang.invoke.MethodHandles$Lookup::lookupClassProtectionDomain@17
                      ; - java.lang.invoke.MethodHandles$Lookup$ClassDefiner::defineClass@23
  0x0000017e06376a24: 07e9 71fa 

  0x0000017e06376a28: ;   {oop(nullptr)}
  0x0000017e06376a28: ffff 49b8 | 0000 0000 | 0000 0000 | 5053 498b | 5810 5756 | 5251 4150 | 4151 4152 | 4153 4883 
  0x0000017e06376a48: ec20 40f6 | c40f 0f84 | 1900 0000 | 4883 ec08 

  0x0000017e06376a58: ;   {runtime_call}
  0x0000017e06376a58: 48b8 a0a0 | 8b82 fe7f | 0000 ffd0 | 4883 c408 | e90c 0000 

  0x0000017e06376a6c: ;   {runtime_call}
  0x0000017e06376a6c: 0048 b8a0 | a08b 82fe | 7f00 00ff | d048 83c4 | 2041 5b41 | 5a41 5941 | 5859 5a5e | 5f48 3b83 
  0x0000017e06376a8c: 3801 0000 | 5b58 0f85 | 0a00 0000 | e965 faff | ffb8 0078 

  0x0000017e06376aa0: ;   {runtime_call load_mirror_patching Runtime1 stub}
  0x0000017e06376aa0: 6e0a e859 

  0x0000017e06376aa4: ; ImmutableOopMap {[144]=Oop [152]=Oop [160]=Oop [168]=Oop [184]=Oop }
                      ;*getstatic allPermDomain {reexecute=1 rethrow=0 return_oop=0}
                      ; - (reexecute) java.lang.Class::protectionDomain@9
                      ; - java.lang.System$2::protectionDomain@1
                      ; - java.lang.invoke.MethodHandles$Lookup::lookupClassProtectionDomain@17
                      ; - java.lang.invoke.MethodHandles$Lookup$ClassDefiner::defineClass@23
  0x0000017e06376aa4: 0a0d 07e9 | 4cfa ffff 

  0x0000017e06376aac: ;   {runtime_call throw_null_pointer_exception Runtime1 stub}
  0x0000017e06376aac: e8cf d903 

  0x0000017e06376ab0: ; ImmutableOopMap {r8=Oop [144]=Oop [152]=Oop [160]=Oop [168]=Oop [184]=Oop }
                      ;*getstatic allPermDomain {reexecute=1 rethrow=0 return_oop=0}
                      ; - (reexecute) java.lang.Class::protectionDomain@9
                      ; - java.lang.System$2::protectionDomain@1
                      ; - java.lang.invoke.MethodHandles$Lookup::lookupClassProtectionDomain@17
                      ; - java.lang.invoke.MethodHandles$Lookup$ClassDefiner::defineClass@23
  0x0000017e06376ab0: 0745 8b80 | 0000 0000 | b800 0c05 

  0x0000017e06376abc: ;   {runtime_call access_field_patching Runtime1 stub}
  0x0000017e06376abc: 07e8 3e01 

  0x0000017e06376ac0: ; ImmutableOopMap {r8=Oop [144]=Oop [152]=Oop [160]=Oop [168]=Oop [184]=Oop }
                      ;*getstatic allPermDomain {reexecute=1 rethrow=0 return_oop=0}
                      ; - (reexecute) java.lang.Class::protectionDomain@9
                      ; - java.lang.System$2::protectionDomain@1
                      ; - java.lang.invoke.MethodHandles$Lookup::lookupClassProtectionDomain@17
                      ; - java.lang.invoke.MethodHandles$Lookup$ClassDefiner::defineClass@23
  0x0000017e06376ac0: 0d07 e941 | faff ff44 | 8b4e 1849 | 83f9 000f | 8458 faff | ff4c 890c 

  0x0000017e06376ad8: ;   {runtime_call g1_pre_barrier_slow}
  0x0000017e06376ad8: 24e8 221c | 0d07 e94a | faff ff49 | 83f8 000f | 8461 faff | ff48 8934 

  0x0000017e06376af0: ;   {runtime_call g1_post_barrier_slow}
  0x0000017e06376af0: 24e8 0a1f | 0d07 e953 

  0x0000017e06376af8: ;   {metadata({method} {0x0000017e1a473b88} 'getJavaLangAccess' '()Ljdk/internal/access/JavaLangAccess;' in 'jdk/internal/access/SharedSecrets')}
  0x0000017e06376af8: faff ff49 | ba80 3b47 | 1a7e 0100 | 004c 8954 | 2408 48c7 | 0424 ffff 

  0x0000017e06376b10: ;   {runtime_call counter_overflow Runtime1 stub}
  0x0000017e06376b10: ffff e8e9 

  0x0000017e06376b14: ; ImmutableOopMap {rax=Oop rdi=Oop rbx=Oop rdx=Oop [152]=Oop [168]=Oop [184]=Oop }
                      ;*synchronization entry
                      ; - jdk.internal.access.SharedSecrets::getJavaLangAccess@-1
                      ; - java.lang.invoke.MethodHandles$Lookup$ClassDefiner::defineClass@35
  0x0000017e06376b14: 150d 07e9 | b3fa ffff 

  0x0000017e06376b1c: ;   {runtime_call throw_incompatible_class_change_error Runtime1 stub}
  0x0000017e06376b1c: e8df eb0c 

  0x0000017e06376b20: ; ImmutableOopMap {rax=Oop rdi=Oop rbx=Oop r14=Oop rsi=Oop rcx=Oop [152]=Oop [168]=Oop [184]=Oop }
                      ;*invokeinterface defineClass {reexecute=0 rethrow=0 return_oop=0}
                      ; - java.lang.invoke.MethodHandles$Lookup$ClassDefiner::defineClass@57
                      ;   {runtime_call throw_null_pointer_exception Runtime1 stub}
  0x0000017e06376b20: 07e8 5ad9 

  0x0000017e06376b24: ; ImmutableOopMap {rax=Oop rdi=Oop rbx=Oop r14=Oop rsi=Oop rcx=Oop [152]=Oop [168]=Oop [184]=Oop }
                      ;*invokeinterface defineClass {reexecute=0 rethrow=0 return_oop=0}
                      ; - java.lang.invoke.MethodHandles$Lookup$ClassDefiner::defineClass@57
                      ;   {runtime_call throw_null_pointer_exception Runtime1 stub}
  0x0000017e06376b24: 0307 e855 

  0x0000017e06376b28: ; ImmutableOopMap {rax=Oop rdx=Oop rsi=Oop [152]=Oop }
                      ;*invokevirtual isEnabled {reexecute=0 rethrow=0 return_oop=0}
                      ; - java.lang.invoke.MethodHandles$Lookup$ClassDefiner::defineClass@105
                      ;   {runtime_call throw_null_pointer_exception Runtime1 stub}
  0x0000017e06376b28: d903 07e8 

  0x0000017e06376b2c: ; ImmutableOopMap {rdx=Oop rax=Oop rsi=Oop [152]=Oop }
                      ;*invokevirtual isEnabled {reexecute=0 rethrow=0 return_oop=0}
                      ; - java.lang.invoke.MethodHandles$Lookup$ClassDefiner::defineClass@162
  0x0000017e06376b2c: 50d9 0307 

  0x0000017e06376b30: ;   {internal_word}
  0x0000017e06376b30: 49ba 6568 | 3706 7e01 | 0000 4d89 | 9768 0400 

  0x0000017e06376b40: ;   {runtime_call SafepointBlob}
  0x0000017e06376b40: 00e9 3ae9 

  0x0000017e06376b44: ;   {internal_word}
  0x0000017e06376b44: ff06 49ba | bc68 3706 | 7e01 0000 | 4d89 9768 

  0x0000017e06376b54: ;   {runtime_call SafepointBlob}
  0x0000017e06376b54: 0400 00e9 | 24e9 ff06 | 498b 8700 | 0500 0049 | c787 0005 | 0000 0000 | 0000 49c7 | 8708 0500 
  0x0000017e06376b74: 0000 0000 | 0048 81c4 | e000 0000 

  0x0000017e06376b80: ;   {runtime_call unwind_exception Runtime1 stub}
  0x0000017e06376b80: 5de9 fae7 | 0307 f4f4 
[Stub Code]
  0x0000017e06376b88: ;   {no_reloc}
  0x0000017e06376b88: 0f1f 4400 

  0x0000017e06376b8c: ;   {static_stub}
  0x0000017e06376b8c: 0048 bb80 | 9501 1a7e 

  0x0000017e06376b94: ;   {runtime_call I2C/C2I adapters}
  0x0000017e06376b94: 0100 00e9 | 7a40 0007 

  0x0000017e06376b9c: ;   {static_stub}
  0x0000017e06376b9c: 48bb 487b | 461a 7e01 

  0x0000017e06376ba4: ;   {runtime_call I2C/C2I adapters}
  0x0000017e06376ba4: 0000 e9b8 

  0x0000017e06376ba8: ;   {static_stub}
  0x0000017e06376ba8: c8ff 0648 | bb00 0000 | 0000 0000 

  0x0000017e06376bb4: ;   {runtime_call nmethod}
  0x0000017e06376bb4: 00e9 fbff 

  0x0000017e06376bb8: ;   {static_stub}
  0x0000017e06376bb8: ffff 48bb | 0000 0000 | 0000 0000 

  0x0000017e06376bc4: ;   {runtime_call nmethod}
  0x0000017e06376bc4: e9fb ffff 

  0x0000017e06376bc8: ;   {runtime_call handle_exception_from_callee Runtime1 stub}
  0x0000017e06376bc8: ffe8 b2ba 

  0x0000017e06376bcc: ;   {external_word}
  0x0000017e06376bcc: 0307 48b9 | 5063 2b83 | fe7f 0000 | 4883 e4f0 

  0x0000017e06376bdc: ;   {runtime_call}
  0x0000017e06376bdc: 48b8 c0c9 | ed82 fe7f | 0000 ffd0 

  0x0000017e06376be8: ;   {section_word}
  0x0000017e06376be8: f449 bae9 | 6b37 067e | 0100 0041 

  0x0000017e06376bf4: ;   {runtime_call DeoptimizationBlob}
  0x0000017e06376bf4: 52e9 26db | ff06 f4f4 | f4f4 f4f4 
[/MachCode]


---------------  P R O C E S S  ---------------

Threads class SMR info:
_java_thread_list=0x0000017e61308a00, length=25, elements={
0x0000017e02bedf10, 0x0000017e5b0222d0, 0x0000017e5b025b60, 0x0000017e5b029a00,
0x0000017e5b02a460, 0x0000017e5b02aec0, 0x0000017e5b02b920, 0x0000017e5b02d3d0,
0x0000017e5b02de70, 0x0000017e5b293d00, 0x0000017e5b1ffa10, 0x0000017e60d08140,
0x0000017e60300700, 0x0000017e60daea70, 0x0000017e5b3b8250, 0x0000017e5b65a550,
0x0000017e5b5f8990, 0x0000017e5b5fb0f0, 0x0000017e5b5faa60, 0x0000017e5b5f9d40,
0x0000017e5b5fbe10, 0x0000017e5b5f9020, 0x0000017e5b5fa3d0, 0x0000017e5b5fb780,
0x0000017e5b5f96b0
}

Java Threads: ( => current thread )
  0x0000017e02bedf10 JavaThread "main"                              [_thread_blocked, id=12224, stack(0x0000007566200000,0x0000007566300000) (1024K)]
  0x0000017e5b0222d0 JavaThread "Reference Handler"          daemon [_thread_blocked, id=59556, stack(0x0000007566a00000,0x0000007566b00000) (1024K)]
  0x0000017e5b025b60 JavaThread "Finalizer"                  daemon [_thread_blocked, id=64424, stack(0x0000007566b00000,0x0000007566c00000) (1024K)]
  0x0000017e5b029a00 JavaThread "Signal Dispatcher"          daemon [_thread_blocked, id=56636, stack(0x0000007566c00000,0x0000007566d00000) (1024K)]
  0x0000017e5b02a460 JavaThread "Attach Listener"            daemon [_thread_blocked, id=46892, stack(0x0000007566d00000,0x0000007566e00000) (1024K)]
  0x0000017e5b02aec0 JavaThread "Service Thread"             daemon [_thread_blocked, id=5744, stack(0x0000007566e00000,0x0000007566f00000) (1024K)]
  0x0000017e5b02b920 JavaThread "Monitor Deflation Thread"   daemon [_thread_blocked, id=62828, stack(0x0000007566f00000,0x0000007567000000) (1024K)]
  0x0000017e5b02d3d0 JavaThread "C2 CompilerThread0"         daemon [_thread_blocked, id=65232, stack(0x0000007567000000,0x0000007567100000) (1024K)]
  0x0000017e5b02de70 JavaThread "C1 CompilerThread0"         daemon [_thread_blocked, id=56716, stack(0x0000007567100000,0x0000007567200000) (1024K)]
  0x0000017e5b293d00 JavaThread "Common-Cleaner"             daemon [_thread_blocked, id=61704, stack(0x0000007567200000,0x0000007567300000) (1024K)]
  0x0000017e5b1ffa10 JavaThread "Notification Thread"        daemon [_thread_blocked, id=29224, stack(0x0000007567300000,0x0000007567400000) (1024K)]
  0x0000017e60d08140 JavaThread "Daemon health stats"               [_thread_blocked, id=36656, stack(0x0000007567900000,0x0000007567a00000) (1024K)]
  0x0000017e60300700 JavaThread "Incoming local TCP Connector on port 62465"        [_thread_in_native, id=64272, stack(0x0000007567a00000,0x0000007567b00000) (1024K)]
  0x0000017e60daea70 JavaThread "Daemon periodic checks"            [_thread_blocked, id=1368, stack(0x0000007567b00000,0x0000007567c00000) (1024K)]
  0x0000017e5b3b8250 JavaThread "Daemon"                            [_thread_blocked, id=36616, stack(0x0000007567c00000,0x0000007567d00000) (1024K)]
  0x0000017e5b65a550 JavaThread "Handler for socket connection from /127.0.0.1:62465 to /127.0.0.1:62468"        [_thread_in_native, id=35376, stack(0x0000007567d00000,0x0000007567e00000) (1024K)]
  0x0000017e5b5f8990 JavaThread "Cancel handler"                    [_thread_blocked, id=52216, stack(0x0000007567e00000,0x0000007567f00000) (1024K)]
=>0x0000017e5b5fb0f0 JavaThread "Daemon worker"                     [_thread_in_vm, id=56928, stack(0x0000007567f00000,0x0000007568000000) (1024K)]
  0x0000017e5b5faa60 JavaThread "Asynchronous log dispatcher for DefaultDaemonConnection: socket connection from /127.0.0.1:62465 to /127.0.0.1:62468"        [_thread_blocked, id=29780, stack(0x0000007568000000,0x0000007568100000) (1024K)]
  0x0000017e5b5f9d40 JavaThread "Stdin handler"                     [_thread_blocked, id=63560, stack(0x0000007568100000,0x0000007568200000) (1024K)]
  0x0000017e5b5fbe10 JavaThread "Daemon client event forwarder"        [_thread_blocked, id=65512, stack(0x0000007568200000,0x0000007568300000) (1024K)]
  0x0000017e5b5f9020 JavaThread "Cache worker for journal cache (C:\Users\ishas\.gradle\caches\journal-1)"        [_thread_blocked, id=24220, stack(0x0000007568300000,0x0000007568400000) (1024K)]
  0x0000017e5b5fa3d0 JavaThread "File lock request listener"        [_thread_in_native, id=46208, stack(0x0000007568400000,0x0000007568500000) (1024K)]
  0x0000017e5b5fb780 JavaThread "Cache worker for file hash cache (C:\Users\ishas\.gradle\caches\8.14.3\fileHashes)"        [_thread_blocked, id=64796, stack(0x0000007568500000,0x0000007568600000) (1024K)]
  0x0000017e5b5f96b0 JavaThread "File lock release action executor"        [_thread_blocked, id=59792, stack(0x0000007568600000,0x0000007568700000) (1024K)]
Total: 25

Other Threads:
  0x0000017e19dfe9b0 VMThread "VM Thread"                           [id=63624, stack(0x0000007566900000,0x0000007566a00000) (1024K)] _threads_hazard_ptr=0x0000017e61308a00
  0x0000017e19defa90 WatcherThread "VM Periodic Task Thread"        [id=28216, stack(0x0000007566800000,0x0000007566900000) (1024K)]
  0x0000017e02c36af0 WorkerThread "GC Thread#0"                     [id=59272, stack(0x0000007566300000,0x0000007566400000) (1024K)]
  0x0000017e5b334390 WorkerThread "GC Thread#1"                     [id=65216, stack(0x0000007567400000,0x0000007567500000) (1024K)]
  0x0000017e5b3db530 WorkerThread "GC Thread#2"                     [id=61456, stack(0x0000007567500000,0x0000007567600000) (1024K)]
  0x0000017e5b3dadd0 WorkerThread "GC Thread#3"                     [id=56720, stack(0x0000007567600000,0x0000007567700000) (1024K)]
  0x0000017e5b3db180 WorkerThread "GC Thread#4"                     [id=62992, stack(0x0000007567700000,0x0000007567800000) (1024K)]
  0x0000017e5b3dbc90 WorkerThread "GC Thread#5"                     [id=59704, stack(0x0000007567800000,0x0000007567900000) (1024K)]
  0x0000017e02c439f0 ConcurrentGCThread "G1 Main Marker"            [id=2392, stack(0x0000007566400000,0x0000007566500000) (1024K)]
  0x0000017e02c44410 WorkerThread "G1 Conc#0"                       [id=64104, stack(0x0000007566500000,0x0000007566600000) (1024K)]
  0x0000017e19cc0280 ConcurrentGCThread "G1 Refine#0"               [id=28704, stack(0x0000007566600000,0x0000007566700000) (1024K)]
  0x0000017e19cc2bd0 ConcurrentGCThread "G1 Service"                [id=65244, stack(0x0000007566700000,0x0000007566800000) (1024K)]
Total: 12

Threads with active compile tasks:
C2 CompilerThread0  22541 3042       4       java.net.URLClassLoader$1::run (5 bytes)
Total: 1

VM state: synchronizing (normal execution)

VM Mutex/Monitor currently owned by a thread:  ([mutex/lock_event])
[0x00007ffe8356d530] Metaspace_lock - owner thread: 0x0000017e5b5fb0f0
[0x00007ffe8356f5b0] Threads_lock - owner thread: 0x0000017e19dfe9b0

Heap address: 0x00000000a0000000, size: 1536 MB, Compressed Oops mode: 32-bit

CDS archive(s) mapped at: [0x0000017e1a000000-0x0000017e1aba0000-0x0000017e1aba0000), size 12189696, SharedBaseAddress: 0x0000017e1a000000, ArchiveRelocationMode: 1.
Compressed class space mapped at: 0x0000017e1b000000-0x0000017e5b000000, reserved size: 1073741824
Narrow klass base: 0x0000017e1a000000, Narrow klass shift: 0, Narrow klass range: 0x100000000

GC Precious Log:
 CardTable entry size: 512
 Card Set container configuration: InlinePtr #cards 5 size 8 Array Of Cards #cards 12 size 40 Howl #buckets 4 coarsen threshold 1843 Howl Bitmap #cards 512 size 80 coarsen threshold 460 Card regions per heap region 1 cards per card region 2048
 CPUs: 12 total, 12 available
 Memory: 16076M
 Large Page Support: Disabled
 NUMA Support: Disabled
 Compressed Oops: Enabled (32-bit)
 Heap Region Size: 1M
 Heap Min Capacity: 8M
 Heap Initial Capacity: 252M
 Heap Max Capacity: 1536M
 Pre-touch: Disabled
 Parallel Workers: 10
 Concurrent Workers: 3
 Concurrent Refinement Workers: 10
 Periodic GC: Disabled

Heap:
 garbage-first heap   total 258048K, used 93105K [0x00000000a0000000, 0x0000000100000000)
  region size 1024K, 81 young (82944K), 5 survivors (5120K)
 Metaspace       used 18335K, committed 18880K, reserved 1114112K
  class space    used 2644K, committed 2880K, reserved 1048576K

Heap Regions: E=young(eden), S=young(survivor), O=old, HS=humongous(starts), HC=humongous(continues), CS=collection set, F=free, TAMS=top-at-mark-start, PB=parsable bottom
|   0|0x00000000a0000000, 0x00000000a0100000, 0x00000000a0100000|100%|HS|  |TAMS 0x00000000a0000000| PB 0x00000000a0000000| Complete 
|   1|0x00000000a0100000, 0x00000000a0200000, 0x00000000a0200000|100%|HC|  |TAMS 0x00000000a0100000| PB 0x00000000a0100000| Complete 
|   2|0x00000000a0200000, 0x00000000a0300000, 0x00000000a0300000|100%|HC|  |TAMS 0x00000000a0200000| PB 0x00000000a0200000| Complete 
|   3|0x00000000a0300000, 0x00000000a0400000, 0x00000000a0400000|100%| O|  |TAMS 0x00000000a0300000| PB 0x00000000a0300000| Untracked 
|   4|0x00000000a0400000, 0x00000000a0500000, 0x00000000a0500000|100%| O|  |TAMS 0x00000000a0400000| PB 0x00000000a0400000| Untracked 
|   5|0x00000000a0500000, 0x00000000a0600000, 0x00000000a0600000|100%| O|  |TAMS 0x00000000a0500000| PB 0x00000000a0500000| Untracked 
|   6|0x00000000a0600000, 0x00000000a0700000, 0x00000000a0700000|100%|HS|  |TAMS 0x00000000a0600000| PB 0x00000000a0600000| Complete 
|   7|0x00000000a0700000, 0x00000000a0700000, 0x00000000a0800000|  0%| F|  |TAMS 0x00000000a0700000| PB 0x00000000a0700000| Untracked 
|   8|0x00000000a0800000, 0x00000000a0900000, 0x00000000a0900000|100%| O|  |TAMS 0x00000000a0800000| PB 0x00000000a0800000| Untracked 
|   9|0x00000000a0900000, 0x00000000a0a00000, 0x00000000a0a00000|100%| O|  |TAMS 0x00000000a0900000| PB 0x00000000a0900000| Untracked 
|  10|0x00000000a0a00000, 0x00000000a0b00000, 0x00000000a0b00000|100%| O|  |TAMS 0x00000000a0a00000| PB 0x00000000a0a00000| Untracked 
|  11|0x00000000a0b00000, 0x00000000a0c00000, 0x00000000a0c00000|100%| O|  |TAMS 0x00000000a0b00000| PB 0x00000000a0b00000| Untracked 
|  12|0x00000000a0c00000, 0x00000000a0c6eaf0, 0x00000000a0d00000| 43%| O|  |TAMS 0x00000000a0c00000| PB 0x00000000a0c00000| Untracked 
|  13|0x00000000a0d00000, 0x00000000a0d00000, 0x00000000a0e00000|  0%| F|  |TAMS 0x00000000a0d00000| PB 0x00000000a0d00000| Untracked 
|  14|0x00000000a0e00000, 0x00000000a0e00000, 0x00000000a0f00000|  0%| F|  |TAMS 0x00000000a0e00000| PB 0x00000000a0e00000| Untracked 
|  15|0x00000000a0f00000, 0x00000000a0f00000, 0x00000000a1000000|  0%| F|  |TAMS 0x00000000a0f00000| PB 0x00000000a0f00000| Untracked 
|  16|0x00000000a1000000, 0x00000000a1000000, 0x00000000a1100000|  0%| F|  |TAMS 0x00000000a1000000| PB 0x00000000a1000000| Untracked 
|  17|0x00000000a1100000, 0x00000000a1100000, 0x00000000a1200000|  0%| F|  |TAMS 0x00000000a1100000| PB 0x00000000a1100000| Untracked 
|  18|0x00000000a1200000, 0x00000000a1200000, 0x00000000a1300000|  0%| F|  |TAMS 0x00000000a1200000| PB 0x00000000a1200000| Untracked 
|  19|0x00000000a1300000, 0x00000000a1300000, 0x00000000a1400000|  0%| F|  |TAMS 0x00000000a1300000| PB 0x00000000a1300000| Untracked 
|  20|0x00000000a1400000, 0x00000000a1400000, 0x00000000a1500000|  0%| F|  |TAMS 0x00000000a1400000| PB 0x00000000a1400000| Untracked 
|  21|0x00000000a1500000, 0x00000000a1500000, 0x00000000a1600000|  0%| F|  |TAMS 0x00000000a1500000| PB 0x00000000a1500000| Untracked 
|  22|0x00000000a1600000, 0x00000000a1600000, 0x00000000a1700000|  0%| F|  |TAMS 0x00000000a1600000| PB 0x00000000a1600000| Untracked 
|  23|0x00000000a1700000, 0x00000000a1700000, 0x00000000a1800000|  0%| F|  |TAMS 0x00000000a1700000| PB 0x00000000a1700000| Untracked 
|  24|0x00000000a1800000, 0x00000000a1800000, 0x00000000a1900000|  0%| F|  |TAMS 0x00000000a1800000| PB 0x00000000a1800000| Untracked 
|  25|0x00000000a1900000, 0x00000000a1900000, 0x00000000a1a00000|  0%| F|  |TAMS 0x00000000a1900000| PB 0x00000000a1900000| Untracked 
|  26|0x00000000a1a00000, 0x00000000a1a00000, 0x00000000a1b00000|  0%| F|  |TAMS 0x00000000a1a00000| PB 0x00000000a1a00000| Untracked 
|  27|0x00000000a1b00000, 0x00000000a1b00000, 0x00000000a1c00000|  0%| F|  |TAMS 0x00000000a1b00000| PB 0x00000000a1b00000| Untracked 
|  28|0x00000000a1c00000, 0x00000000a1c00000, 0x00000000a1d00000|  0%| F|  |TAMS 0x00000000a1c00000| PB 0x00000000a1c00000| Untracked 
|  29|0x00000000a1d00000, 0x00000000a1d00000, 0x00000000a1e00000|  0%| F|  |TAMS 0x00000000a1d00000| PB 0x00000000a1d00000| Untracked 
|  30|0x00000000a1e00000, 0x00000000a1e00000, 0x00000000a1f00000|  0%| F|  |TAMS 0x00000000a1e00000| PB 0x00000000a1e00000| Untracked 
|  31|0x00000000a1f00000, 0x00000000a1f00000, 0x00000000a2000000|  0%| F|  |TAMS 0x00000000a1f00000| PB 0x00000000a1f00000| Untracked 
|  32|0x00000000a2000000, 0x00000000a2000000, 0x00000000a2100000|  0%| F|  |TAMS 0x00000000a2000000| PB 0x00000000a2000000| Untracked 
|  33|0x00000000a2100000, 0x00000000a2100000, 0x00000000a2200000|  0%| F|  |TAMS 0x00000000a2100000| PB 0x00000000a2100000| Untracked 
|  34|0x00000000a2200000, 0x00000000a2200000, 0x00000000a2300000|  0%| F|  |TAMS 0x00000000a2200000| PB 0x00000000a2200000| Untracked 
|  35|0x00000000a2300000, 0x00000000a2300000, 0x00000000a2400000|  0%| F|  |TAMS 0x00000000a2300000| PB 0x00000000a2300000| Untracked 
|  36|0x00000000a2400000, 0x00000000a2400000, 0x00000000a2500000|  0%| F|  |TAMS 0x00000000a2400000| PB 0x00000000a2400000| Untracked 
|  37|0x00000000a2500000, 0x00000000a2500000, 0x00000000a2600000|  0%| F|  |TAMS 0x00000000a2500000| PB 0x00000000a2500000| Untracked 
|  38|0x00000000a2600000, 0x00000000a2600000, 0x00000000a2700000|  0%| F|  |TAMS 0x00000000a2600000| PB 0x00000000a2600000| Untracked 
|  39|0x00000000a2700000, 0x00000000a2700000, 0x00000000a2800000|  0%| F|  |TAMS 0x00000000a2700000| PB 0x00000000a2700000| Untracked 
|  40|0x00000000a2800000, 0x00000000a2800000, 0x00000000a2900000|  0%| F|  |TAMS 0x00000000a2800000| PB 0x00000000a2800000| Untracked 
|  41|0x00000000a2900000, 0x00000000a2900000, 0x00000000a2a00000|  0%| F|  |TAMS 0x00000000a2900000| PB 0x00000000a2900000| Untracked 
|  42|0x00000000a2a00000, 0x00000000a2a00000, 0x00000000a2b00000|  0%| F|  |TAMS 0x00000000a2a00000| PB 0x00000000a2a00000| Untracked 
|  43|0x00000000a2b00000, 0x00000000a2b00000, 0x00000000a2c00000|  0%| F|  |TAMS 0x00000000a2b00000| PB 0x00000000a2b00000| Untracked 
|  44|0x00000000a2c00000, 0x00000000a2c00000, 0x00000000a2d00000|  0%| F|  |TAMS 0x00000000a2c00000| PB 0x00000000a2c00000| Untracked 
|  45|0x00000000a2d00000, 0x00000000a2d00000, 0x00000000a2e00000|  0%| F|  |TAMS 0x00000000a2d00000| PB 0x00000000a2d00000| Untracked 
|  46|0x00000000a2e00000, 0x00000000a2e00000, 0x00000000a2f00000|  0%| F|  |TAMS 0x00000000a2e00000| PB 0x00000000a2e00000| Untracked 
|  47|0x00000000a2f00000, 0x00000000a2f00000, 0x00000000a3000000|  0%| F|  |TAMS 0x00000000a2f00000| PB 0x00000000a2f00000| Untracked 
|  48|0x00000000a3000000, 0x00000000a3000000, 0x00000000a3100000|  0%| F|  |TAMS 0x00000000a3000000| PB 0x00000000a3000000| Untracked 
|  49|0x00000000a3100000, 0x00000000a3100000, 0x00000000a3200000|  0%| F|  |TAMS 0x00000000a3100000| PB 0x00000000a3100000| Untracked 
|  50|0x00000000a3200000, 0x00000000a3200000, 0x00000000a3300000|  0%| F|  |TAMS 0x00000000a3200000| PB 0x00000000a3200000| Untracked 
|  51|0x00000000a3300000, 0x00000000a3300000, 0x00000000a3400000|  0%| F|  |TAMS 0x00000000a3300000| PB 0x00000000a3300000| Untracked 
|  52|0x00000000a3400000, 0x00000000a3400000, 0x00000000a3500000|  0%| F|  |TAMS 0x00000000a3400000| PB 0x00000000a3400000| Untracked 
|  53|0x00000000a3500000, 0x00000000a3500000, 0x00000000a3600000|  0%| F|  |TAMS 0x00000000a3500000| PB 0x00000000a3500000| Untracked 
|  54|0x00000000a3600000, 0x00000000a3600000, 0x00000000a3700000|  0%| F|  |TAMS 0x00000000a3600000| PB 0x00000000a3600000| Untracked 
|  55|0x00000000a3700000, 0x00000000a3700000, 0x00000000a3800000|  0%| F|  |TAMS 0x00000000a3700000| PB 0x00000000a3700000| Untracked 
|  56|0x00000000a3800000, 0x00000000a3800000, 0x00000000a3900000|  0%| F|  |TAMS 0x00000000a3800000| PB 0x00000000a3800000| Untracked 
|  57|0x00000000a3900000, 0x00000000a3900000, 0x00000000a3a00000|  0%| F|  |TAMS 0x00000000a3900000| PB 0x00000000a3900000| Untracked 
|  58|0x00000000a3a00000, 0x00000000a3a00000, 0x00000000a3b00000|  0%| F|  |TAMS 0x00000000a3a00000| PB 0x00000000a3a00000| Untracked 
|  59|0x00000000a3b00000, 0x00000000a3b00000, 0x00000000a3c00000|  0%| F|  |TAMS 0x00000000a3b00000| PB 0x00000000a3b00000| Untracked 
|  60|0x00000000a3c00000, 0x00000000a3c00000, 0x00000000a3d00000|  0%| F|  |TAMS 0x00000000a3c00000| PB 0x00000000a3c00000| Untracked 
|  61|0x00000000a3d00000, 0x00000000a3d00000, 0x00000000a3e00000|  0%| F|  |TAMS 0x00000000a3d00000| PB 0x00000000a3d00000| Untracked 
|  62|0x00000000a3e00000, 0x00000000a3e00000, 0x00000000a3f00000|  0%| F|  |TAMS 0x00000000a3e00000| PB 0x00000000a3e00000| Untracked 
|  63|0x00000000a3f00000, 0x00000000a3f00000, 0x00000000a4000000|  0%| F|  |TAMS 0x00000000a3f00000| PB 0x00000000a3f00000| Untracked 
|  64|0x00000000a4000000, 0x00000000a4000000, 0x00000000a4100000|  0%| F|  |TAMS 0x00000000a4000000| PB 0x00000000a4000000| Untracked 
|  65|0x00000000a4100000, 0x00000000a4100000, 0x00000000a4200000|  0%| F|  |TAMS 0x00000000a4100000| PB 0x00000000a4100000| Untracked 
|  66|0x00000000a4200000, 0x00000000a4200000, 0x00000000a4300000|  0%| F|  |TAMS 0x00000000a4200000| PB 0x00000000a4200000| Untracked 
|  67|0x00000000a4300000, 0x00000000a4300000, 0x00000000a4400000|  0%| F|  |TAMS 0x00000000a4300000| PB 0x00000000a4300000| Untracked 
|  68|0x00000000a4400000, 0x00000000a4400000, 0x00000000a4500000|  0%| F|  |TAMS 0x00000000a4400000| PB 0x00000000a4400000| Untracked 
|  69|0x00000000a4500000, 0x00000000a4500000, 0x00000000a4600000|  0%| F|  |TAMS 0x00000000a4500000| PB 0x00000000a4500000| Untracked 
|  70|0x00000000a4600000, 0x00000000a4600000, 0x00000000a4700000|  0%| F|  |TAMS 0x00000000a4600000| PB 0x00000000a4600000| Untracked 
|  71|0x00000000a4700000, 0x00000000a4700000, 0x00000000a4800000|  0%| F|  |TAMS 0x00000000a4700000| PB 0x00000000a4700000| Untracked 
|  72|0x00000000a4800000, 0x00000000a4800000, 0x00000000a4900000|  0%| F|  |TAMS 0x00000000a4800000| PB 0x00000000a4800000| Untracked 
|  73|0x00000000a4900000, 0x00000000a4900000, 0x00000000a4a00000|  0%| F|  |TAMS 0x00000000a4900000| PB 0x00000000a4900000| Untracked 
|  74|0x00000000a4a00000, 0x00000000a4a00000, 0x00000000a4b00000|  0%| F|  |TAMS 0x00000000a4a00000| PB 0x00000000a4a00000| Untracked 
|  75|0x00000000a4b00000, 0x00000000a4b00000, 0x00000000a4c00000|  0%| F|  |TAMS 0x00000000a4b00000| PB 0x00000000a4b00000| Untracked 
|  76|0x00000000a4c00000, 0x00000000a4c00000, 0x00000000a4d00000|  0%| F|  |TAMS 0x00000000a4c00000| PB 0x00000000a4c00000| Untracked 
|  77|0x00000000a4d00000, 0x00000000a4d00000, 0x00000000a4e00000|  0%| F|  |TAMS 0x00000000a4d00000| PB 0x00000000a4d00000| Untracked 
|  78|0x00000000a4e00000, 0x00000000a4e00000, 0x00000000a4f00000|  0%| F|  |TAMS 0x00000000a4e00000| PB 0x00000000a4e00000| Untracked 
|  79|0x00000000a4f00000, 0x00000000a4f00000, 0x00000000a5000000|  0%| F|  |TAMS 0x00000000a4f00000| PB 0x00000000a4f00000| Untracked 
|  80|0x00000000a5000000, 0x00000000a5000000, 0x00000000a5100000|  0%| F|  |TAMS 0x00000000a5000000| PB 0x00000000a5000000| Untracked 
|  81|0x00000000a5100000, 0x00000000a5100000, 0x00000000a5200000|  0%| F|  |TAMS 0x00000000a5100000| PB 0x00000000a5100000| Untracked 
|  82|0x00000000a5200000, 0x00000000a5200000, 0x00000000a5300000|  0%| F|  |TAMS 0x00000000a5200000| PB 0x00000000a5200000| Untracked 
|  83|0x00000000a5300000, 0x00000000a5300000, 0x00000000a5400000|  0%| F|  |TAMS 0x00000000a5300000| PB 0x00000000a5300000| Untracked 
|  84|0x00000000a5400000, 0x00000000a5400000, 0x00000000a5500000|  0%| F|  |TAMS 0x00000000a5400000| PB 0x00000000a5400000| Untracked 
|  85|0x00000000a5500000, 0x00000000a5500000, 0x00000000a5600000|  0%| F|  |TAMS 0x00000000a5500000| PB 0x00000000a5500000| Untracked 
|  86|0x00000000a5600000, 0x00000000a5600000, 0x00000000a5700000|  0%| F|  |TAMS 0x00000000a5600000| PB 0x00000000a5600000| Untracked 
|  87|0x00000000a5700000, 0x00000000a5700000, 0x00000000a5800000|  0%| F|  |TAMS 0x00000000a5700000| PB 0x00000000a5700000| Untracked 
|  88|0x00000000a5800000, 0x00000000a5800000, 0x00000000a5900000|  0%| F|  |TAMS 0x00000000a5800000| PB 0x00000000a5800000| Untracked 
|  89|0x00000000a5900000, 0x00000000a5900000, 0x00000000a5a00000|  0%| F|  |TAMS 0x00000000a5900000| PB 0x00000000a5900000| Untracked 
|  90|0x00000000a5a00000, 0x00000000a5a00000, 0x00000000a5b00000|  0%| F|  |TAMS 0x00000000a5a00000| PB 0x00000000a5a00000| Untracked 
|  91|0x00000000a5b00000, 0x00000000a5b00000, 0x00000000a5c00000|  0%| F|  |TAMS 0x00000000a5b00000| PB 0x00000000a5b00000| Untracked 
|  92|0x00000000a5c00000, 0x00000000a5c00000, 0x00000000a5d00000|  0%| F|  |TAMS 0x00000000a5c00000| PB 0x00000000a5c00000| Untracked 
|  93|0x00000000a5d00000, 0x00000000a5d00000, 0x00000000a5e00000|  0%| F|  |TAMS 0x00000000a5d00000| PB 0x00000000a5d00000| Untracked 
|  94|0x00000000a5e00000, 0x00000000a5e00000, 0x00000000a5f00000|  0%| F|  |TAMS 0x00000000a5e00000| PB 0x00000000a5e00000| Untracked 
|  95|0x00000000a5f00000, 0x00000000a5f00000, 0x00000000a6000000|  0%| F|  |TAMS 0x00000000a5f00000| PB 0x00000000a5f00000| Untracked 
|  96|0x00000000a6000000, 0x00000000a6000000, 0x00000000a6100000|  0%| F|  |TAMS 0x00000000a6000000| PB 0x00000000a6000000| Untracked 
|  97|0x00000000a6100000, 0x00000000a6100000, 0x00000000a6200000|  0%| F|  |TAMS 0x00000000a6100000| PB 0x00000000a6100000| Untracked 
|  98|0x00000000a6200000, 0x00000000a6200000, 0x00000000a6300000|  0%| F|  |TAMS 0x00000000a6200000| PB 0x00000000a6200000| Untracked 
|  99|0x00000000a6300000, 0x00000000a6300000, 0x00000000a6400000|  0%| F|  |TAMS 0x00000000a6300000| PB 0x00000000a6300000| Untracked 
| 100|0x00000000a6400000, 0x00000000a6400000, 0x00000000a6500000|  0%| F|  |TAMS 0x00000000a6400000| PB 0x00000000a6400000| Untracked 
| 101|0x00000000a6500000, 0x00000000a6500000, 0x00000000a6600000|  0%| F|  |TAMS 0x00000000a6500000| PB 0x00000000a6500000| Untracked 
| 102|0x00000000a6600000, 0x00000000a6600000, 0x00000000a6700000|  0%| F|  |TAMS 0x00000000a6600000| PB 0x00000000a6600000| Untracked 
| 103|0x00000000a6700000, 0x00000000a6700000, 0x00000000a6800000|  0%| F|  |TAMS 0x00000000a6700000| PB 0x00000000a6700000| Untracked 
| 104|0x00000000a6800000, 0x00000000a6800000, 0x00000000a6900000|  0%| F|  |TAMS 0x00000000a6800000| PB 0x00000000a6800000| Untracked 
| 105|0x00000000a6900000, 0x00000000a6900000, 0x00000000a6a00000|  0%| F|  |TAMS 0x00000000a6900000| PB 0x00000000a6900000| Untracked 
| 106|0x00000000a6a00000, 0x00000000a6a00000, 0x00000000a6b00000|  0%| F|  |TAMS 0x00000000a6a00000| PB 0x00000000a6a00000| Untracked 
| 107|0x00000000a6b00000, 0x00000000a6b00000, 0x00000000a6c00000|  0%| F|  |TAMS 0x00000000a6b00000| PB 0x00000000a6b00000| Untracked 
| 108|0x00000000a6c00000, 0x00000000a6c00000, 0x00000000a6d00000|  0%| F|  |TAMS 0x00000000a6c00000| PB 0x00000000a6c00000| Untracked 
| 109|0x00000000a6d00000, 0x00000000a6d00000, 0x00000000a6e00000|  0%| F|  |TAMS 0x00000000a6d00000| PB 0x00000000a6d00000| Untracked 
| 110|0x00000000a6e00000, 0x00000000a6e00000, 0x00000000a6f00000|  0%| F|  |TAMS 0x00000000a6e00000| PB 0x00000000a6e00000| Untracked 
| 111|0x00000000a6f00000, 0x00000000a6f00000, 0x00000000a7000000|  0%| F|  |TAMS 0x00000000a6f00000| PB 0x00000000a6f00000| Untracked 
| 112|0x00000000a7000000, 0x00000000a7000000, 0x00000000a7100000|  0%| F|  |TAMS 0x00000000a7000000| PB 0x00000000a7000000| Untracked 
| 113|0x00000000a7100000, 0x00000000a7100000, 0x00000000a7200000|  0%| F|  |TAMS 0x00000000a7100000| PB 0x00000000a7100000| Untracked 
| 114|0x00000000a7200000, 0x00000000a7200000, 0x00000000a7300000|  0%| F|  |TAMS 0x00000000a7200000| PB 0x00000000a7200000| Untracked 
| 115|0x00000000a7300000, 0x00000000a7300000, 0x00000000a7400000|  0%| F|  |TAMS 0x00000000a7300000| PB 0x00000000a7300000| Untracked 
| 116|0x00000000a7400000, 0x00000000a7400000, 0x00000000a7500000|  0%| F|  |TAMS 0x00000000a7400000| PB 0x00000000a7400000| Untracked 
| 117|0x00000000a7500000, 0x00000000a7500000, 0x00000000a7600000|  0%| F|  |TAMS 0x00000000a7500000| PB 0x00000000a7500000| Untracked 
| 118|0x00000000a7600000, 0x00000000a7600000, 0x00000000a7700000|  0%| F|  |TAMS 0x00000000a7600000| PB 0x00000000a7600000| Untracked 
| 119|0x00000000a7700000, 0x00000000a7700000, 0x00000000a7800000|  0%| F|  |TAMS 0x00000000a7700000| PB 0x00000000a7700000| Untracked 
| 120|0x00000000a7800000, 0x00000000a7800000, 0x00000000a7900000|  0%| F|  |TAMS 0x00000000a7800000| PB 0x00000000a7800000| Untracked 
| 121|0x00000000a7900000, 0x00000000a7900000, 0x00000000a7a00000|  0%| F|  |TAMS 0x00000000a7900000| PB 0x00000000a7900000| Untracked 
| 122|0x00000000a7a00000, 0x00000000a7a00000, 0x00000000a7b00000|  0%| F|  |TAMS 0x00000000a7a00000| PB 0x00000000a7a00000| Untracked 
| 123|0x00000000a7b00000, 0x00000000a7b00000, 0x00000000a7c00000|  0%| F|  |TAMS 0x00000000a7b00000| PB 0x00000000a7b00000| Untracked 
| 124|0x00000000a7c00000, 0x00000000a7c00000, 0x00000000a7d00000|  0%| F|  |TAMS 0x00000000a7c00000| PB 0x00000000a7c00000| Untracked 
| 125|0x00000000a7d00000, 0x00000000a7d00000, 0x00000000a7e00000|  0%| F|  |TAMS 0x00000000a7d00000| PB 0x00000000a7d00000| Untracked 
| 126|0x00000000a7e00000, 0x00000000a7e00000, 0x00000000a7f00000|  0%| F|  |TAMS 0x00000000a7e00000| PB 0x00000000a7e00000| Untracked 
| 127|0x00000000a7f00000, 0x00000000a7f00000, 0x00000000a8000000|  0%| F|  |TAMS 0x00000000a7f00000| PB 0x00000000a7f00000| Untracked 
| 128|0x00000000a8000000, 0x00000000a8000000, 0x00000000a8100000|  0%| F|  |TAMS 0x00000000a8000000| PB 0x00000000a8000000| Untracked 
| 129|0x00000000a8100000, 0x00000000a8100000, 0x00000000a8200000|  0%| F|  |TAMS 0x00000000a8100000| PB 0x00000000a8100000| Untracked 
| 130|0x00000000a8200000, 0x00000000a8200000, 0x00000000a8300000|  0%| F|  |TAMS 0x00000000a8200000| PB 0x00000000a8200000| Untracked 
| 131|0x00000000a8300000, 0x00000000a8300000, 0x00000000a8400000|  0%| F|  |TAMS 0x00000000a8300000| PB 0x00000000a8300000| Untracked 
| 132|0x00000000a8400000, 0x00000000a8400000, 0x00000000a8500000|  0%| F|  |TAMS 0x00000000a8400000| PB 0x00000000a8400000| Untracked 
| 133|0x00000000a8500000, 0x00000000a8500000, 0x00000000a8600000|  0%| F|  |TAMS 0x00000000a8500000| PB 0x00000000a8500000| Untracked 
| 134|0x00000000a8600000, 0x00000000a8600000, 0x00000000a8700000|  0%| F|  |TAMS 0x00000000a8600000| PB 0x00000000a8600000| Untracked 
| 135|0x00000000a8700000, 0x00000000a8700000, 0x00000000a8800000|  0%| F|  |TAMS 0x00000000a8700000| PB 0x00000000a8700000| Untracked 
| 136|0x00000000a8800000, 0x00000000a8800000, 0x00000000a8900000|  0%| F|  |TAMS 0x00000000a8800000| PB 0x00000000a8800000| Untracked 
| 137|0x00000000a8900000, 0x00000000a8900000, 0x00000000a8a00000|  0%| F|  |TAMS 0x00000000a8900000| PB 0x00000000a8900000| Untracked 
| 138|0x00000000a8a00000, 0x00000000a8a00000, 0x00000000a8b00000|  0%| F|  |TAMS 0x00000000a8a00000| PB 0x00000000a8a00000| Untracked 
| 139|0x00000000a8b00000, 0x00000000a8b00000, 0x00000000a8c00000|  0%| F|  |TAMS 0x00000000a8b00000| PB 0x00000000a8b00000| Untracked 
| 140|0x00000000a8c00000, 0x00000000a8c00000, 0x00000000a8d00000|  0%| F|  |TAMS 0x00000000a8c00000| PB 0x00000000a8c00000| Untracked 
| 141|0x00000000a8d00000, 0x00000000a8d00000, 0x00000000a8e00000|  0%| F|  |TAMS 0x00000000a8d00000| PB 0x00000000a8d00000| Untracked 
| 142|0x00000000a8e00000, 0x00000000a8e00000, 0x00000000a8f00000|  0%| F|  |TAMS 0x00000000a8e00000| PB 0x00000000a8e00000| Untracked 
| 143|0x00000000a8f00000, 0x00000000a8f00000, 0x00000000a9000000|  0%| F|  |TAMS 0x00000000a8f00000| PB 0x00000000a8f00000| Untracked 
| 144|0x00000000a9000000, 0x00000000a9000000, 0x00000000a9100000|  0%| F|  |TAMS 0x00000000a9000000| PB 0x00000000a9000000| Untracked 
| 145|0x00000000a9100000, 0x00000000a9100000, 0x00000000a9200000|  0%| F|  |TAMS 0x00000000a9100000| PB 0x00000000a9100000| Untracked 
| 146|0x00000000a9200000, 0x00000000a9200000, 0x00000000a9300000|  0%| F|  |TAMS 0x00000000a9200000| PB 0x00000000a9200000| Untracked 
| 147|0x00000000a9300000, 0x00000000a9300000, 0x00000000a9400000|  0%| F|  |TAMS 0x00000000a9300000| PB 0x00000000a9300000| Untracked 
| 148|0x00000000a9400000, 0x00000000a9400000, 0x00000000a9500000|  0%| F|  |TAMS 0x00000000a9400000| PB 0x00000000a9400000| Untracked 
| 149|0x00000000a9500000, 0x00000000a9500000, 0x00000000a9600000|  0%| F|  |TAMS 0x00000000a9500000| PB 0x00000000a9500000| Untracked 
| 150|0x00000000a9600000, 0x00000000a9600000, 0x00000000a9700000|  0%| F|  |TAMS 0x00000000a9600000| PB 0x00000000a9600000| Untracked 
| 151|0x00000000a9700000, 0x00000000a9700000, 0x00000000a9800000|  0%| F|  |TAMS 0x00000000a9700000| PB 0x00000000a9700000| Untracked 
| 152|0x00000000a9800000, 0x00000000a9800000, 0x00000000a9900000|  0%| F|  |TAMS 0x00000000a9800000| PB 0x00000000a9800000| Untracked 
| 153|0x00000000a9900000, 0x00000000a9900000, 0x00000000a9a00000|  0%| F|  |TAMS 0x00000000a9900000| PB 0x00000000a9900000| Untracked 
| 154|0x00000000a9a00000, 0x00000000a9a00000, 0x00000000a9b00000|  0%| F|  |TAMS 0x00000000a9a00000| PB 0x00000000a9a00000| Untracked 
| 155|0x00000000a9b00000, 0x00000000a9b00000, 0x00000000a9c00000|  0%| F|  |TAMS 0x00000000a9b00000| PB 0x00000000a9b00000| Untracked 
| 156|0x00000000a9c00000, 0x00000000a9c00000, 0x00000000a9d00000|  0%| F|  |TAMS 0x00000000a9c00000| PB 0x00000000a9c00000| Untracked 
| 157|0x00000000a9d00000, 0x00000000a9d00000, 0x00000000a9e00000|  0%| F|  |TAMS 0x00000000a9d00000| PB 0x00000000a9d00000| Untracked 
| 158|0x00000000a9e00000, 0x00000000a9e00000, 0x00000000a9f00000|  0%| F|  |TAMS 0x00000000a9e00000| PB 0x00000000a9e00000| Untracked 
| 159|0x00000000a9f00000, 0x00000000a9f00000, 0x00000000aa000000|  0%| F|  |TAMS 0x00000000a9f00000| PB 0x00000000a9f00000| Untracked 
| 160|0x00000000aa000000, 0x00000000aa000000, 0x00000000aa100000|  0%| F|  |TAMS 0x00000000aa000000| PB 0x00000000aa000000| Untracked 
| 161|0x00000000aa100000, 0x00000000aa100000, 0x00000000aa200000|  0%| F|  |TAMS 0x00000000aa100000| PB 0x00000000aa100000| Untracked 
| 162|0x00000000aa200000, 0x00000000aa200000, 0x00000000aa300000|  0%| F|  |TAMS 0x00000000aa200000| PB 0x00000000aa200000| Untracked 
| 163|0x00000000aa300000, 0x00000000aa300000, 0x00000000aa400000|  0%| F|  |TAMS 0x00000000aa300000| PB 0x00000000aa300000| Untracked 
| 164|0x00000000aa400000, 0x00000000aa400000, 0x00000000aa500000|  0%| F|  |TAMS 0x00000000aa400000| PB 0x00000000aa400000| Untracked 
| 165|0x00000000aa500000, 0x00000000aa500000, 0x00000000aa600000|  0%| F|  |TAMS 0x00000000aa500000| PB 0x00000000aa500000| Untracked 
| 166|0x00000000aa600000, 0x00000000aa600000, 0x00000000aa700000|  0%| F|  |TAMS 0x00000000aa600000| PB 0x00000000aa600000| Untracked 
| 167|0x00000000aa700000, 0x00000000aa700000, 0x00000000aa800000|  0%| F|  |TAMS 0x00000000aa700000| PB 0x00000000aa700000| Untracked 
| 168|0x00000000aa800000, 0x00000000aa800000, 0x00000000aa900000|  0%| F|  |TAMS 0x00000000aa800000| PB 0x00000000aa800000| Untracked 
| 169|0x00000000aa900000, 0x00000000aa900000, 0x00000000aaa00000|  0%| F|  |TAMS 0x00000000aa900000| PB 0x00000000aa900000| Untracked 
| 170|0x00000000aaa00000, 0x00000000aaa00000, 0x00000000aab00000|  0%| F|  |TAMS 0x00000000aaa00000| PB 0x00000000aaa00000| Untracked 
| 171|0x00000000aab00000, 0x00000000aac00000, 0x00000000aac00000|100%| E|  |TAMS 0x00000000aab00000| PB 0x00000000aab00000| Complete 
| 172|0x00000000aac00000, 0x00000000aad00000, 0x00000000aad00000|100%| E|CS|TAMS 0x00000000aac00000| PB 0x00000000aac00000| Complete 
| 173|0x00000000aad00000, 0x00000000aae00000, 0x00000000aae00000|100%| E|CS|TAMS 0x00000000aad00000| PB 0x00000000aad00000| Complete 
| 174|0x00000000aae00000, 0x00000000aaf00000, 0x00000000aaf00000|100%| E|CS|TAMS 0x00000000aae00000| PB 0x00000000aae00000| Complete 
| 175|0x00000000aaf00000, 0x00000000ab000000, 0x00000000ab000000|100%| E|CS|TAMS 0x00000000aaf00000| PB 0x00000000aaf00000| Complete 
| 176|0x00000000ab000000, 0x00000000ab100000, 0x00000000ab100000|100%| E|CS|TAMS 0x00000000ab000000| PB 0x00000000ab000000| Complete 
| 177|0x00000000ab100000, 0x00000000ab200000, 0x00000000ab200000|100%| E|CS|TAMS 0x00000000ab100000| PB 0x00000000ab100000| Complete 
| 178|0x00000000ab200000, 0x00000000ab300000, 0x00000000ab300000|100%| E|CS|TAMS 0x00000000ab200000| PB 0x00000000ab200000| Complete 
| 179|0x00000000ab300000, 0x00000000ab400000, 0x00000000ab400000|100%| E|CS|TAMS 0x00000000ab300000| PB 0x00000000ab300000| Complete 
| 180|0x00000000ab400000, 0x00000000ab500000, 0x00000000ab500000|100%| E|CS|TAMS 0x00000000ab400000| PB 0x00000000ab400000| Complete 
| 181|0x00000000ab500000, 0x00000000ab600000, 0x00000000ab600000|100%| E|CS|TAMS 0x00000000ab500000| PB 0x00000000ab500000| Complete 
| 182|0x00000000ab600000, 0x00000000ab700000, 0x00000000ab700000|100%| E|CS|TAMS 0x00000000ab600000| PB 0x00000000ab600000| Complete 
| 183|0x00000000ab700000, 0x00000000ab800000, 0x00000000ab800000|100%| E|CS|TAMS 0x00000000ab700000| PB 0x00000000ab700000| Complete 
| 184|0x00000000ab800000, 0x00000000ab900000, 0x00000000ab900000|100%| E|CS|TAMS 0x00000000ab800000| PB 0x00000000ab800000| Complete 
| 185|0x00000000ab900000, 0x00000000aba00000, 0x00000000aba00000|100%| E|CS|TAMS 0x00000000ab900000| PB 0x00000000ab900000| Complete 
| 186|0x00000000aba00000, 0x00000000abb00000, 0x00000000abb00000|100%| E|CS|TAMS 0x00000000aba00000| PB 0x00000000aba00000| Complete 
| 187|0x00000000abb00000, 0x00000000abc00000, 0x00000000abc00000|100%| E|CS|TAMS 0x00000000abb00000| PB 0x00000000abb00000| Complete 
| 188|0x00000000abc00000, 0x00000000abd00000, 0x00000000abd00000|100%| E|CS|TAMS 0x00000000abc00000| PB 0x00000000abc00000| Complete 
| 189|0x00000000abd00000, 0x00000000abe00000, 0x00000000abe00000|100%| E|CS|TAMS 0x00000000abd00000| PB 0x00000000abd00000| Complete 
| 190|0x00000000abe00000, 0x00000000abf00000, 0x00000000abf00000|100%| E|CS|TAMS 0x00000000abe00000| PB 0x00000000abe00000| Complete 
| 191|0x00000000abf00000, 0x00000000ac000000, 0x00000000ac000000|100%| E|CS|TAMS 0x00000000abf00000| PB 0x00000000abf00000| Complete 
| 192|0x00000000ac000000, 0x00000000ac100000, 0x00000000ac100000|100%| E|CS|TAMS 0x00000000ac000000| PB 0x00000000ac000000| Complete 
| 193|0x00000000ac100000, 0x00000000ac200000, 0x00000000ac200000|100%| E|CS|TAMS 0x00000000ac100000| PB 0x00000000ac100000| Complete 
| 194|0x00000000ac200000, 0x00000000ac300000, 0x00000000ac300000|100%| E|CS|TAMS 0x00000000ac200000| PB 0x00000000ac200000| Complete 
| 195|0x00000000ac300000, 0x00000000ac37dc80, 0x00000000ac400000| 49%| S|CS|TAMS 0x00000000ac300000| PB 0x00000000ac300000| Complete 
| 196|0x00000000ac400000, 0x00000000ac500000, 0x00000000ac500000|100%| S|CS|TAMS 0x00000000ac400000| PB 0x00000000ac400000| Complete 
| 197|0x00000000ac500000, 0x00000000ac600000, 0x00000000ac600000|100%| S|CS|TAMS 0x00000000ac500000| PB 0x00000000ac500000| Complete 
| 198|0x00000000ac600000, 0x00000000ac700000, 0x00000000ac700000|100%| S|CS|TAMS 0x00000000ac600000| PB 0x00000000ac600000| Complete 
| 199|0x00000000ac700000, 0x00000000ac800000, 0x00000000ac800000|100%| S|CS|TAMS 0x00000000ac700000| PB 0x00000000ac700000| Complete 
| 200|0x00000000ac800000, 0x00000000ac900000, 0x00000000ac900000|100%| E|CS|TAMS 0x00000000ac800000| PB 0x00000000ac800000| Complete 
| 201|0x00000000ac900000, 0x00000000aca00000, 0x00000000aca00000|100%| E|CS|TAMS 0x00000000ac900000| PB 0x00000000ac900000| Complete 
| 202|0x00000000aca00000, 0x00000000acb00000, 0x00000000acb00000|100%| E|CS|TAMS 0x00000000aca00000| PB 0x00000000aca00000| Complete 
| 203|0x00000000acb00000, 0x00000000acc00000, 0x00000000acc00000|100%| E|CS|TAMS 0x00000000acb00000| PB 0x00000000acb00000| Complete 
| 204|0x00000000acc00000, 0x00000000acd00000, 0x00000000acd00000|100%| E|CS|TAMS 0x00000000acc00000| PB 0x00000000acc00000| Complete 
| 205|0x00000000acd00000, 0x00000000ace00000, 0x00000000ace00000|100%| E|CS|TAMS 0x00000000acd00000| PB 0x00000000acd00000| Complete 
| 206|0x00000000ace00000, 0x00000000acf00000, 0x00000000acf00000|100%| E|CS|TAMS 0x00000000ace00000| PB 0x00000000ace00000| Complete 
| 207|0x00000000acf00000, 0x00000000ad000000, 0x00000000ad000000|100%| E|CS|TAMS 0x00000000acf00000| PB 0x00000000acf00000| Complete 
| 208|0x00000000ad000000, 0x00000000ad100000, 0x00000000ad100000|100%| E|CS|TAMS 0x00000000ad000000| PB 0x00000000ad000000| Complete 
| 209|0x00000000ad100000, 0x00000000ad200000, 0x00000000ad200000|100%| E|CS|TAMS 0x00000000ad100000| PB 0x00000000ad100000| Complete 
| 210|0x00000000ad200000, 0x00000000ad300000, 0x00000000ad300000|100%| E|CS|TAMS 0x00000000ad200000| PB 0x00000000ad200000| Complete 
| 211|0x00000000ad300000, 0x00000000ad400000, 0x00000000ad400000|100%| E|CS|TAMS 0x00000000ad300000| PB 0x00000000ad300000| Complete 
| 212|0x00000000ad400000, 0x00000000ad500000, 0x00000000ad500000|100%| E|CS|TAMS 0x00000000ad400000| PB 0x00000000ad400000| Complete 
| 213|0x00000000ad500000, 0x00000000ad600000, 0x00000000ad600000|100%| E|CS|TAMS 0x00000000ad500000| PB 0x00000000ad500000| Complete 
| 214|0x00000000ad600000, 0x00000000ad700000, 0x00000000ad700000|100%| E|CS|TAMS 0x00000000ad600000| PB 0x00000000ad600000| Complete 
| 215|0x00000000ad700000, 0x00000000ad800000, 0x00000000ad800000|100%| E|CS|TAMS 0x00000000ad700000| PB 0x00000000ad700000| Complete 
| 216|0x00000000ad800000, 0x00000000ad900000, 0x00000000ad900000|100%| E|CS|TAMS 0x00000000ad800000| PB 0x00000000ad800000| Complete 
| 217|0x00000000ad900000, 0x00000000ada00000, 0x00000000ada00000|100%| E|CS|TAMS 0x00000000ad900000| PB 0x00000000ad900000| Complete 
| 218|0x00000000ada00000, 0x00000000adb00000, 0x00000000adb00000|100%| E|CS|TAMS 0x00000000ada00000| PB 0x00000000ada00000| Complete 
| 219|0x00000000adb00000, 0x00000000adc00000, 0x00000000adc00000|100%| E|CS|TAMS 0x00000000adb00000| PB 0x00000000adb00000| Complete 
| 220|0x00000000adc00000, 0x00000000add00000, 0x00000000add00000|100%| E|CS|TAMS 0x00000000adc00000| PB 0x00000000adc00000| Complete 
| 221|0x00000000add00000, 0x00000000ade00000, 0x00000000ade00000|100%| E|CS|TAMS 0x00000000add00000| PB 0x00000000add00000| Complete 
| 222|0x00000000ade00000, 0x00000000adf00000, 0x00000000adf00000|100%| E|CS|TAMS 0x00000000ade00000| PB 0x00000000ade00000| Complete 
| 223|0x00000000adf00000, 0x00000000ae000000, 0x00000000ae000000|100%| E|CS|TAMS 0x00000000adf00000| PB 0x00000000adf00000| Complete 
| 224|0x00000000ae000000, 0x00000000ae100000, 0x00000000ae100000|100%| E|CS|TAMS 0x00000000ae000000| PB 0x00000000ae000000| Complete 
| 225|0x00000000ae100000, 0x00000000ae200000, 0x00000000ae200000|100%| E|CS|TAMS 0x00000000ae100000| PB 0x00000000ae100000| Complete 
| 226|0x00000000ae200000, 0x00000000ae300000, 0x00000000ae300000|100%| E|CS|TAMS 0x00000000ae200000| PB 0x00000000ae200000| Complete 
| 227|0x00000000ae300000, 0x00000000ae400000, 0x00000000ae400000|100%| E|CS|TAMS 0x00000000ae300000| PB 0x00000000ae300000| Complete 
| 228|0x00000000ae400000, 0x00000000ae500000, 0x00000000ae500000|100%| E|CS|TAMS 0x00000000ae400000| PB 0x00000000ae400000| Complete 
| 229|0x00000000ae500000, 0x00000000ae600000, 0x00000000ae600000|100%| E|CS|TAMS 0x00000000ae500000| PB 0x00000000ae500000| Complete 
| 230|0x00000000ae600000, 0x00000000ae700000, 0x00000000ae700000|100%| E|CS|TAMS 0x00000000ae600000| PB 0x00000000ae600000| Complete 
| 231|0x00000000ae700000, 0x00000000ae800000, 0x00000000ae800000|100%| E|CS|TAMS 0x00000000ae700000| PB 0x00000000ae700000| Complete 
| 232|0x00000000ae800000, 0x00000000ae900000, 0x00000000ae900000|100%| E|CS|TAMS 0x00000000ae800000| PB 0x00000000ae800000| Complete 
| 233|0x00000000ae900000, 0x00000000aea00000, 0x00000000aea00000|100%| E|CS|TAMS 0x00000000ae900000| PB 0x00000000ae900000| Complete 
| 234|0x00000000aea00000, 0x00000000aeb00000, 0x00000000aeb00000|100%| E|CS|TAMS 0x00000000aea00000| PB 0x00000000aea00000| Complete 
| 235|0x00000000aeb00000, 0x00000000aec00000, 0x00000000aec00000|100%| E|CS|TAMS 0x00000000aeb00000| PB 0x00000000aeb00000| Complete 
| 236|0x00000000aec00000, 0x00000000aed00000, 0x00000000aed00000|100%| E|CS|TAMS 0x00000000aec00000| PB 0x00000000aec00000| Complete 
| 237|0x00000000aed00000, 0x00000000aee00000, 0x00000000aee00000|100%| E|CS|TAMS 0x00000000aed00000| PB 0x00000000aed00000| Complete 
| 238|0x00000000aee00000, 0x00000000aef00000, 0x00000000aef00000|100%| E|CS|TAMS 0x00000000aee00000| PB 0x00000000aee00000| Complete 
| 239|0x00000000aef00000, 0x00000000af000000, 0x00000000af000000|100%| E|CS|TAMS 0x00000000aef00000| PB 0x00000000aef00000| Complete 
| 240|0x00000000af000000, 0x00000000af100000, 0x00000000af100000|100%| E|CS|TAMS 0x00000000af000000| PB 0x00000000af000000| Complete 
| 241|0x00000000af100000, 0x00000000af200000, 0x00000000af200000|100%| E|CS|TAMS 0x00000000af100000| PB 0x00000000af100000| Complete 
| 242|0x00000000af200000, 0x00000000af300000, 0x00000000af300000|100%| E|CS|TAMS 0x00000000af200000| PB 0x00000000af200000| Complete 
| 243|0x00000000af300000, 0x00000000af400000, 0x00000000af400000|100%| E|CS|TAMS 0x00000000af300000| PB 0x00000000af300000| Complete 
| 244|0x00000000af400000, 0x00000000af500000, 0x00000000af500000|100%| E|CS|TAMS 0x00000000af400000| PB 0x00000000af400000| Complete 
| 245|0x00000000af500000, 0x00000000af600000, 0x00000000af600000|100%| E|CS|TAMS 0x00000000af500000| PB 0x00000000af500000| Complete 
| 246|0x00000000af600000, 0x00000000af700000, 0x00000000af700000|100%| E|CS|TAMS 0x00000000af600000| PB 0x00000000af600000| Complete 
| 247|0x00000000af700000, 0x00000000af800000, 0x00000000af800000|100%| E|CS|TAMS 0x00000000af700000| PB 0x00000000af700000| Complete 
| 248|0x00000000af800000, 0x00000000af900000, 0x00000000af900000|100%| E|CS|TAMS 0x00000000af800000| PB 0x00000000af800000| Complete 
| 249|0x00000000af900000, 0x00000000afa00000, 0x00000000afa00000|100%| E|CS|TAMS 0x00000000af900000| PB 0x00000000af900000| Complete 
| 250|0x00000000afa00000, 0x00000000afb00000, 0x00000000afb00000|100%| E|CS|TAMS 0x00000000afa00000| PB 0x00000000afa00000| Complete 
| 251|0x00000000afb00000, 0x00000000afc00000, 0x00000000afc00000|100%| E|CS|TAMS 0x00000000afb00000| PB 0x00000000afb00000| Complete 

Card table byte_map: [0x0000017e15650000,0x0000017e15950000] _byte_map_base: 0x0000017e15150000

Marking Bits: (CMBitMap*) 0x0000017e02c37110
 Bits: [0x0000017e15950000, 0x0000017e17150000)

Polling page: 0x0000017e009d0000

Metaspace:

Usage:
  Non-class:     15.32 MB used.
      Class:      2.58 MB used.
       Both:     17.91 MB used.

Virtual space:
  Non-class space:       64.00 MB reserved,      15.62 MB ( 24%) committed,  1 nodes.
      Class space:        1.00 GB reserved,       2.81 MB ( <1%) committed,  1 nodes.
             Both:        1.06 GB reserved,      18.44 MB (  2%) committed. 

Chunk freelists:
   Non-Class:  16.00 MB
       Class:  13.20 MB
        Both:  29.19 MB

MaxMetaspaceSize: unlimited
CompressedClassSpaceSize: 1.00 GB
Initial GC threshold: 21.00 MB
Current GC threshold: 21.00 MB
CDS: on
 - commit_granule_bytes: 65536.
 - commit_granule_words: 8192.
 - virtual_space_node_default_size: 8388608.
 - enlarge_chunks_in_place: 1.
 - use_allocation_guard: 0.


Internal statistics:

num_allocs_failed_limit: 0.
num_arena_births: 770.
num_arena_deaths: 0.
num_vsnodes_births: 2.
num_vsnodes_deaths: 0.
num_space_committed: 295.
num_space_uncommitted: 0.
num_chunks_returned_to_freelist: 0.
num_chunks_taken_from_freelist: 1457.
num_chunk_merges: 0.
num_chunk_splits: 949.
num_chunks_enlarged: 629.
num_inconsistent_stats: 0.

CodeHeap 'non-profiled nmethods': size=120000Kb used=1614Kb max_used=1614Kb free=118385Kb
 bounds [0x0000017e0d8c0000, 0x0000017e0db30000, 0x0000017e14df0000]
CodeHeap 'profiled nmethods': size=120000Kb used=6114Kb max_used=6114Kb free=113885Kb
 bounds [0x0000017e05df0000, 0x0000017e063f0000, 0x0000017e0d320000]
CodeHeap 'non-nmethods': size=5760Kb used=1417Kb max_used=1468Kb free=4342Kb
 bounds [0x0000017e0d320000, 0x0000017e0d590000, 0x0000017e0d8c0000]
CodeCache: size=245760Kb, used=9145Kb, max_used=9196Kb, free=236612Kb
 total_blobs=3671, nmethods=3096, adapters=479, full_count=0
Compilation: enabled, stopped_count=0, restarted_count=0

Compilation events (20 events):
Event: 22.286 Thread 0x0000017e5b02de70 3086       3       java.lang.invoke.InvokerBytecodeGenerator::emitIconstInsn (75 bytes)
Event: 22.287 Thread 0x0000017e5b02de70 nmethod 3086 0x0000017e063ded10 code [0x0000017e063def40, 0x0000017e063df7a8]
Event: 22.292 Thread 0x0000017e5b02de70 3087       3       java.lang.invoke.InvokerBytecodeGenerator::emitConst (333 bytes)
Event: 22.294 Thread 0x0000017e5b02de70 nmethod 3087 0x0000017e063dfa10 code [0x0000017e063dfe40, 0x0000017e063e20e0]
Event: 22.294 Thread 0x0000017e5b02de70 3088       3       sun.invoke.util.Wrapper::findWrapperType (102 bytes)
Event: 22.295 Thread 0x0000017e5b02de70 nmethod 3088 0x0000017e063e2690 code [0x0000017e063e28c0, 0x0000017e063e2df0]
Event: 22.295 Thread 0x0000017e5b02de70 3089       3       org.gradle.internal.service.DefaultServiceRegistry$ParentServices::getService (12 bytes)
Event: 22.295 Thread 0x0000017e5b02de70 nmethod 3089 0x0000017e063e2e90 code [0x0000017e063e3040, 0x0000017e063e3218]
Event: 22.297 Thread 0x0000017e5b02de70 3090       3       java.lang.invoke.LambdaFormBuffer::replaceParameterByCopy (38 bytes)
Event: 22.297 Thread 0x0000017e5b02de70 nmethod 3090 0x0000017e063e3310 code [0x0000017e063e34e0, 0x0000017e063e36c8]
Event: 22.297 Thread 0x0000017e5b02de70 3091       3       java.lang.invoke.LambdaFormBuffer::noteDuplicate (115 bytes)
Event: 22.298 Thread 0x0000017e5b02de70 nmethod 3091 0x0000017e063e3810 code [0x0000017e063e3a20, 0x0000017e063e4200]
Event: 22.315 Thread 0x0000017e5b02de70 3092       3       java.lang.invoke.InvokerBytecodeGenerator::<init> (12 bytes)
Event: 22.315 Thread 0x0000017e5b02de70 nmethod 3092 0x0000017e063e4510 code [0x0000017e063e46c0, 0x0000017e063e4878]
Event: 22.315 Thread 0x0000017e5b02de70 3093       3       java.lang.invoke.InvokerBytecodeGenerator::generateCustomizedCodeBytes (37 bytes)
Event: 22.316 Thread 0x0000017e5b02de70 nmethod 3093 0x0000017e063e4990 code [0x0000017e063e4ba0, 0x0000017e063e4f80]
Event: 22.316 Thread 0x0000017e5b02de70 3094       3       java.lang.invoke.InvokerBytecodeGenerator::loadMethod (39 bytes)
Event: 22.316 Thread 0x0000017e5b02de70 nmethod 3094 0x0000017e063e5190 code [0x0000017e063e5380, 0x0000017e063e5678]
Event: 22.317 Thread 0x0000017e5b02de70 3095       3       java.lang.invoke.MethodType::invokers (27 bytes)
Event: 22.317 Thread 0x0000017e5b02de70 nmethod 3095 0x0000017e063e5810 code [0x0000017e063e59e0, 0x0000017e063e5e18]

GC Heap History (6 events):
Event: 2.567 GC heap before
{Heap before GC invocations=0 (full 0):
 garbage-first heap   total 258048K, used 23552K [0x00000000a0000000, 0x0000000100000000)
  region size 1024K, 23 young (23552K), 0 survivors (0K)
 Metaspace       used 1052K, committed 1152K, reserved 1114112K
  class space    used 81K, committed 128K, reserved 1048576K
}
Event: 2.610 GC heap after
{Heap after GC invocations=1 (full 0):
 garbage-first heap   total 258048K, used 1877K [0x00000000a0000000, 0x0000000100000000)
  region size 1024K, 2 young (2048K), 2 survivors (2048K)
 Metaspace       used 1052K, committed 1152K, reserved 1114112K
  class space    used 81K, committed 128K, reserved 1048576K
}
Event: 6.547 GC heap before
{Heap before GC invocations=1 (full 0):
 garbage-first heap   total 258048K, used 37717K [0x00000000a0000000, 0x0000000100000000)
  region size 1024K, 35 young (35840K), 2 survivors (2048K)
 Metaspace       used 4372K, committed 4544K, reserved 1114112K
  class space    used 557K, committed 640K, reserved 1048576K
}
Event: 6.554 GC heap after
{Heap after GC invocations=2 (full 0):
 garbage-first heap   total 258048K, used 10824K [0x00000000a0000000, 0x0000000100000000)
  region size 1024K, 5 young (5120K), 5 survivors (5120K)
 Metaspace       used 4372K, committed 4544K, reserved 1114112K
  class space    used 557K, committed 640K, reserved 1048576K
}
Event: 9.988 GC heap before
{Heap before GC invocations=2 (full 0):
 garbage-first heap   total 258048K, used 61000K [0x00000000a0000000, 0x0000000100000000)
  region size 1024K, 52 young (53248K), 5 survivors (5120K)
 Metaspace       used 4757K, committed 4928K, reserved 1114112K
  class space    used 615K, committed 704K, reserved 1048576K
}
Event: 9.993 GC heap after
{Heap after GC invocations=3 (full 0):
 garbage-first heap   total 258048K, used 16305K [0x00000000a0000000, 0x0000000100000000)
  region size 1024K, 5 young (5120K), 5 survivors (5120K)
 Metaspace       used 4757K, committed 4928K, reserved 1114112K
  class space    used 615K, committed 704K, reserved 1048576K
}

Dll operation events (20 events):
Event: 0.793 Attempting to load shared library C:\Users\ishas\.vscode\extensions\redhat.java-1.56.0-win32-x64\jre\21.0.12.1-win32-x86_64\bin\nio.dll
Event: 0.794 Loaded shared library C:\Users\ishas\.vscode\extensions\redhat.java-1.56.0-win32-x64\jre\21.0.12.1-win32-x86_64\bin\nio.dll
Event: 0.798 Attempting to load shared library C:\Users\ishas\.vscode\extensions\redhat.java-1.56.0-win32-x64\jre\21.0.12.1-win32-x86_64\bin\zip.dll
Event: 0.798 Loaded shared library C:\Users\ishas\.vscode\extensions\redhat.java-1.56.0-win32-x64\jre\21.0.12.1-win32-x86_64\bin\zip.dll
Event: 2.358 Attempting to load shared library C:\Users\ishas\.vscode\extensions\redhat.java-1.56.0-win32-x64\jre\21.0.12.1-win32-x86_64\bin\jimage.dll
Event: 2.358 Loaded shared library C:\Users\ishas\.vscode\extensions\redhat.java-1.56.0-win32-x64\jre\21.0.12.1-win32-x86_64\bin\jimage.dll
Event: 3.294 Attempting to load shared library C:\Users\ishas\.vscode\extensions\redhat.java-1.56.0-win32-x64\jre\21.0.12.1-win32-x86_64\bin\verify.dll
Event: 3.296 Loaded shared library C:\Users\ishas\.vscode\extensions\redhat.java-1.56.0-win32-x64\jre\21.0.12.1-win32-x86_64\bin\verify.dll
Event: 3.736 Attempting to load shared library C:\Users\ishas\.gradle\native\1def1411415f61bf3af743bc5b6707747c0891f09f0c88961ee8f79bc544acac\windows-amd64\native-platform.dll
Event: 3.743 Loaded shared library C:\Users\ishas\.gradle\native\1def1411415f61bf3af743bc5b6707747c0891f09f0c88961ee8f79bc544acac\windows-amd64\native-platform.dll
Event: 3.792 Attempting to load shared library C:\Users\ishas\.gradle\native\0.2.7\x86_64-windows-gnu\gradle-fileevents.dll
Event: 3.793 Loaded shared library C:\Users\ishas\.gradle\native\0.2.7\x86_64-windows-gnu\gradle-fileevents.dll
Event: 10.888 Attempting to load shared library C:\Users\ishas\.vscode\extensions\redhat.java-1.56.0-win32-x64\jre\21.0.12.1-win32-x86_64\bin\management.dll
Event: 10.890 Loaded shared library C:\Users\ishas\.vscode\extensions\redhat.java-1.56.0-win32-x64\jre\21.0.12.1-win32-x86_64\bin\management.dll
Event: 10.896 Attempting to load shared library C:\Users\ishas\.vscode\extensions\redhat.java-1.56.0-win32-x64\jre\21.0.12.1-win32-x86_64\bin\management_ext.dll
Event: 10.900 Loaded shared library C:\Users\ishas\.vscode\extensions\redhat.java-1.56.0-win32-x64\jre\21.0.12.1-win32-x86_64\bin\management_ext.dll
Event: 12.140 Attempting to load shared library C:\Users\ishas\.vscode\extensions\redhat.java-1.56.0-win32-x64\jre\21.0.12.1-win32-x86_64\bin\extnet.dll
Event: 12.141 Loaded shared library C:\Users\ishas\.vscode\extensions\redhat.java-1.56.0-win32-x64\jre\21.0.12.1-win32-x86_64\bin\extnet.dll
Event: 16.561 Attempting to load shared library C:\Users\ishas\.vscode\extensions\redhat.java-1.56.0-win32-x64\jre\21.0.12.1-win32-x86_64\bin\sunmscapi.dll
Event: 16.572 Loaded shared library C:\Users\ishas\.vscode\extensions\redhat.java-1.56.0-win32-x64\jre\21.0.12.1-win32-x86_64\bin\sunmscapi.dll

Deoptimization events (20 events):
Event: 20.716 Thread 0x0000017e5b5fb0f0 Uncommon trap: trap_request=0xffffff45 fr.pc=0x0000017e0d8f2c88 relative=0x0000000000000628
Event: 20.716 Thread 0x0000017e5b5fb0f0 Uncommon trap: reason=unstable_if action=reinterpret pc=0x0000017e0d8f2c88 method=java.io.File.getName()Ljava/lang/String; @ 16 c2
Event: 20.716 Thread 0x0000017e5b5fb0f0 DEOPT PACKING pc=0x0000017e0d8f2c88 sp=0x0000007567ffb180
Event: 20.716 Thread 0x0000017e5b5fb0f0 DEOPT UNPACKING pc=0x0000017e0d374422 sp=0x0000007567ffb150 mode 2
Event: 21.062 Thread 0x0000017e5b5fb0f0 Uncommon trap: trap_request=0xffffff45 fr.pc=0x0000017e0d8ed294 relative=0x00000000000000f4
Event: 21.062 Thread 0x0000017e5b5fb0f0 Uncommon trap: reason=unstable_if action=reinterpret pc=0x0000017e0d8ed294 method=java.util.HashMap.hash(Ljava/lang/Object;)I @ 1 c2
Event: 21.062 Thread 0x0000017e5b5fb0f0 DEOPT PACKING pc=0x0000017e0d8ed294 sp=0x0000007567ffc220
Event: 21.062 Thread 0x0000017e5b5fb0f0 DEOPT UNPACKING pc=0x0000017e0d374422 sp=0x0000007567ffc160 mode 2
Event: 21.241 Thread 0x0000017e5b5fb0f0 DEOPT PACKING pc=0x0000017e062c5c02 sp=0x0000007567ff8960
Event: 21.241 Thread 0x0000017e5b5fb0f0 DEOPT UNPACKING pc=0x0000017e0d374bc2 sp=0x0000007567ff7e70 mode 0
Event: 21.496 Thread 0x0000017e5b5fb0f0 Uncommon trap: trap_request=0xfffffff4 fr.pc=0x0000017e0d95504c relative=0x00000000000004cc
Event: 21.496 Thread 0x0000017e5b5fb0f0 Uncommon trap: reason=null_check action=make_not_entrant pc=0x0000017e0d95504c method=java.io.File.equals(Ljava/lang/Object;)Z @ 1 c2
Event: 21.496 Thread 0x0000017e5b5fb0f0 DEOPT PACKING pc=0x0000017e0d95504c sp=0x0000007567ffd3d0
Event: 21.496 Thread 0x0000017e5b5fb0f0 DEOPT UNPACKING pc=0x0000017e0d374422 sp=0x0000007567ffd388 mode 2
Event: 21.818 Thread 0x0000017e5b5fb0f0 DEOPT PACKING pc=0x0000017e062c5c02 sp=0x0000007567ffbec0
Event: 21.818 Thread 0x0000017e5b5fb0f0 DEOPT UNPACKING pc=0x0000017e0d374bc2 sp=0x0000007567ffb3d0 mode 0
Event: 21.941 Thread 0x0000017e5b5fb0f0 DEOPT PACKING pc=0x0000017e062c5c02 sp=0x0000007567ffbff0
Event: 21.941 Thread 0x0000017e5b5fb0f0 DEOPT UNPACKING pc=0x0000017e0d374bc2 sp=0x0000007567ffb500 mode 0
Event: 22.040 Thread 0x0000017e5b5fb0f0 DEOPT PACKING pc=0x0000017e062c5c02 sp=0x0000007567ffc0c0
Event: 22.040 Thread 0x0000017e5b5fb0f0 DEOPT UNPACKING pc=0x0000017e0d374bc2 sp=0x0000007567ffb5d0 mode 0

Classes loaded (20 events):
Event: 21.413 Loading class java/lang/invoke/BoundMethodHandle$Species_LLLLLLLLLLLLLLLLLLLLLLL
Event: 21.413 Loading class java/lang/invoke/BoundMethodHandle$Species_LLLLLLLLLLLLLLLLLLLLLLL done
Event: 21.417 Loading class java/lang/invoke/BoundMethodHandle$Species_LLLLLLLLLLLLLLLLLLLLLLLL
Event: 21.417 Loading class java/lang/invoke/BoundMethodHandle$Species_LLLLLLLLLLLLLLLLLLLLLLLL done
Event: 21.701 Loading class java/util/function/LongFunction
Event: 21.701 Loading class java/util/function/LongFunction done
Event: 21.885 Loading class java/security/InvalidKeyException
Event: 21.885 Loading class java/security/KeyException
Event: 21.885 Loading class java/security/KeyException done
Event: 21.885 Loading class java/security/InvalidKeyException done
Event: 22.265 Loading class java/io/ObjectInputStream
Event: 22.266 Loading class java/io/ObjectInput
Event: 22.266 Loading class java/io/ObjectInput done
Event: 22.266 Loading class java/io/ObjectStreamConstants
Event: 22.266 Loading class java/io/ObjectStreamConstants done
Event: 22.266 Loading class java/io/ObjectInputStream done
Event: 22.270 Loading class java/io/ObjectOutputStream
Event: 22.270 Loading class java/io/ObjectOutput
Event: 22.270 Loading class java/io/ObjectOutput done
Event: 22.271 Loading class java/io/ObjectOutputStream done

Classes unloaded (0 events):
No events

Classes redefined (0 events):
No events

Internal exceptions (20 events):
Event: 20.796 Thread 0x0000017e5b5fb0f0 Exception <a 'java/lang/NoSuchMethodError'{0x00000000abeb8290}: 'java.lang.Object java.lang.invoke.DirectMethodHandle$Holder.invokeInterface(java.lang.Object, java.lang.Object, java.lang.Object)'> (0x00000000abeb8290) 
thrown [s\src\hotspot\share\interpreter\linkResolver.cpp, line 773]
Event: 20.900 Thread 0x0000017e5b5fb0f0 Exception <a 'java/lang/NoSuchMethodError'{0x00000000abdba198}: 'int java.lang.invoke.DirectMethodHandle$Holder.invokeSpecialIFC(java.lang.Object, java.lang.Object, java.lang.Object, java.lang.Object)'> (0x00000000abdba198) 
thrown [s\src\hotspot\share\interpreter\linkResolver.cpp, line 773]
Event: 20.903 Thread 0x0000017e5b5fb0f0 Exception <a 'java/lang/IncompatibleClassChangeError'{0x00000000abdc7440}: Found class java.lang.Object, but interface was expected> (0x00000000abdc7440) 
thrown [s\src\hotspot\share\interpreter\linkResolver.cpp, line 840]
Event: 21.062 Thread 0x0000017e5b5fb0f0 Implicit null exception at 0x0000017e0d8ed1e6 to 0x0000017e0d8ed28a
Event: 21.115 Thread 0x0000017e5b5fb0f0 Exception <a 'java/lang/NoSuchMethodError'{0x00000000abbd50d8}: 'int java.lang.invoke.DirectMethodHandle$Holder.invokeStatic(java.lang.Object, java.lang.Object, java.lang.Object, java.lang.Object)'> (0x00000000abbd50d8) 
thrown [s\src\hotspot\share\interpreter\linkResolver.cpp, line 773]
Event: 21.361 Thread 0x0000017e5b5fb0f0 Exception <a 'java/lang/NoSuchMethodError'{0x00000000ab864330}: 'java.lang.Object java.lang.invoke.DelegatingMethodHandle$Holder.reinvoke_L(java.lang.Object, java.lang.Object, java.lang.Object, java.lang.Object, java.lang.Object, java.lang.Object, java.lang.Object, java.lang.Object, java.lang.Object, java.lang.Object, java.lang.Object, java.lang.Object, java.lang.Object, java.lang.Object, java.lang.Object, java.lang.Object, java.lang.Object, java.lang.Object, java.lang.Object, java.lang.Object, java.lang.O
Event: 21.370 Thread 0x0000017e5b5fb0f0 Exception <a 'java/lang/NoSuchMethodError'{0x00000000ab8d2678}: 'java.lang.Object java.lang.invoke.DirectMethodHandle$Holder.invokeStatic(java.lang.Object, java.lang.Object, java.lang.Object, java.lang.Object, java.lang.Object, java.lang.Object, java.lang.Object, java.lang.Object, java.lang.Object, java.lang.Object, java.lang.Object, java.lang.Object, java.lang.Object, java.lang.Object, java.lang.Object, java.lang.Object, java.lang.Object)'> (0x00000000ab8d2678) 
thrown [s\src\hotspot\share\interpreter\lin
Event: 21.376 Thread 0x0000017e5b5fb0f0 Exception <a 'java/lang/NoSuchMethodError'{0x00000000ab8fafd8}: 'java.lang.Object java.lang.invoke.DirectMethodHandle$Holder.invokeStatic(java.lang.Object, java.lang.Object, java.lang.Object, java.lang.Object, java.lang.Object, java.lang.Object, java.lang.Object, java.lang.Object, java.lang.Object, java.lang.Object, java.lang.Object, java.lang.Object, java.lang.Object, java.lang.Object, java.lang.Object, java.lang.Object, java.lang.Object, java.lang.Object)'> (0x00000000ab8fafd8) 
thrown [s\src\hotspot\sha
Event: 21.379 Thread 0x0000017e5b5fb0f0 Exception <a 'java/lang/NoSuchMethodError'{0x00000000ab725060}: 'java.lang.Object java.lang.invoke.DirectMethodHandle$Holder.invokeStatic(java.lang.Object, java.lang.Object, java.lang.Object, java.lang.Object, java.lang.Object, java.lang.Object, java.lang.Object, java.lang.Object, java.lang.Object, java.lang.Object, java.lang.Object, java.lang.Object, java.lang.Object, java.lang.Object, java.lang.Object, java.lang.Object, java.lang.Object, java.lang.Object, java.lang.Object)'> (0x00000000ab725060) 
thrown 
Event: 21.384 Thread 0x0000017e5b5fb0f0 Exception <a 'java/lang/NoSuchMethodError'{0x00000000ab750258}: 'java.lang.Object java.lang.invoke.DirectMethodHandle$Holder.invokeStatic(java.lang.Object, java.lang.Object, java.lang.Object, java.lang.Object, java.lang.Object, java.lang.Object, java.lang.Object, java.lang.Object, java.lang.Object, java.lang.Object, java.lang.Object, java.lang.Object, java.lang.Object, java.lang.Object, java.lang.Object, java.lang.Object, java.lang.Object, java.lang.Object, java.lang.Object, java.lang.Object)'> (0x00000000
Event: 21.387 Thread 0x0000017e5b5fb0f0 Exception <a 'java/lang/NoSuchMethodError'{0x00000000ab77c648}: 'java.lang.Object java.lang.invoke.DirectMethodHandle$Holder.invokeStatic(java.lang.Object, java.lang.Object, java.lang.Object, java.lang.Object, java.lang.Object, java.lang.Object, java.lang.Object, java.lang.Object, java.lang.Object, java.lang.Object, java.lang.Object, java.lang.Object, java.lang.Object, java.lang.Object, java.lang.Object, java.lang.Object, java.lang.Object, java.lang.Object, java.lang.Object, java.lang.Object, java.lang.Obj
Event: 21.392 Thread 0x0000017e5b5fb0f0 Exception <a 'java/lang/NoSuchMethodError'{0x00000000ab7a9e48}: 'java.lang.Object java.lang.invoke.DirectMethodHandle$Holder.invokeStatic(java.lang.Object, java.lang.Object, java.lang.Object, java.lang.Object, java.lang.Object, java.lang.Object, java.lang.Object, java.lang.Object, java.lang.Object, java.lang.Object, java.lang.Object, java.lang.Object, java.lang.Object, java.lang.Object, java.lang.Object, java.lang.Object, java.lang.Object, java.lang.Object, java.lang.Object, java.lang.Object, java.lang.Obj
Event: 21.401 Thread 0x0000017e5b5fb0f0 Exception <a 'java/lang/NoSuchMethodError'{0x00000000ab7d8498}: 'java.lang.Object java.lang.invoke.DirectMethodHandle$Holder.invokeStatic(java.lang.Object, java.lang.Object, java.lang.Object, java.lang.Object, java.lang.Object, java.lang.Object, java.lang.Object, java.lang.Object, java.lang.Object, java.lang.Object, java.lang.Object, java.lang.Object, java.lang.Object, java.lang.Object, java.lang.Object, java.lang.Object, java.lang.Object, java.lang.Object, java.lang.Object, java.lang.Object, java.lang.Obj
Event: 21.404 Thread 0x0000017e5b5fb0f0 Exception <a 'java/lang/NoSuchMethodError'{0x00000000ab6097b0}: 'java.lang.Object java.lang.invoke.DirectMethodHandle$Holder.invokeStatic(java.lang.Object, java.lang.Object, java.lang.Object, java.lang.Object, java.lang.Object, java.lang.Object, java.lang.Object, java.lang.Object, java.lang.Object, java.lang.Object, java.lang.Object, java.lang.Object, java.lang.Object, java.lang.Object, java.lang.Object, java.lang.Object, java.lang.Object, java.lang.Object, java.lang.Object, java.lang.Object, java.lang.Obj
Event: 21.411 Thread 0x0000017e5b5fb0f0 Exception <a 'java/lang/NoSuchMethodError'{0x00000000ab639998}: 'java.lang.Object java.lang.invoke.DirectMethodHandle$Holder.invokeStatic(java.lang.Object, java.lang.Object, java.lang.Object, java.lang.Object, java.lang.Object, java.lang.Object, java.lang.Object, java.lang.Object, java.lang.Object, java.lang.Object, java.lang.Object, java.lang.Object, java.lang.Object, java.lang.Object, java.lang.Object, java.lang.Object, java.lang.Object, java.lang.Object, java.lang.Object, java.lang.Object, java.lang.Obj
Event: 21.414 Thread 0x0000017e5b5fb0f0 Exception <a 'java/lang/NoSuchMethodError'{0x00000000ab66a328}: 'java.lang.Object java.lang.invoke.DirectMethodHandle$Holder.invokeStatic(java.lang.Object, java.lang.Object, java.lang.Object, java.lang.Object, java.lang.Object, java.lang.Object, java.lang.Object, java.lang.Object, java.lang.Object, java.lang.Object, java.lang.Object, java.lang.Object, java.lang.Object, java.lang.Object, java.lang.Object, java.lang.Object, java.lang.Object, java.lang.Object, java.lang.Object, java.lang.Object, java.lang.Obj
Event: 21.419 Thread 0x0000017e5b5fb0f0 Exception <a 'java/lang/NoSuchMethodError'{0x00000000ab69ca58}: 'java.lang.Object java.lang.invoke.DirectMethodHandle$Holder.invokeStatic(java.lang.Object, java.lang.Object, java.lang.Object, java.lang.Object, java.lang.Object, java.lang.Object, java.lang.Object, java.lang.Object, java.lang.Object, java.lang.Object, java.lang.Object, java.lang.Object, java.lang.Object, java.lang.Object, java.lang.Object, java.lang.Object, java.lang.Object, java.lang.Object, java.lang.Object, java.lang.Object, java.lang.Obj
Event: 21.496 Thread 0x0000017e5b5fb0f0 Implicit null exception at 0x0000017e0d954bbd to 0x0000017e0d95503c
Event: 22.224 Thread 0x0000017e5b5fb0f0 Exception <a 'java/lang/IncompatibleClassChangeError'{0x00000000aac03af0}: Found class java.lang.Object, but interface was expected> (0x00000000aac03af0) 
thrown [s\src\hotspot\share\interpreter\linkResolver.cpp, line 840]
Event: 22.236 Thread 0x0000017e5b5fb0f0 Exception <a 'java/lang/NoSuchMethodError'{0x00000000aac31d70}: 'java.lang.Object java.lang.invoke.DirectMethodHandle$Holder.newInvokeSpecial(java.lang.Object, java.lang.Object, java.lang.Object, java.lang.Object, java.lang.Object, java.lang.Object, java.lang.Object, java.lang.Object, java.lang.Object, java.lang.Object)'> (0x00000000aac31d70) 
thrown [s\src\hotspot\share\interpreter\linkResolver.cpp, line 773]

ZGC Phase Switch (0 events):
No events

VM Operations (20 events):
Event: 16.523 Executing non-safepoint VM operation: HandshakeAllThreads (Deoptimize)
Event: 16.523 Executing non-safepoint VM operation: HandshakeAllThreads (Deoptimize) done
Event: 16.523 Executing safepoint VM operation: Cleanup
Event: 16.523 Executing safepoint VM operation: Cleanup done
Event: 16.636 Executing non-safepoint VM operation: HandshakeAllThreads (Deoptimize)
Event: 16.636 Executing non-safepoint VM operation: HandshakeAllThreads (Deoptimize) done
Event: 17.648 Executing safepoint VM operation: Cleanup
Event: 17.648 Executing safepoint VM operation: Cleanup done
Event: 18.660 Executing safepoint VM operation: Cleanup
Event: 18.675 Executing safepoint VM operation: Cleanup done
Event: 19.002 Executing non-safepoint VM operation: HandshakeAllThreads (Deoptimize)
Event: 19.002 Executing non-safepoint VM operation: HandshakeAllThreads (Deoptimize) done
Event: 20.014 Executing safepoint VM operation: Cleanup
Event: 20.014 Executing safepoint VM operation: Cleanup done
Event: 21.019 Executing safepoint VM operation: Cleanup
Event: 21.019 Executing safepoint VM operation: Cleanup done
Event: 21.446 Executing non-safepoint VM operation: HandshakeAllThreads (Deoptimize)
Event: 21.446 Executing non-safepoint VM operation: HandshakeAllThreads (Deoptimize) done
Event: 21.449 Executing non-safepoint VM operation: HandshakeAllThreads (Deoptimize)
Event: 21.449 Executing non-safepoint VM operation: HandshakeAllThreads (Deoptimize) done

Memory protections (0 events):
No events

Nmethod flushes (0 events):
No events

Events (20 events):
Event: 0.426 Thread 0x0000017e02bedf10 Thread added: 0x0000017e5b02aec0
Event: 0.426 Thread 0x0000017e02bedf10 Thread added: 0x0000017e5b02b920
Event: 0.426 Thread 0x0000017e02bedf10 Thread added: 0x0000017e5b02d3d0
Event: 0.426 Thread 0x0000017e02bedf10 Thread added: 0x0000017e5b02de70
Event: 0.673 Thread 0x0000017e02bedf10 Thread added: 0x0000017e5b293d00
Event: 0.831 Thread 0x0000017e02bedf10 Thread added: 0x0000017e5b1ffa10
Event: 11.085 Thread 0x0000017e02bedf10 Thread added: 0x0000017e60d08140
Event: 12.729 Thread 0x0000017e02bedf10 Thread added: 0x0000017e60300700
Event: 14.429 Thread 0x0000017e02bedf10 Thread added: 0x0000017e60daea70
Event: 16.649 Thread 0x0000017e60300700 Thread added: 0x0000017e5b3b8250
Event: 16.686 Thread 0x0000017e5b3b8250 Thread added: 0x0000017e5b65a550
Event: 16.872 Thread 0x0000017e5b3b8250 Thread added: 0x0000017e5b5f8990
Event: 17.533 Thread 0x0000017e5b3b8250 Thread added: 0x0000017e5b5fb0f0
Event: 17.560 Thread 0x0000017e5b5fb0f0 Thread added: 0x0000017e5b5faa60
Event: 17.567 Thread 0x0000017e5b5fb0f0 Thread added: 0x0000017e5b5f9d40
Event: 17.575 Thread 0x0000017e5b5fb0f0 Thread added: 0x0000017e5b5fbe10
Event: 19.003 Thread 0x0000017e5b5fb0f0 Thread added: 0x0000017e5b5f9020
Event: 19.029 Thread 0x0000017e5b5fb0f0 Thread added: 0x0000017e5b5fa3d0
Event: 19.104 Thread 0x0000017e5b5fb0f0 Thread added: 0x0000017e5b5fb780
Event: 19.175 Thread 0x0000017e5b5fa3d0 Thread added: 0x0000017e5b5f96b0


Dynamic libraries:
0x00007ff6906c0000 - 0x00007ff6906ce000 	C:\Users\ishas\.vscode\extensions\redhat.java-1.56.0-win32-x64\jre\21.0.12.1-win32-x86_64\bin\java.exe
0x00007fff22660000 - 0x00007fff228c7000 	C:\Windows\SYSTEM32\ntdll.dll
0x00007fff21bc0000 - 0x00007fff21c8b000 	C:\Windows\System32\KERNEL32.DLL
0x00007fff1fcd0000 - 0x00007fff200d2000 	C:\Windows\System32\KERNELBASE.dll
0x00007fff1fb70000 - 0x00007fff1fcbc000 	C:\Windows\System32\ucrtbase.dll
0x00007ffeb4c70000 - 0x00007ffeb4c88000 	C:\Users\ishas\.vscode\extensions\redhat.java-1.56.0-win32-x64\jre\21.0.12.1-win32-x86_64\bin\jli.dll
0x00007fff222b0000 - 0x00007fff2247f000 	C:\Windows\System32\USER32.dll
0x00007fff20220000 - 0x00007fff20247000 	C:\Windows\System32\win32u.dll
0x00007fff21d20000 - 0x00007fff21d4b000 	C:\Windows\System32\GDI32.dll
0x00007fff20250000 - 0x00007fff20379000 	C:\Windows\System32\gdi32full.dll
0x00007fff200e0000 - 0x00007fff20183000 	C:\Windows\System32\msvcp_win.dll
0x00007ffee06c0000 - 0x00007ffee06de000 	C:\Users\ishas\.vscode\extensions\redhat.java-1.56.0-win32-x64\jre\21.0.12.1-win32-x86_64\bin\VCRUNTIME140.dll
0x00007fff08e50000 - 0x00007fff090e0000 	C:\Windows\WinSxS\amd64_microsoft.windows.common-controls_6595b64144ccf1df_6.0.26100.9278_none_3e0d1ba8e3303201\COMCTL32.dll
0x00007fff20460000 - 0x00007fff20509000 	C:\Windows\System32\msvcrt.dll
0x00007fff21eb0000 - 0x00007fff21ee1000 	C:\Windows\System32\IMM32.DLL
0x00007fff1bf50000 - 0x00007fff1bf5c000 	C:\Users\ishas\.vscode\extensions\redhat.java-1.56.0-win32-x64\jre\21.0.12.1-win32-x86_64\bin\vcruntime140_1.dll
0x00007ffeac2d0000 - 0x00007ffeac35d000 	C:\Users\ishas\.vscode\extensions\redhat.java-1.56.0-win32-x64\jre\21.0.12.1-win32-x86_64\bin\msvcp140.dll
0x00007ffe828b0000 - 0x00007ffe83652000 	C:\Users\ishas\.vscode\extensions\redhat.java-1.56.0-win32-x64\jre\21.0.12.1-win32-x86_64\bin\server\jvm.dll
0x00007fff21ef0000 - 0x00007fff21fac000 	C:\Windows\System32\ADVAPI32.dll
0x00007fff21e00000 - 0x00007fff21ea9000 	C:\Windows\System32\sechost.dll
0x00007fff22500000 - 0x00007fff22618000 	C:\Windows\System32\RPCRT4.dll
0x00007fff21c90000 - 0x00007fff21d10000 	C:\Windows\System32\WS2_32.dll
0x00007fff1f6c0000 - 0x00007fff1f71e000 	C:\Windows\SYSTEM32\POWRPROF.dll
0x00007fff17580000 - 0x00007fff175b6000 	C:\Windows\SYSTEM32\WINMM.dll
0x00007fff0cde0000 - 0x00007fff0cdeb000 	C:\Windows\SYSTEM32\VERSION.dll
0x00007fff1f6a0000 - 0x00007fff1f6b5000 	C:\Windows\SYSTEM32\UMPDC.dll
0x00007fff1e530000 - 0x00007fff1e54b000 	C:\Windows\SYSTEM32\kernel.appcore.dll
0x00007fff17090000 - 0x00007fff1709a000 	C:\Users\ishas\.vscode\extensions\redhat.java-1.56.0-win32-x64\jre\21.0.12.1-win32-x86_64\bin\jimage.dll
0x00007fff1ce70000 - 0x00007fff1d0bc000 	C:\Windows\SYSTEM32\DBGHELP.DLL
0x00007fff20ed0000 - 0x00007fff21255000 	C:\Windows\System32\combase.dll
0x00007fff21a50000 - 0x00007fff21b29000 	C:\Windows\System32\OLEAUT32.dll
0x00007fff17540000 - 0x00007fff1757b000 	C:\Windows\SYSTEM32\dbgcore.DLL
0x00007fff1fab0000 - 0x00007fff1fb5c000 	C:\Windows\System32\bcryptPrimitives.dll
0x00007ffebe020000 - 0x00007ffebe02f000 	C:\Users\ishas\.vscode\extensions\redhat.java-1.56.0-win32-x64\jre\21.0.12.1-win32-x86_64\bin\instrument.dll
0x00007ffedcd90000 - 0x00007ffedcdb0000 	C:\Users\ishas\.vscode\extensions\redhat.java-1.56.0-win32-x64\jre\21.0.12.1-win32-x86_64\bin\java.dll
0x00007fff20510000 - 0x00007fff20ca8000 	C:\Windows\System32\SHELL32.dll
0x00007fff1d290000 - 0x00007fff1db3e000 	C:\Windows\SYSTEM32\windows.storage.dll
0x00007fff21fc0000 - 0x00007fff220bb000 	C:\Windows\System32\SHCORE.dll
0x00007fff22490000 - 0x00007fff224f6000 	C:\Windows\System32\shlwapi.dll
0x00007fff1f780000 - 0x00007fff1f7a9000 	C:\Windows\SYSTEM32\profapi.dll
0x00007ffedcd70000 - 0x00007ffedcd88000 	C:\Users\ishas\.vscode\extensions\redhat.java-1.56.0-win32-x64\jre\21.0.12.1-win32-x86_64\bin\zip.dll
0x00007ffee04e0000 - 0x00007ffee04f0000 	C:\Users\ishas\.vscode\extensions\redhat.java-1.56.0-win32-x64\jre\21.0.12.1-win32-x86_64\bin\net.dll
0x00007fff0dc00000 - 0x00007fff0dd2a000 	C:\Windows\SYSTEM32\WINHTTP.dll
0x00007fff1eaf0000 - 0x00007fff1eb5c000 	C:\Windows\system32\mswsock.dll
0x00007ffedcd50000 - 0x00007ffedcd66000 	C:\Users\ishas\.vscode\extensions\redhat.java-1.56.0-win32-x64\jre\21.0.12.1-win32-x86_64\bin\nio.dll
0x00007ffebc9a0000 - 0x00007ffebc9b0000 	C:\Users\ishas\.vscode\extensions\redhat.java-1.56.0-win32-x64\jre\21.0.12.1-win32-x86_64\bin\verify.dll
0x00007ffeac360000 - 0x00007ffeac387000 	C:\Users\ishas\.gradle\native\1def1411415f61bf3af743bc5b6707747c0891f09f0c88961ee8f79bc544acac\windows-amd64\native-platform.dll
0x00007ffe88010000 - 0x00007ffe88088000 	C:\Users\ishas\.gradle\native\0.2.7\x86_64-windows-gnu\gradle-fileevents.dll
0x00007ffebc890000 - 0x00007ffebc89a000 	C:\Users\ishas\.vscode\extensions\redhat.java-1.56.0-win32-x64\jre\21.0.12.1-win32-x86_64\bin\management.dll
0x00007ffebc430000 - 0x00007ffebc43c000 	C:\Users\ishas\.vscode\extensions\redhat.java-1.56.0-win32-x64\jre\21.0.12.1-win32-x86_64\bin\management_ext.dll
0x00007fff20380000 - 0x00007fff20388000 	C:\Windows\System32\PSAPI.DLL
0x00007fff1df00000 - 0x00007fff1df33000 	C:\Windows\SYSTEM32\IPHLPAPI.DLL
0x00007fff22280000 - 0x00007fff2228a000 	C:\Windows\System32\NSI.dll
0x00007ffeb9d70000 - 0x00007ffeb9d79000 	C:\Users\ishas\.vscode\extensions\redhat.java-1.56.0-win32-x64\jre\21.0.12.1-win32-x86_64\bin\extnet.dll
0x00007fff1ede0000 - 0x00007fff1edfb000 	C:\Windows\SYSTEM32\CRYPTSP.dll
0x00007fff1e490000 - 0x00007fff1e4c9000 	C:\Windows\system32\rsaenh.dll
0x00007fff1eba0000 - 0x00007fff1ebd4000 	C:\Windows\SYSTEM32\USERENV.dll
0x00007fff1f750000 - 0x00007fff1f77a000 	C:\Windows\SYSTEM32\bcrypt.dll
0x00007fff1ee00000 - 0x00007fff1ee0c000 	C:\Windows\SYSTEM32\CRYPTBASE.dll
0x00007ffeb9300000 - 0x00007ffeb930e000 	C:\Users\ishas\.vscode\extensions\redhat.java-1.56.0-win32-x64\jre\21.0.12.1-win32-x86_64\bin\sunmscapi.dll
0x00007fff1f860000 - 0x00007fff1f9de000 	C:\Windows\System32\CRYPT32.dll
0x00007fff1f020000 - 0x00007fff1f050000 	C:\Windows\SYSTEM32\ncrypt.dll
0x00007fff1efd0000 - 0x00007fff1f00f000 	C:\Windows\SYSTEM32\NTASN1.dll
0x00007fff01a10000 - 0x00007fff01a18000 	C:\Windows\system32\wshunix.dll

JVMTI agents:
C:\Users\ishas\.gradle\wrapper\dists\gradle-8.14.3-all\10utluxaxniiv4wxiphsi49nj\gradle-8.14.3\lib\agents\gradle-instrumentation-agent-8.14.3.jar path:C:\Users\ishas\.vscode\extensions\redhat.java-1.56.0-win32-x64\jre\21.0.12.1-win32-x86_64\bin\instrument.dll, loaded, initialized, instrumentlib options:none

dbghelp: loaded successfully - version: 4.0.5 - missing functions: none
symbol engine: initialized successfully - sym options: 0x614 - pdb path: .;C:\Users\ishas\.vscode\extensions\redhat.java-1.56.0-win32-x64\jre\21.0.12.1-win32-x86_64\bin;C:\Windows\SYSTEM32;C:\Windows\WinSxS\amd64_microsoft.windows.common-controls_6595b64144ccf1df_6.0.26100.9278_none_3e0d1ba8e3303201;C:\Users\ishas\.vscode\extensions\redhat.java-1.56.0-win32-x64\jre\21.0.12.1-win32-x86_64\bin\server;C:\Users\ishas\.gradle\native\1def1411415f61bf3af743bc5b6707747c0891f09f0c88961ee8f79bc544acac\windows-amd64;C:\Users\ishas\.gradle\native\0.2.7\x86_64-windows-gnu

VM Arguments:
jvm_args: --add-opens=java.base/java.lang=ALL-UNNAMED --add-opens=java.base/java.lang.invoke=ALL-UNNAMED --add-opens=java.base/java.util=ALL-UNNAMED --add-opens=java.prefs/java.util.prefs=ALL-UNNAMED --add-exports=jdk.compiler/com.sun.tools.javac.api=ALL-UNNAMED --add-exports=jdk.compiler/com.sun.tools.javac.util=ALL-UNNAMED --add-opens=java.base/java.util=ALL-UNNAMED --add-opens=java.prefs/java.util.prefs=ALL-UNNAMED --add-opens=java.base/java.nio.charset=ALL-UNNAMED --add-opens=java.base/java.net=ALL-UNNAMED --add-opens=java.base/java.util.concurrent.atomic=ALL-UNNAMED --add-opens=java.xml/javax.xml.namespace=ALL-UNNAMED -Xmx1536m -Dfile.encoding=UTF-8 -Duser.country=IN -Duser.language=en -Duser.variant -javaagent:C:\Users\ishas\.gradle\wrapper\dists\gradle-8.14.3-all\10utluxaxniiv4wxiphsi49nj\gradle-8.14.3\lib\agents\gradle-instrumentation-agent-8.14.3.jar 
java_command: org.gradle.launcher.daemon.bootstrap.GradleDaemon 8.14.3
java_class_path (initial): C:\Users\ishas\.gradle\wrapper\dists\gradle-8.14.3-all\10utluxaxniiv4wxiphsi49nj\gradle-8.14.3\lib\gradle-daemon-main-8.14.3.jar
Launcher Type: SUN_STANDARD

[Global flags]
     intx CICompilerCount                          = 4                                         {product} {ergonomic}
     uint ConcGCThreads                            = 3                                         {product} {ergonomic}
     uint G1ConcRefinementThreads                  = 10                                        {product} {ergonomic}
   size_t G1HeapRegionSize                         = 1048576                                   {product} {ergonomic}
    uintx GCDrainStackTargetSize                   = 64                                        {product} {ergonomic}
   size_t InitialHeapSize                          = 264241152                                 {product} {ergonomic}
   size_t MarkStackSize                            = 4194304                                   {product} {ergonomic}
   size_t MaxHeapSize                              = 1610612736                                {product} {command line}
   size_t MaxNewSize                               = 965738496                                 {product} {ergonomic}
   size_t MinHeapDeltaBytes                        = 1048576                                   {product} {ergonomic}
   size_t MinHeapSize                              = 8388608                                   {product} {ergonomic}
    uintx NonNMethodCodeHeapSize                   = 5839372                                {pd product} {ergonomic}
    uintx NonProfiledCodeHeapSize                  = 122909434                              {pd product} {ergonomic}
    uintx ProfiledCodeHeapSize                     = 122909434                              {pd product} {ergonomic}
    uintx ReservedCodeCacheSize                    = 251658240                              {pd product} {ergonomic}
     bool SegmentedCodeCache                       = true                                      {product} {ergonomic}
   size_t SoftMaxHeapSize                          = 1610612736                             {manageable} {ergonomic}
     bool UseCompressedOops                        = true                           {product lp64_product} {ergonomic}
     bool UseG1GC                                  = true                                      {product} {ergonomic}
     bool UseLargePagesIndividualAllocation        = false                                  {pd product} {ergonomic}

Logging:
Log output configuration:
 #0: stdout all=warning uptime,level,tags foldmultilines=false
 #1: stderr all=off uptime,level,tags foldmultilines=false

Release file:
JAVA_VERSION="21.0.12.1" 
MODULES="java.base java.compiler java.datatransfer java.xml java.prefs java.desktop java.instrument java.logging java.management java.security.sasl java.naming java.rmi java.management.rmi java.net.http java.scripting java.security.jgss java.transaction.xa java.sql java.sql.rowset java.xml.crypto java.se java.smartcardio jdk.accessibility jdk.internal.jvmstat jdk.attach jdk.charsets jdk.internal.opt jdk.zipfs jdk.compiler jdk.crypto.ec jdk.crypto.cryptoki jdk.crypto.mscapi jdk.dynalink jdk.internal.ed jdk.editpad jdk.hotspot.agent jdk.httpserver jdk.internal.le jdk.internal.vm.ci jdk.internal.vm.compiler jdk.internal.vm.compiler.management jdk.jartool jdk.javadoc jdk.jcmd jdk.management jdk.management.agent jdk.jconsole jdk.jdeps jdk.jdwp.agent jdk.jdi jdk.jfr jdk.jshell jdk.jsobject jdk.jstatd jdk.localedata jdk.management.jfr jdk.naming.dns jdk.naming.rmi jdk.net jdk.nio.mapmode jdk.random jdk.sctp jdk.security.auth jdk.security.jgss jdk.unsupported jdk.unsupported.desktop jdk.xml.dom" 

Environment Variables:
PATH=C:\Program Files\Microsoft\jdk-17.0.12.7-hotspot\bin;C:\Program Files\Eclipse Adoptium\jdk-17.0.17.10-hotspot\bin;C:\Windows\system32;C:\Windows;C:\Windows\System32\Wbem;C:\Windows\System32\WindowsPowerShell\v1.0\;C:\Windows\System32\OpenSSH\;C:\Program Files\nodejs\;C:\Users\ishas\Downloads\apache-maven-3.9.11-bin\apache-maven-3.9.11\bin;C:\Users\ishas\Downloads\apache-maven-3.9.11-bin\apache-maven-3.9.11\bin;C:\Program Files\MySQL\MySQL Server 8.0\bin;C:\Users\ishas\AppData\Local\Programs\Python\Python313;C:\Program Files\Git\cmd;C:\Users\ishas\AppData\Local\Programs\Python\Launcher\;C:\Program Files\MySQL\MySQL Shell 8.0\bin\;C:\Users\ishas\AppData\Local\Microsoft\WindowsApps;C:\Users\ishas\AppData\Local\Programs\Microsoft VS Code\bin;C:\Users\ishas\AppData\Roaming\npm
USERNAME=ishas
OS=Windows_NT
PROCESSOR_IDENTIFIER=Intel64 Family 6 Model 186 Stepping 2, GenuineIntel
TMP=C:\Users\ishas\AppData\Local\Temp
TEMP=C:\Users\ishas\AppData\Local\Temp




Periodic native trim disabled

---------------  S Y S T E M  ---------------

OS:
 Windows 11 , 64 bit Build 26100 (10.0.26100.9444)
OS uptime: 0 days 0:23 hours
Hyper-V role detected

CPU: total 12 (initial active 12) (6 cores per cpu, 2 threads per core) family 6 model 186 stepping 2 microcode 0x4122, cx8, cmov, fxsr, ht, mmx, 3dnowpref, sse, sse2, sse3, ssse3, sse4.1, sse4.2, popcnt, lzcnt, tsc, tscinvbit, avx, avx2, aes, erms, clmul, bmi1, bmi2, adx, sha, fma, vzeroupper, clflush, clflushopt, clwb, hv, serialize, rdtscp, rdpid, fsrm, f16c, cet_ibt, cet_ss
Processor Information for processor 0
  Max Mhz: 2100, Current Mhz: 1453, Mhz Limit: 2100
Processor Information for processor 1
  Max Mhz: 2100, Current Mhz: 1453, Mhz Limit: 2100
Processor Information for processor 2
  Max Mhz: 2100, Current Mhz: 2100, Mhz Limit: 2100
Processor Information for processor 3
  Max Mhz: 2100, Current Mhz: 2100, Mhz Limit: 2100
Processor Information for processor 4
  Max Mhz: 2100, Current Mhz: 2100, Mhz Limit: 2100
Processor Information for processor 5
  Max Mhz: 2100, Current Mhz: 2100, Mhz Limit: 2100
Processor Information for processor 6
  Max Mhz: 2100, Current Mhz: 1453, Mhz Limit: 2100
Processor Information for processor 7
  Max Mhz: 2100, Current Mhz: 1453, Mhz Limit: 2100
Processor Information for processor 8
  Max Mhz: 2100, Current Mhz: 2100, Mhz Limit: 2100
Processor Information for processor 9
  Max Mhz: 2100, Current Mhz: 1540, Mhz Limit: 2100
Processor Information for processor 10
  Max Mhz: 2100, Current Mhz: 1540, Mhz Limit: 2100
Processor Information for processor 11
  Max Mhz: 2100, Current Mhz: 2100, Mhz Limit: 2100

Memory: 4k page, system-wide physical 16076M (283M free)
TotalPageFile size 65228M (AvailPageFile size 57M)
current process WorkingSet (physical memory assigned to process): 204M, peak: 212M
current process commit charge ("private bytes"): 412M, peak: 420M

vm_info: OpenJDK 64-Bit Server VM (21.0.12.1+1-LTS) for windows-amd64 JRE (21.0.12.1+1-LTS), built on 2026-08-18T00:00:00Z by "admin" with MS VC++ 17.12 (VS2022)

END.
