#
# There is insufficient memory for the Java Runtime Environment to continue.
# Native memory allocation (mmap) failed to map 65536 bytes. Error detail: Failed to commit metaspace.
# Possible reasons:
#   The system is out of physical RAM or swap space
#   This process is running with CompressedOops enabled, and the Java Heap may be blocking the growth of the native heap
# Possible solutions:
#   Reduce memory load on the system
#   Increase physical memory or swap space
#   Check if swap backing store is full
#   Decrease Java heap size (-Xmx/-Xms)
#   Decrease number of Java threads
#   Decrease Java thread stack sizes (-Xss)
#   Set larger code cache with -XX:ReservedCodeCacheSize=
#   JVM is running with Unscaled Compressed Oops mode in which the Java heap is
#     placed in the first 4GB address space. The Java Heap base address is the
#     maximum limit for the native heap growth. Please use -XX:HeapBaseMinAddress
#     to set the Java Heap base and to place the Java Heap above 4GB virtual address.
# This output file may be truncated or incomplete.
#
#  Out of Memory Error (virtualSpaceNode.cpp:113), pid=57248, tid=48488
#
# JRE version: OpenJDK Runtime Environment Temurin-21.0.12.1+1 (21.0.12.1+1) (build 21.0.12.1+1-LTS)
# Java VM: OpenJDK 64-Bit Server VM Temurin-21.0.12.1+1 (21.0.12.1+1-LTS, mixed mode, sharing, tiered, compressed oops, compressed class ptrs, g1 gc, windows-amd64)
# No core dump will be written. Minidumps are not enabled by default on client versions of Windows
#

---------------  S U M M A R Y ------------

Command Line: --add-opens=java.base/java.lang=ALL-UNNAMED --add-opens=java.base/java.lang.invoke=ALL-UNNAMED --add-opens=java.base/java.util=ALL-UNNAMED --add-opens=java.prefs/java.util.prefs=ALL-UNNAMED --add-exports=jdk.compiler/com.sun.tools.javac.api=ALL-UNNAMED --add-exports=jdk.compiler/com.sun.tools.javac.util=ALL-UNNAMED --add-opens=java.base/java.util=ALL-UNNAMED --add-opens=java.prefs/java.util.prefs=ALL-UNNAMED --add-opens=java.base/java.nio.charset=ALL-UNNAMED --add-opens=java.base/java.net=ALL-UNNAMED --add-opens=java.base/java.util.concurrent.atomic=ALL-UNNAMED --add-opens=java.xml/javax.xml.namespace=ALL-UNNAMED -Xmx1536m -Dfile.encoding=UTF-8 -Duser.country=IN -Duser.language=en -Duser.variant -javaagent:C:\Users\ishas\.gradle\wrapper\dists\gradle-8.14.3-all\10utluxaxniiv4wxiphsi49nj\gradle-8.14.3\lib\agents\gradle-instrumentation-agent-8.14.3.jar org.gradle.launcher.daemon.bootstrap.GradleDaemon 8.14.3

Host: 13th Gen Intel(R) Core(TM) i5-13420H, 12 cores, 15G,  Windows 11 , 64 bit Build 26100 (10.0.26100.9444)
Time: Tue Sep 15 19:11:38 2026 India Standard Time elapsed time: 94.462487 seconds (0d 0h 1m 34s)

---------------  T H R E A D  ---------------

Current thread (0x0000024e7d949570):  JavaThread "Daemon worker"        [_thread_in_vm, id=48488, stack(0x0000009f20500000,0x0000009f20600000) (1024K)]

Stack: [0x0000009f20500000,0x0000009f20600000]
Native frames: (J=compiled Java code, j=interpreted, Vv=VM code, C=native code)
V  [jvm.dll+0x6d83e9]
V  [jvm.dll+0x8b5736]
V  [jvm.dll+0x8b7cee]
V  [jvm.dll+0x8b83d3]
V  [jvm.dll+0x284596]
V  [jvm.dll+0x8b147e]
V  [jvm.dll+0x679ad4]
V  [jvm.dll+0x1e849b]
V  [jvm.dll+0x1e825e]
V  [jvm.dll+0x67c3d2]
V  [jvm.dll+0x67c202]
V  [jvm.dll+0x67a4ae]
V  [jvm.dll+0x26f8e7]
V  [jvm.dll+0x21532d]
V  [jvm.dll+0x21a148]
V  [jvm.dll+0x20f80e]
V  [jvm.dll+0x5b6a7f]
V  [jvm.dll+0x82f606]
V  [jvm.dll+0x4792f8]
V  [jvm.dll+0x47f128]
C  [java.dll+0x17ec]

Java frames: (J=compiled Java code, j=interpreted, Vv=VM code)
J 827  java.lang.ClassLoader.defineClass1(Ljava/lang/ClassLoader;Ljava/lang/String;[BIILjava/security/ProtectionDomain;Ljava/lang/String;)Ljava/lang/Class; java.base@21.0.12.1 (0 bytes) @ 0x0000024e2e876611 [0x0000024e2e876540+0x00000000000000d1]
J 1501 c1 java.lang.ClassLoader.defineClass(Ljava/lang/String;[BIILjava/security/ProtectionDomain;)Ljava/lang/Class; java.base@21.0.12.1 (43 bytes) @ 0x0000024e27025474 [0x0000024e27025120+0x0000000000000354]
J 1135 c1 java.security.SecureClassLoader.defineClass(Ljava/lang/String;[BIILjava/security/CodeSource;)Ljava/lang/Class; java.base@21.0.12.1 (16 bytes) @ 0x0000024e26f3309c [0x0000024e26f32fc0+0x00000000000000dc]
J 1496 c1 java.net.URLClassLoader.defineClass(Ljava/lang/String;Ljdk/internal/loader/Resource;)Ljava/lang/Class; java.base@21.0.12.1 (224 bytes) @ 0x0000024e2701f0c4 [0x0000024e2701d980+0x0000000000001744]
J 926 c1 java.net.URLClassLoader$1.run()Ljava/lang/Class; java.base@21.0.12.1 (81 bytes) @ 0x0000024e26ed806c [0x0000024e26ed7440+0x0000000000000c2c]
J 925 c1 java.net.URLClassLoader$1.run()Ljava/lang/Object; java.base@21.0.12.1 (5 bytes) @ 0x0000024e26ed6ed4 [0x0000024e26ed6e40+0x0000000000000094]
J 713 c1 java.security.AccessController.doPrivileged(Ljava/security/PrivilegedExceptionAction;Ljava/security/AccessControlContext;)Ljava/lang/Object; java.base@21.0.12.1 (26 bytes) @ 0x0000024e26e6408c [0x0000024e26e63ea0+0x00000000000001ec]
J 881 c1 java.net.URLClassLoader.findClass(Ljava/lang/String;)Ljava/lang/Class; java.base@21.0.12.1 (47 bytes) @ 0x0000024e26ecaa44 [0x0000024e26eca8a0+0x00000000000001a4]
J 829 c1 java.lang.ClassLoader.loadClass(Ljava/lang/String;Z)Ljava/lang/Class; java.base@21.0.12.1 (121 bytes) @ 0x0000024e26eaf024 [0x0000024e26eaea60+0x00000000000005c4]
J 851 c1 java.lang.ClassLoader.loadClass(Ljava/lang/String;)Ljava/lang/Class; java.base@21.0.12.1 (7 bytes) @ 0x0000024e26ebd7d4 [0x0000024e26ebd6c0+0x0000000000000114]
v  ~StubRoutines::call_stub 0x0000024e2e28100d
j  org.gradle.cache.internal.DefaultInMemoryCacheDecoratorFactory.applyInMemoryCaching(Ljava/lang/String;Lorg/gradle/cache/internal/MultiProcessSafeAsyncPersistentIndexedCache;IZ)Lorg/gradle/cache/internal/MultiProcessSafeAsyncPersistentIndexedCache;+44
j  org.gradle.cache.internal.CleaningInMemoryCacheDecoratorFactory.applyInMemoryCaching(Ljava/lang/String;Lorg/gradle/cache/internal/MultiProcessSafeAsyncPersistentIndexedCache;IZ)Lorg/gradle/cache/internal/MultiProcessSafeAsyncPersistentIndexedCache;+6
j  org.gradle.cache.internal.DefaultInMemoryCacheDecoratorFactory$InMemoryCacheDecorator.decorate(Ljava/lang/String;Ljava/lang/String;Lorg/gradle/cache/MultiProcessSafeIndexedCache;Lorg/gradle/cache/CrossProcessCacheAccess;Lorg/gradle/cache/AsyncCacheAccess;)Lorg/gradle/cache/MultiProcessSafeIndexedCache;+27
j  org.gradle.cache.internal.DefaultCacheCoordinator.newCache(Lorg/gradle/cache/IndexedCacheParameters;)Lorg/gradle/cache/MultiProcessSafeIndexedCache;+125
j  org.gradle.cache.internal.DefaultPersistentDirectoryStore.createIndexedCache(Lorg/gradle/cache/IndexedCacheParameters;)Lorg/gradle/cache/IndexedCache;+5
j  org.gradle.cache.internal.DefaultCacheFactory$ReferenceTrackingCache.createIndexedCache(Lorg/gradle/cache/IndexedCacheParameters;)Lorg/gradle/cache/IndexedCache;+8
j  org.gradle.api.internal.changedetection.state.DefaultFileAccessTimeJournal.<init>(Lorg/gradle/cache/scopes/GlobalScopedCacheBuilderFactory;Lorg/gradle/cache/internal/InMemoryCacheDecoratorFactory;)V+65
j  org.gradle.internal.service.scopes.GradleUserHomeScopeServices.createFileAccessTimeJournal(Lorg/gradle/cache/scopes/GlobalScopedCacheBuilderFactory;Lorg/gradle/cache/internal/InMemoryCacheDecoratorFactory;)Lorg/gradle/internal/file/FileAccessTimeJournal;+6
j  java.lang.invoke.LambdaForm$DMH+0x0000024e3c09c000.invokeVirtual(Ljava/lang/Object;Ljava/lang/Object;Ljava/lang/Object;Ljava/lang/Object;)Ljava/lang/Object;+14 java.base@21.0.12.1
j  java.lang.invoke.LambdaForm$MH+0x0000024e3c0d9000.invoke(Ljava/lang/Object;Ljava/lang/Object;Ljava/lang/Object;Ljava/lang/Object;)Ljava/lang/Object;+73 java.base@21.0.12.1
J 2400 c1 jdk.internal.reflect.DirectMethodHandleAccessor.invoke(Ljava/lang/Object;[Ljava/lang/Object;)Ljava/lang/Object; java.base@21.0.12.1 (92 bytes) @ 0x0000024e271d8d64 [0x0000024e271d77c0+0x00000000000015a4]
J 2399 c1 java.lang.reflect.Method.invoke(Ljava/lang/Object;[Ljava/lang/Object;)Ljava/lang/Object; java.base@21.0.12.1 (108 bytes) @ 0x0000024e271d6f54 [0x0000024e271d6a40+0x0000000000000514]
j  org.gradle.internal.reflect.JavaMethod.invoke(Ljava/lang/Object;[Ljava/lang/Object;)Ljava/lang/Object;+6
j  org.gradle.internal.service.ReflectionBasedServiceMethod.invoke(Ljava/lang/Object;[Ljava/lang/Object;)Ljava/lang/Object;+6
j  org.gradle.internal.service.DefaultServiceRegistry$FactoryMethodService.invokeMethod([Ljava/lang/Object;)Ljava/lang/Object;+28
j  org.gradle.internal.service.DefaultServiceRegistry$FactoryService.createServiceInstance()Ljava/lang/Object;+7
j  org.gradle.internal.service.DefaultServiceRegistry$FactoryMethodService.createServiceInstance()Ljava/lang/Object;+1
j  org.gradle.internal.service.DefaultServiceRegistry$ManagedObjectServiceProvider.getInstance()Ljava/lang/Object;+24
J 2979 c1 org.gradle.internal.service.DefaultServiceRegistry$SingletonService.get()Ljava/lang/Object; (5 bytes) @ 0x0000024e272f713c [0x0000024e272f70c0+0x000000000000007c]
j  org.gradle.internal.service.DefaultServiceRegistry$FactoryService.assembleParameters()[Ljava/lang/Object;+44
j  org.gradle.internal.service.DefaultServiceRegistry$FactoryService.createServiceInstance()Ljava/lang/Object;+1
j  org.gradle.internal.service.DefaultServiceRegistry$FactoryMethodService.createServiceInstance()Ljava/lang/Object;+1
j  org.gradle.internal.service.DefaultServiceRegistry$ManagedObjectServiceProvider.getInstance()Ljava/lang/Object;+24
J 2979 c1 org.gradle.internal.service.DefaultServiceRegistry$SingletonService.get()Ljava/lang/Object; (5 bytes) @ 0x0000024e272f713c [0x0000024e272f70c0+0x000000000000007c]
j  org.gradle.internal.service.DefaultServiceRegistry$FactoryService.assembleParameters()[Ljava/lang/Object;+44
j  org.gradle.internal.service.DefaultServiceRegistry$FactoryService.createServiceInstance()Ljava/lang/Object;+1
j  org.gradle.internal.service.DefaultServiceRegistry$FactoryMethodService.createServiceInstance()Ljava/lang/Object;+1
j  org.gradle.internal.service.DefaultServiceRegistry$ManagedObjectServiceProvider.getInstance()Ljava/lang/Object;+24
J 2979 c1 org.gradle.internal.service.DefaultServiceRegistry$SingletonService.get()Ljava/lang/Object; (5 bytes) @ 0x0000024e272f713c [0x0000024e272f70c0+0x000000000000007c]
j  org.gradle.internal.service.DefaultServiceRegistry.getCollectionService(Ljava/lang/Class;Lorg/gradle/internal/service/ServiceAccessToken;Lorg/gradle/internal/service/ServiceProvider;)Lorg/gradle/internal/service/Service;+79
j  org.gradle.internal.service.DefaultServiceRegistry.getCollectionService(Ljava/lang/reflect/Type;Lorg/gradle/internal/service/ServiceAccessToken;Lorg/gradle/internal/service/ServiceProvider;)Lorg/gradle/internal/service/Service;+15
j  org.gradle.internal.service.DefaultServiceRegistry.find(Ljava/lang/reflect/Type;Lorg/gradle/internal/service/ServiceAccessToken;Lorg/gradle/internal/service/ServiceProvider;)Lorg/gradle/internal/service/Service;+83
j  org.gradle.internal.service.DefaultServiceRegistry.access$2300(Ljava/lang/reflect/Type;Lorg/gradle/internal/service/ServiceAccessToken;Lorg/gradle/internal/service/ServiceProvider;)Lorg/gradle/internal/service/Service;+3
j  org.gradle.internal.service.DefaultServiceRegistry$FactoryService.bind()V+153
J 2978 c1 org.gradle.internal.service.DefaultServiceRegistry$SingletonService.prepare()Lorg/gradle/internal/service/Service; (111 bytes) @ 0x0000024e272f6084 [0x0000024e272f5e40+0x0000000000000244]
j  org.gradle.internal.service.DefaultServiceRegistry$SingletonService.getService(Ljava/lang/reflect/Type;Lorg/gradle/internal/service/ServiceAccessToken;)Lorg/gradle/internal/service/Service;+29
j  org.gradle.internal.service.DefaultServiceRegistry$OwnServices.getService(Ljava/lang/reflect/Type;Lorg/gradle/internal/service/ServiceAccessToken;)Lorg/gradle/internal/service/Service;+42
j  org.gradle.internal.service.DefaultServiceRegistry$CompositeServiceProvider.getService(Ljava/lang/reflect/Type;Lorg/gradle/internal/service/ServiceAccessToken;)Lorg/gradle/internal/service/Service;+29
j  org.gradle.internal.service.DefaultServiceRegistry.find(Ljava/lang/reflect/Type;Lorg/gradle/internal/service/ServiceAccessToken;Lorg/gradle/internal/service/ServiceProvider;)Lorg/gradle/internal/service/Service;+121
j  org.gradle.internal.service.DefaultServiceRegistry.access$2300(Ljava/lang/reflect/Type;Lorg/gradle/internal/service/ServiceAccessToken;Lorg/gradle/internal/service/ServiceProvider;)Lorg/gradle/internal/service/Service;+3
j  org.gradle.internal.service.DefaultServiceRegistry$FactoryService.bind()V+153
J 2978 c1 org.gradle.internal.service.DefaultServiceRegistry$SingletonService.prepare()Lorg/gradle/internal/service/Service; (111 bytes) @ 0x0000024e272f6084 [0x0000024e272f5e40+0x0000000000000244]
j  org.gradle.internal.service.DefaultServiceRegistry$SingletonService.getService(Ljava/lang/reflect/Type;Lorg/gradle/internal/service/ServiceAccessToken;)Lorg/gradle/internal/service/Service;+29
j  org.gradle.internal.service.DefaultServiceRegistry$OwnServices.getService(Ljava/lang/reflect/Type;Lorg/gradle/internal/service/ServiceAccessToken;)Lorg/gradle/internal/service/Service;+42
j  org.gradle.internal.service.DefaultServiceRegistry$CompositeServiceProvider.getService(Ljava/lang/reflect/Type;Lorg/gradle/internal/service/ServiceAccessToken;)Lorg/gradle/internal/service/Service;+29
j  org.gradle.internal.service.DefaultServiceRegistry.find(Ljava/lang/reflect/Type;Lorg/gradle/internal/service/ServiceAccessToken;Lorg/gradle/internal/service/ServiceProvider;)Lorg/gradle/internal/service/Service;+121
j  org.gradle.internal.service.DefaultServiceRegistry.access$2300(Ljava/lang/reflect/Type;Lorg/gradle/internal/service/ServiceAccessToken;Lorg/gradle/internal/service/ServiceProvider;)Lorg/gradle/internal/service/Service;+3
j  org.gradle.internal.service.DefaultServiceRegistry$FactoryService.bind()V+153
J 2978 c1 org.gradle.internal.service.DefaultServiceRegistry$SingletonService.prepare()Lorg/gradle/internal/service/Service; (111 bytes) @ 0x0000024e272f6084 [0x0000024e272f5e40+0x0000000000000244]
j  org.gradle.internal.service.DefaultServiceRegistry$SingletonService.getService(Ljava/lang/reflect/Type;Lorg/gradle/internal/service/ServiceAccessToken;)Lorg/gradle/internal/service/Service;+29
j  org.gradle.internal.service.DefaultServiceRegistry$OwnServices.getService(Ljava/lang/reflect/Type;Lorg/gradle/internal/service/ServiceAccessToken;)Lorg/gradle/internal/service/Service;+42
j  org.gradle.internal.service.DefaultServiceRegistry$CompositeServiceProvider.getService(Ljava/lang/reflect/Type;Lorg/gradle/internal/service/ServiceAccessToken;)Lorg/gradle/internal/service/Service;+29
j  org.gradle.internal.service.DefaultServiceRegistry$ParentServices.getService(Ljava/lang/reflect/Type;Lorg/gradle/internal/service/ServiceAccessToken;)Lorg/gradle/internal/service/Service;+6
j  org.gradle.internal.service.DefaultServiceRegistry$CompositeServiceProvider.getService(Ljava/lang/reflect/Type;Lorg/gradle/internal/service/ServiceAccessToken;)Lorg/gradle/internal/service/Service;+29
j  org.gradle.internal.service.DefaultServiceRegistry$CompositeServiceProvider.getService(Ljava/lang/reflect/Type;Lorg/gradle/internal/service/ServiceAccessToken;)Lorg/gradle/internal/service/Service;+29
j  org.gradle.internal.service.DefaultServiceRegistry.find(Ljava/lang/reflect/Type;Lorg/gradle/internal/service/ServiceAccessToken;Lorg/gradle/internal/service/ServiceProvider;)Lorg/gradle/internal/service/Service;+121
j  org.gradle.internal.service.DefaultServiceRegistry.access$2300(Ljava/lang/reflect/Type;Lorg/gradle/internal/service/ServiceAccessToken;Lorg/gradle/internal/service/ServiceProvider;)Lorg/gradle/internal/service/Service;+3
j  org.gradle.internal.service.DefaultServiceRegistry$FactoryService.bind()V+153
J 2978 c1 org.gradle.internal.service.DefaultServiceRegistry$SingletonService.prepare()Lorg/gradle/internal/service/Service; (111 bytes) @ 0x0000024e272f6084 [0x0000024e272f5e40+0x0000000000000244]
j  org.gradle.internal.service.DefaultServiceRegistry$SingletonService.getService(Ljava/lang/reflect/Type;Lorg/gradle/internal/service/ServiceAccessToken;)Lorg/gradle/internal/service/Service;+29
j  org.gradle.internal.service.DefaultServiceRegistry$OwnServices.getService(Ljava/lang/reflect/Type;Lorg/gradle/internal/service/ServiceAccessToken;)Lorg/gradle/internal/service/Service;+42
j  org.gradle.internal.service.DefaultServiceRegistry$CompositeServiceProvider.getService(Ljava/lang/reflect/Type;Lorg/gradle/internal/service/ServiceAccessToken;)Lorg/gradle/internal/service/Service;+29
j  org.gradle.internal.service.DefaultServiceRegistry.find(Ljava/lang/reflect/Type;Lorg/gradle/internal/service/ServiceAccessToken;Lorg/gradle/internal/service/ServiceProvider;)Lorg/gradle/internal/service/Service;+121
j  org.gradle.internal.service.DefaultServiceRegistry.getService(Ljava/lang/reflect/Type;)Lorg/gradle/internal/service/Service;+10
j  org.gradle.internal.service.DefaultServiceRegistry.find(Ljava/lang/reflect/Type;)Ljava/lang/Object;+9
j  org.gradle.internal.service.DefaultServiceRegistry.get(Ljava/lang/reflect/Type;)Ljava/lang/Object;+2
j  org.gradle.internal.service.DefaultServiceRegistry.get(Ljava/lang/Class;)Ljava/lang/Object;+3
j  org.gradle.internal.session.DefaultBuildSessionContext.execute(Lorg/gradle/internal/invocation/BuildAction;)Lorg/gradle/internal/buildtree/BuildActionRunner$Result;+54
j  org.gradle.internal.buildprocess.execution.BuildSessionLifecycleBuildActionExecutor$ActionImpl.apply(Lorg/gradle/internal/session/BuildSessionContext;)Lorg/gradle/launcher/exec/BuildActionResult;+6
j  org.gradle.internal.buildprocess.execution.BuildSessionLifecycleBuildActionExecutor$ActionImpl.apply(Ljava/lang/Object;)Ljava/lang/Object;+5
j  org.gradle.internal.session.BuildSessionState.run(Ljava/util/function/Function;)Ljava/lang/Object;+5
j  org.gradle.internal.buildprocess.execution.BuildSessionLifecycleBuildActionExecutor.execute(Lorg/gradle/internal/invocation/BuildAction;Lorg/gradle/launcher/exec/BuildActionParameters;Lorg/gradle/initialization/BuildRequestContext;)Lorg/gradle/launcher/exec/BuildActionResult;+95
j  org.gradle.internal.buildprocess.execution.BuildSessionLifecycleBuildActionExecutor.execute(Lorg/gradle/internal/invocation/BuildAction;Ljava/lang/Object;Ljava/lang/Object;)Lorg/gradle/launcher/exec/BuildActionResult;+10
j  org.gradle.internal.buildprocess.execution.StartParamsValidatingActionExecutor.execute(Lorg/gradle/internal/invocation/BuildAction;Lorg/gradle/launcher/exec/BuildActionParameters;Lorg/gradle/initialization/BuildRequestContext;)Lorg/gradle/launcher/exec/BuildActionResult;+203
j  org.gradle.internal.buildprocess.execution.StartParamsValidatingActionExecutor.execute(Lorg/gradle/internal/invocation/BuildAction;Ljava/lang/Object;Ljava/lang/Object;)Lorg/gradle/launcher/exec/BuildActionResult;+10
j  org.gradle.internal.buildprocess.execution.SessionFailureReportingActionExecutor.execute(Lorg/gradle/internal/invocation/BuildAction;Lorg/gradle/launcher/exec/BuildActionParameters;Lorg/gradle/initialization/BuildRequestContext;)Lorg/gradle/launcher/exec/BuildActionResult;+7
j  org.gradle.internal.buildprocess.execution.SessionFailureReportingActionExecutor.execute(Lorg/gradle/internal/invocation/BuildAction;Ljava/lang/Object;Ljava/lang/Object;)Lorg/gradle/launcher/exec/BuildActionResult;+10
j  org.gradle.internal.buildprocess.execution.SetupLoggingActionExecutor.execute(Lorg/gradle/internal/invocation/BuildAction;Lorg/gradle/launcher/exec/BuildActionParameters;Lorg/gradle/initialization/BuildRequestContext;)Lorg/gradle/launcher/exec/BuildActionResult;+50
j  org.gradle.internal.buildprocess.execution.SetupLoggingActionExecutor.execute(Lorg/gradle/internal/invocation/BuildAction;Ljava/lang/Object;Ljava/lang/Object;)Lorg/gradle/launcher/exec/BuildActionResult;+10
j  org.gradle.launcher.daemon.server.exec.ExecuteBuild.doBuild(Lorg/gradle/launcher/daemon/server/api/DaemonCommandExecution;Lorg/gradle/launcher/daemon/protocol/Build;)V+147
j  org.gradle.launcher.daemon.server.exec.BuildCommandOnly.execute(Lorg/gradle/launcher/daemon/server/api/DaemonCommandExecution;)V+49
j  org.gradle.launcher.daemon.server.api.DaemonCommandExecution.proceed()Z+23
j  org.gradle.launcher.daemon.server.exec.WatchForDisconnection.execute(Lorg/gradle/launcher/daemon/server/api/DaemonCommandExecution;)V+19
j  org.gradle.launcher.daemon.server.api.DaemonCommandExecution.proceed()Z+23
j  org.gradle.launcher.daemon.server.exec.ResetDeprecationLogger.execute(Lorg/gradle/launcher/daemon/server/api/DaemonCommandExecution;)V+7
j  org.gradle.launcher.daemon.server.api.DaemonCommandExecution.proceed()Z+23
j  org.gradle.launcher.daemon.server.exec.RequestStopIfSingleUsedDaemon.execute(Lorg/gradle/launcher/daemon/server/api/DaemonCommandExecution;)V+33
j  org.gradle.launcher.daemon.server.api.DaemonCommandExecution.proceed()Z+23
j  org.gradle.launcher.daemon.server.exec.ForwardClientInput.lambda$execute$0(Lorg/gradle/launcher/daemon/server/api/DaemonCommandExecution;Lorg/gradle/internal/daemon/clientinput/StdinHandler;)Ljava/lang/Object;+11
j  org.gradle.launcher.daemon.server.exec.ForwardClientInput$$Lambda+0x0000024e3c1914a0.apply(Ljava/lang/Object;)Ljava/lang/Object;+8
j  org.gradle.internal.daemon.clientinput.ClientInputForwarder.forwardInput(Ljava/util/function/Function;)Ljava/lang/Object;+46
j  org.gradle.launcher.daemon.server.exec.ForwardClientInput.execute(Lorg/gradle/launcher/daemon/server/api/DaemonCommandExecution;)V+10
j  org.gradle.launcher.daemon.server.api.DaemonCommandExecution.proceed()Z+23
j  org.gradle.launcher.daemon.server.exec.LogAndCheckHealth.execute(Lorg/gradle/launcher/daemon/server/api/DaemonCommandExecution;)V+51
j  org.gradle.launcher.daemon.server.api.DaemonCommandExecution.proceed()Z+23
j  org.gradle.launcher.daemon.server.exec.LogToClient.doBuild(Lorg/gradle/launcher/daemon/server/api/DaemonCommandExecution;Lorg/gradle/launcher/daemon/protocol/Build;)V+87
j  org.gradle.launcher.daemon.server.exec.BuildCommandOnly.execute(Lorg/gradle/launcher/daemon/server/api/DaemonCommandExecution;)V+49
j  org.gradle.launcher.daemon.server.api.DaemonCommandExecution.proceed()Z+23
j  org.gradle.launcher.daemon.server.exec.EstablishBuildEnvironment.doBuild(Lorg/gradle/launcher/daemon/server/api/DaemonCommandExecution;Lorg/gradle/launcher/daemon/protocol/Build;)V+356
j  org.gradle.launcher.daemon.server.exec.BuildCommandOnly.execute(Lorg/gradle/launcher/daemon/server/api/DaemonCommandExecution;)V+49
j  org.gradle.launcher.daemon.server.api.DaemonCommandExecution.proceed()Z+23
j  org.gradle.launcher.daemon.server.exec.StartBuildOrRespondWithBusy$1.run()V+44
j  org.gradle.launcher.daemon.server.DaemonStateCoordinator.lambda$runCommand$0(Ljava/lang/Runnable;)V+1
j  org.gradle.launcher.daemon.server.DaemonStateCoordinator$$Lambda+0x0000024e3c190238.run()V+8
j  org.gradle.internal.concurrent.ExecutorPolicy$CatchAndRecordFailures.onExecute(Ljava/lang/Runnable;)V+1
j  org.gradle.internal.concurrent.AbstractManagedExecutor$1.run()V+25
j  java.util.concurrent.ThreadPoolExecutor.runWorker(Ljava/util/concurrent/ThreadPoolExecutor$Worker;)V+92 java.base@21.0.12.1
j  java.util.concurrent.ThreadPoolExecutor$Worker.run()V+5 java.base@21.0.12.1
j  java.lang.Thread.runWith(Ljava/lang/Object;Ljava/lang/Runnable;)V+5 java.base@21.0.12.1
j  java.lang.Thread.run()V+19 java.base@21.0.12.1
v  ~StubRoutines::call_stub 0x0000024e2e28100d

Compiled method (n/a) 94898  827     n 0       java.lang.ClassLoader::defineClass1 (native)
 total in heap  [0x0000024e2e876390,0x0000024e2e876928] = 1432
 relocation     [0x0000024e2e8764f0,0x0000024e2e876528] = 56
 main code      [0x0000024e2e876540,0x0000024e2e876921] = 993
 stub code      [0x0000024e2e876921,0x0000024e2e876928] = 7

[Constant Pool (empty)]

[MachCode]
[Entry Point]
  # {method} {0x0000024e3b434c38} 'defineClass1' '(Ljava/lang/ClassLoader;Ljava/lang/String;[BIILjava/security/ProtectionDomain;Ljava/lang/String;)Ljava/lang/Class;' in 'java/lang/ClassLoader'
  # parm0:    rdx:rdx   = 'java/lang/ClassLoader'
  # parm1:    r8:r8     = 'java/lang/String'
  # parm2:    r9:r9     = '[B'
  # parm3:    rdi       = int
  # parm4:    rsi       = int
  # parm5:    rcx:rcx   = 'java/security/ProtectionDomain'
  # parm6:    [sp+0xa0]   = 'java/lang/String'  (sp of caller)
  0x0000024e2e876540: 448b 5208 | 49bb 0000 | 003b 4e02 | 0000 4d03 | d349 3bc2 | 0f84 0600 

  0x0000024e2e876558: ;   {runtime_call ic_miss_stub}
  0x0000024e2e876558: 0000 e921 | 82a5 ff90 
[Verified Entry Point]
  0x0000024e2e876560: 8984 2400 | 80ff ff55 | 488b ec48 | 81ec 9000 | 0000 6690 | 4181 7f20 | 0100 0000 

  0x0000024e2e87657c: ;   {runtime_call StubRoutines (final stubs)}
  0x0000024e2e87657c: 7405 e81d | ffa3 ff48 | 837d 1000 | 488d 4510 | 480f 4445 | 1048 8944 | 2440 4889 | 4c24 7048 
  0x0000024e2e87659c: 83f9 0048 | 8d44 2470 | 480f 4444 | 2470 4889 | 4424 3848 | 8974 2430 | 4889 7c24 | 284c 894c 
  0x0000024e2e8765bc: 2458 4983 | f900 488d | 4424 5848 | 0f44 4424 | 5848 8944 | 2420 4c89 | 4424 5049 | 83f8 004c 
  0x0000024e2e8765dc: 8d4c 2450 | 4c0f 444c | 2450 4889 | 5424 4848 | 83fa 004c | 8d44 2448 | 4c0f 4444 

  0x0000024e2e8765f8: ;   {oop(a 'java/lang/Class'{0x00000000a0815c60} = 'java/lang/ClassLoader')}
  0x0000024e2e8765f8: 2448 49be | 605c 81a0 | 0000 0000 | 4c89 7424 | 784c 8d74 | 2478 498b | d6c5 f877 

  0x0000024e2e876614: ;   {internal_word}
  0x0000024e2e876614: 49ba 1166 | 872e 4e02 | 0000 4d89 | 97a8 0300 | 0049 89a7 | a003 0000 

  0x0000024e2e87662c: ;   {external_word}
  0x0000024e2e87662c: 49ba 066d | ae33 f97f | 0000 4180 | 3a00 0f84 | 4e00 0000 | 5241 5041 

  0x0000024e2e876644: ;   {metadata({method} {0x0000024e3b434c38} 'defineClass1' '(Ljava/lang/ClassLoader;Ljava/lang/String;[BIILjava/security/ProtectionDomain;Ljava/lang/String;)Ljava/lang/Class;' in 'java/lang/ClassLoader')}
  0x0000024e2e876644: 5148 ba30 | 4c43 3b4e | 0200 0049 | 8bcf 4883 | ec20 40f6 | c40f 0f84 | 1900 0000 | 4883 ec08 
  0x0000024e2e876664: ;   {runtime_call}
  0x0000024e2e876664: 48b8 e0ea | 5733 f97f | 0000 ffd0 | 4883 c408 | e90c 0000 

  0x0000024e2e876678: ;   {runtime_call}
  0x0000024e2e876678: 0048 b8e0 | ea57 33f9 | 7f00 00ff | d048 83c4 | 2041 5941 | 585a 498d | 8fc0 0300 | 0041 c787 
  0x0000024e2e876698: 4c04 0000 | 0400 0000 

  0x0000024e2e8766a0: ;   {runtime_call}
  0x0000024e2e8766a0: 48b8 ac16 | 09e2 f97f | 0000 ffd0 | c5f8 7741 | c787 4c04 | 0000 0500 | 0000 f083 | 4424 c000 
  0x0000024e2e8766c0: 493b af50 | 0400 000f | 870e 0000 | 0041 83bf | 4804 0000 | 000f 842b | 0000 00c5 | f877 4889 
  0x0000024e2e8766e0: 45f8 498b | cf4c 8be4 | 4883 ec20 | 4883 e4f0 

  0x0000024e2e8766f0: ;   {runtime_call}
  0x0000024e2e8766f0: 48b8 0058 | 2333 f97f | 0000 ffd0 | 498b e44d | 33e4 488b | 45f8 41c7 | 874c 0400 | 0008 0000 
  0x0000024e2e876710: 0041 83bf | c804 0000 | 020f 84d5 

  0x0000024e2e87671c: ;   {external_word}
  0x0000024e2e87671c: 0100 0049 | ba06 6dae | 33f9 7f00 | 0041 803a | 000f 844c | 0000 0048 

  0x0000024e2e876734: ;   {metadata({method} {0x0000024e3b434c38} 'defineClass1' '(Ljava/lang/ClassLoader;Ljava/lang/String;[BIILjava/security/ProtectionDomain;Ljava/lang/String;)Ljava/lang/Class;' in 'java/lang/ClassLoader')}
  0x0000024e2e876734: 8945 f848 | ba30 4c43 | 3b4e 0200 | 0049 8bcf | 4883 ec20 | 40f6 c40f | 0f84 1900 | 0000 4883 
  0x0000024e2e876754: ;   {runtime_call}
  0x0000024e2e876754: ec08 48b8 | e0ea 5733 | f97f 0000 | ffd0 4883 | c408 e90c 

  0x0000024e2e876768: ;   {runtime_call}
  0x0000024e2e876768: 0000 0048 | b8e0 ea57 | 33f9 7f00 | 00ff d048 | 83c4 2048 | 8b45 f849 | c787 a003 | 0000 0000 
  0x0000024e2e876788: 0000 49c7 | 87a8 0300 | 0000 0000 | 00c5 f877 | 4885 c00f | 8430 0100 | 00a8 030f | 8508 0000 
  0x0000024e2e8767a8: 0048 8b00 | e920 0100 | 00a8 010f | 8509 0000 | 0048 8b40 | fee9 0f01 | 0000 488b | 40ff 4180 
  0x0000024e2e8767c8: 7f40 000f | 8400 0100 | 0048 83f8 | 000f 84f6 | 0000 0049 | 8b4f 2848 | 83f9 000f | 8414 0000 
  0x0000024e2e8767e8: 0048 83e9 | 0849 894f | 2849 034f | 3848 8901 | e9d4 0000 | 0048 83ec | 7048 8904 | 2448 894c 
  0x0000024e2e876808: 2408 4889 | 5424 104c | 8944 2418 | 4c89 4c24 | 204c 8954 | 2428 4c89 | 5c24 30c5 | fb11 4424 
  0x0000024e2e876828: 40c5 fb11 | 4c24 48c5 | fb11 5424 | 50c5 fb11 | 5c24 58c5 | fb11 6424 | 60c5 fb11 | 6c24 6849 
  0x0000024e2e876848: 8bd7 488b | c848 83ec | 2040 f6c4 | 0f0f 8419 | 0000 0048 

  0x0000024e2e87685c: ;   {runtime_call}
  0x0000024e2e87685c: 83ec 0848 | b820 a416 | 33f9 7f00 | 00ff d048 | 83c4 08e9 | 0c00 0000 

  0x0000024e2e876874: ;   {runtime_call}
  0x0000024e2e876874: 48b8 20a4 | 1633 f97f | 0000 ffd0 | 4883 c420 | c5fb 106c | 2468 c5fb | 1064 2460 | c5fb 105c 
  0x0000024e2e876894: 2458 c5fb | 1054 2450 | c5fb 104c | 2448 c5fb | 1044 2440 | 4c8b 5c24 | 304c 8b54 | 2428 4c8b 
  0x0000024e2e8768b4: 4c24 204c | 8b44 2418 | 488b 5424 | 1048 8b4c | 2408 488b | 0424 4883 | c470 c5f8 | 7749 8b8f 
  0x0000024e2e8768d4: 3004 0000 | c781 0001 | 0000 0000 | 0000 c949 | 837f 0800 | 0f85 0100 

  0x0000024e2e8768ec: ;   {runtime_call StubRoutines (initial stubs)}
  0x0000024e2e8768ec: 0000 c3e9 | 0ca6 a0ff | c5f8 7748 | 8945 f84c | 8be4 4883 | ec20 4883 

  0x0000024e2e876904: ;   {runtime_call}
  0x0000024e2e876904: e4f0 48b8 | 3022 5833 | f97f 0000 | ffd0 498b | e44d 33e4 | 488b 45f8 | e9fe fdff | fff4 f4f4 
  0x0000024e2e876924: f4f4 f4f4 
[/MachCode]


Compiled method (c1) 94958 1501       3       java.lang.ClassLoader::defineClass (43 bytes)
 total in heap  [0x0000024e27024f10,0x0000024e27025860] = 2384
 relocation     [0x0000024e27025070,0x0000024e27025110] = 160
 main code      [0x0000024e27025120,0x0000024e270255b8] = 1176
 stub code      [0x0000024e270255b8,0x0000024e27025630] = 120
 metadata       [0x0000024e27025630,0x0000024e27025660] = 48
 scopes data    [0x0000024e27025660,0x0000024e27025750] = 240
 scopes pcs     [0x0000024e27025750,0x0000024e27025830] = 224
 dependencies   [0x0000024e27025830,0x0000024e27025838] = 8
 nul chk table  [0x0000024e27025838,0x0000024e27025860] = 40

[Constant Pool (empty)]

[MachCode]
[Entry Point]
  # {method} {0x0000024e3b434fb8} 'defineClass' '(Ljava/lang/String;[BIILjava/security/ProtectionDomain;)Ljava/lang/Class;' in 'java/lang/ClassLoader'
  # this:     rdx:rdx   = 'java/lang/ClassLoader'
  # parm0:    r8:r8     = 'java/lang/String'
  # parm1:    r9:r9     = '[B'
  # parm2:    rdi       = int
  # parm3:    rsi       = int
  # parm4:    rcx:rcx   = 'java/security/ProtectionDomain'
  #           [sp+0xc0]  (sp of caller)
  0x0000024e27025120: 448b 5208 | 49bb 0000 | 003b 4e02 | 0000 4d03 | d34c 3bd0 

  0x0000024e27025134: ;   {runtime_call ic_miss_stub}
  0x0000024e27025134: 0f85 4696 | 2a07 660f | 1f44 0000 
[Verified Entry Point]
  0x0000024e27025140: 8984 2400 | 80ff ff55 | 4881 ecb0 | 0000 0090 | 4181 7f20 | 0100 0000 

  0x0000024e27025158: ;   {runtime_call StubRoutines (final stubs)}
  0x0000024e27025158: 7405 e841 | 1329 0748 | 8954 2478 

  0x0000024e27025164: ;   {metadata(method data for {method} {0x0000024e3b434fb8} 'defineClass' '(Ljava/lang/String;[BIILjava/security/ProtectionDomain;)Ljava/lang/Class;' in 'java/lang/ClassLoader')}
  0x0000024e27025164: 48bb 58d9 | 1800 4e02 | 0000 8b83 | cc00 0000 | 83c0 0289 | 83cc 0000 | 0025 fe07 | 0000 85c0 
  0x0000024e27025184: 0f84 5003 | 0000 89b4 | 2494 0000 | 0089 bc24 | 9000 0000 | 4c89 8c24 | 8800 0000 

  0x0000024e270251a0: ;   {metadata(method data for {method} {0x0000024e3b434fb8} 'defineClass' '(Ljava/lang/String;[BIILjava/security/ProtectionDomain;)Ljava/lang/Class;' in 'java/lang/ClassLoader')}
  0x0000024e270251a0: 488b da48 | b858 d918 | 004e 0200 | 0048 8380 | 1001 0000 | 0149 8bd8 | 4c8b c34c | 8bc9 488b 
  0x0000024e270251c0: ca48 8bd1 | 4889 9c24 | 8000 0000 

  0x0000024e270251cc: ;   {optimized virtual_call}
  0x0000024e270251cc: 6666 90e8 

  0x0000024e270251d0: ; ImmutableOopMap {[120]=Oop [128]=Oop [136]=Oop }
                      ;*invokevirtual preDefineClass {reexecute=0 rethrow=0 return_oop=0}
                      ; - java.lang.ClassLoader::defineClass@4
  0x0000024e270251d0: 4c8f 0000 

  0x0000024e270251d4: ;   {other}
  0x0000024e270251d4: 0f1f 8400 | c402 0000 | 4889 8424 | 9800 0000 | 488b 5424 

  0x0000024e270251e8: ;   {metadata(method data for {method} {0x0000024e3b434fb8} 'defineClass' '(Ljava/lang/String;[BIILjava/security/ProtectionDomain;)Ljava/lang/Class;' in 'java/lang/ClassLoader')}
  0x0000024e270251e8: 7849 b858 | d918 004e | 0200 0049 | 8380 4801 

  0x0000024e270251f8: ;   {metadata(method data for {method} {0x0000024e3b434ca0} 'defineClassSourceLocation' '(Ljava/security/ProtectionDomain;)Ljava/lang/String;' in 'java/lang/ClassLoader')}
  0x0000024e270251f8: 0000 0149 | b828 0919 | 004e 0200 | 0041 8b90 | cc00 0000 | 83c2 0241 | 8990 cc00 | 0000 81e2 
  0x0000024e27025218: feff 1f00 | 85d2 0f84 | d702 0000 

  0x0000024e27025224: ; implicit exception: dispatches to 0x0000024e2702551c
  0x0000024e27025224: 483b 004c 

  0x0000024e27025228: ;   {metadata(method data for {method} {0x0000024e3b434ca0} 'defineClassSourceLocation' '(Ljava/security/ProtectionDomain;)Ljava/lang/String;' in 'java/lang/ClassLoader')}
  0x0000024e27025228: 8bc0 48ba | 2809 1900 | 4e02 0000 | 4883 8210 | 0100 0001 | 448b 4010 

  0x0000024e27025240: ;   {metadata(method data for {method} {0x0000024e3b434ca0} 'defineClassSourceLocation' '(Ljava/security/ProtectionDomain;)Ljava/lang/String;' in 'java/lang/ClassLoader')}
  0x0000024e27025240: 4d85 c048 | ba28 0919 | 004e 0200 | 0048 c7c6 | 5801 0000 | 7507 48c7 | c648 0100 | 0048 8b3c 
  0x0000024e27025260: 3248 8d7f | 0148 893c | 320f 850f 

  0x0000024e2702526c: ;   {oop(nullptr)}
  0x0000024e2702526c: 0000 0048 | bb00 0000 | 0000 0000 | 00e9 a101 | 0000 493b | 0049 8bd0 

  0x0000024e27025284: ;   {metadata(method data for {method} {0x0000024e3b434ca0} 'defineClassSourceLocation' '(Ljava/security/ProtectionDomain;)Ljava/lang/String;' in 'java/lang/ClassLoader')}
  0x0000024e27025284: 48be 2809 | 1900 4e02 | 0000 4883 | 8668 0100 | 0001 418b | 500c 4885 

  0x0000024e2702529c: ;   {metadata(method data for {method} {0x0000024e3b434ca0} 'defineClassSourceLocation' '(Ljava/security/ProtectionDomain;)Ljava/lang/String;' in 'java/lang/ClassLoader')}
  0x0000024e2702529c: d248 be28 | 0919 004e | 0200 0048 | c7c7 b001 | 0000 7507 | 48c7 c7a0 | 0100 0048 | 8b1c 3e48 
  0x0000024e270252bc: 8d5b 0148 | 891c 3e0f | 850f 0000 

  0x0000024e270252c8: ;   {oop(nullptr)}
  0x0000024e270252c8: 0048 bb00 | 0000 0000 | 0000 00e9 | 4701 0000 

  0x0000024e270252d8: ;   {metadata(method data for {method} {0x0000024e3b434ca0} 'defineClassSourceLocation' '(Ljava/security/ProtectionDomain;)Ljava/lang/String;' in 'java/lang/ClassLoader')}
  0x0000024e270252d8: 48be 2809 | 1900 4e02 | 0000 4883 | 86c0 0100 | 0001 483b | 024c 8bc2 

  0x0000024e270252f0: ;   {metadata(method data for {method} {0x0000024e3b434ca0} 'defineClassSourceLocation' '(Ljava/security/ProtectionDomain;)Ljava/lang/String;' in 'java/lang/ClassLoader')}
  0x0000024e270252f0: 48be 2809 | 1900 4e02 | 0000 4883 | 86f8 0100 

  0x0000024e27025300: ;   {metadata(method data for {method} {0x0000024e3b01abf0} 'toString' '()Ljava/lang/String;' in 'java/net/URL')}
  0x0000024e27025300: 0001 49b8 | c0a8 0d00 | 4e02 0000 | 418b b0cc | 0000 0083 | c602 4189 | b0cc 0000 | 0081 e6fe 
  0x0000024e27025320: ff1f 0085 | f60f 8400 | 0200 004c 

  0x0000024e2702532c: ;   {metadata(method data for {method} {0x0000024e3b01abf0} 'toString' '()Ljava/lang/String;' in 'java/net/URL')}
  0x0000024e2702532c: 8bc2 48be | c0a8 0d00 | 4e02 0000 | 4883 8610 | 0100 0001 

  0x0000024e27025340: ;   {metadata(method data for {method} {0x0000024e3b428840} 'toExternalForm' '()Ljava/lang/String;' in 'java/net/URL')}
  0x0000024e27025340: 49b8 48aa | 0d00 4e02 | 0000 418b | b0cc 0000 | 0083 c602 | 4189 b0cc | 0000 0081 | e6fe ff1f 
  0x0000024e27025360: 0085 f60f | 84e3 0100 | 008b 7238 

  0x0000024e2702536c: ; implicit exception: dispatches to 0x0000024e2702556d
  0x0000024e2702536c: 483b 064c 

  0x0000024e27025370: ;   {metadata(method data for {method} {0x0000024e3b428840} 'toExternalForm' '()Ljava/lang/String;' in 'java/net/URL')}
  0x0000024e27025370: 8bc6 48bf | 48aa 0d00 | 4e02 0000 | 458b 4008 | 49ba 0000 | 003b 4e02 | 0000 4d03 | c24c 3b87 
  0x0000024e27025390: 2001 0000 | 750d 4883 | 8728 0100 | 0001 e960 | 0000 004c | 3b87 3001 | 0000 750d | 4883 8738 
  0x0000024e270253b0: 0100 0001 | e94a 0000 | 0048 83bf | 2001 0000 | 0075 174c | 8987 2001 | 0000 48c7 | 8728 0100 
  0x0000024e270253d0: 0001 0000 | 00e9 2900 | 0000 4883 | bf30 0100 | 0000 7517 | 4c89 8730 | 0100 0048 | c787 3801 
  0x0000024e270253f0: 0000 0100 | 0000 e908 | 0000 0048 | 8387 1001 | 0000 014c | 8bc2 488b | d666 0f1f 

  0x0000024e2702540c: ;   {optimized virtual_call}
  0x0000024e2702540c: 4400 00e8 

  0x0000024e27025410: ; ImmutableOopMap {[120]=Oop [128]=Oop [136]=Oop [152]=Oop }
                      ;*invokevirtual toExternalForm {reexecute=0 rethrow=0 return_oop=0}
                      ; - java.net.URL::toExternalForm@5
                      ; - java.net.URL::toString@1
                      ; - java.lang.ClassLoader::defineClassSourceLocation@22
                      ; - java.lang.ClassLoader::defineClass@12
  0x0000024e27025410: 0cea e6ff 

  0x0000024e27025414: ;   {other}
  0x0000024e27025414: 0f1f 8400 | 0405 0001 | 488b d848 | 8b84 2498 | 0000 008b | b424 9400 | 0000 8bbc | 2490 0000 
  0x0000024e27025434: 004c 8b8c | 2488 0000 | 004c 8b84 | 2480 0000 | 0048 8b54 

  0x0000024e27025448: ;   {metadata(method data for {method} {0x0000024e3b434fb8} 'defineClass' '(Ljava/lang/String;[BIILjava/security/ProtectionDomain;)Ljava/lang/Class;' in 'java/lang/ClassLoader')}
  0x0000024e27025448: 2478 48b9 | 58d9 1800 | 4e02 0000 | 4883 8180 | 0100 0001 | 4c8b da49 | 8bd3 488b | c848 891c 
  0x0000024e27025468: 2466 0f1f 

  0x0000024e2702546c: ;   {static_call}
  0x0000024e2702546c: 4400 00e8 

  0x0000024e27025470: ; ImmutableOopMap {[120]=Oop [152]=Oop }
                      ;*invokestatic defineClass1 {reexecute=0 rethrow=0 return_oop=0}
                      ; - java.lang.ClassLoader::defineClass@27
  0x0000024e27025470: ec10 8507 

  0x0000024e27025474: ;   {other}
  0x0000024e27025474: 0f1f 8400 | 6405 0002 | 488b 5424 

  0x0000024e27025480: ;   {metadata(method data for {method} {0x0000024e3b434fb8} 'defineClass' '(Ljava/lang/String;[BIILjava/security/ProtectionDomain;)Ljava/lang/Class;' in 'java/lang/ClassLoader')}
  0x0000024e27025480: 7849 b858 | d918 004e | 0200 0049 | 8380 9001 | 0000 014c | 8bc0 4c8b | 8c24 9800 | 0000 488b 
  0x0000024e270254a0: 5424 7848 | 8984 24a0 | 0000 000f 

  0x0000024e270254ac: ;   {optimized virtual_call}
  0x0000024e270254ac: 1f40 00e8 

  0x0000024e270254b0: ; ImmutableOopMap {[160]=Oop }
                      ;*invokevirtual postDefineClass {reexecute=0 rethrow=0 return_oop=0}
                      ; - java.lang.ClassLoader::defineClass@37
  0x0000024e270254b0: ecc4 0000 

  0x0000024e270254b4: ;   {other}
  0x0000024e270254b4: 0f1f 8400 | a405 0003 | 488b 8424 | a000 0000 | 4881 c4b0 | 0000 005d 

  0x0000024e270254cc: ;   {poll_return}
  0x0000024e270254cc: 493b a750 | 0400 000f | 8799 0000 

  0x0000024e270254d8: ;   {metadata({method} {0x0000024e3b434fb8} 'defineClass' '(Ljava/lang/String;[BIILjava/security/ProtectionDomain;)Ljava/lang/Class;' in 'java/lang/ClassLoader')}
  0x0000024e270254d8: 00c3 49ba | b04f 433b | 4e02 0000 | 4c89 5424 | 0848 c704 | 24ff ffff 

  0x0000024e270254f0: ;   {runtime_call counter_overflow Runtime1 stub}
  0x0000024e270254f0: ffe8 0ab8 

  0x0000024e270254f4: ; ImmutableOopMap {rdx=Oop r8=Oop r9=Oop rcx=Oop [120]=Oop }
                      ;*synchronization entry
                      ; - java.lang.ClassLoader::defineClass@-1
  0x0000024e270254f4: 3707 e98f 

  0x0000024e270254f8: ;   {metadata({method} {0x0000024e3b434ca0} 'defineClassSourceLocation' '(Ljava/security/ProtectionDomain;)Ljava/lang/String;' in 'java/lang/ClassLoader')}
  0x0000024e270254f8: fcff ff49 | ba98 4c43 | 3b4e 0200 | 004c 8954 | 2408 48c7 | 0424 ffff 

  0x0000024e27025510: ;   {runtime_call counter_overflow Runtime1 stub}
  0x0000024e27025510: ffff e8e9 

  0x0000024e27025514: ; ImmutableOopMap {rax=Oop [120]=Oop [128]=Oop [136]=Oop [152]=Oop }
                      ;*synchronization entry
                      ; - java.lang.ClassLoader::defineClassSourceLocation@-1
                      ; - java.lang.ClassLoader::defineClass@12
  0x0000024e27025514: b737 07e9 | 08fd ffff 

  0x0000024e2702551c: ;   {runtime_call throw_null_pointer_exception Runtime1 stub}
  0x0000024e2702551c: e8df 6637 

  0x0000024e27025520: ; ImmutableOopMap {rax=Oop [120]=Oop [128]=Oop [136]=Oop [152]=Oop }
                      ;*invokevirtual getCodeSource {reexecute=0 rethrow=0 return_oop=0}
                      ; - java.lang.ClassLoader::defineClassSourceLocation@1
                      ; - java.lang.ClassLoader::defineClass@12
                      ;   {runtime_call throw_null_pointer_exception Runtime1 stub}
  0x0000024e27025520: 07e8 da66 

  0x0000024e27025524: ; ImmutableOopMap {rax=Oop r8=Oop [120]=Oop [128]=Oop [136]=Oop [152]=Oop }
                      ;*invokevirtual getLocation {reexecute=0 rethrow=0 return_oop=0}
                      ; - java.lang.ClassLoader::defineClassSourceLocation@12
                      ; - java.lang.ClassLoader::defineClass@12
                      ;   {runtime_call throw_null_pointer_exception Runtime1 stub}
  0x0000024e27025524: 3707 e8d5 

  0x0000024e27025528: ; ImmutableOopMap {rdx=Oop [120]=Oop [128]=Oop [136]=Oop [152]=Oop }
                      ;*invokevirtual toString {reexecute=0 rethrow=0 return_oop=0}
                      ; - java.lang.ClassLoader::defineClassSourceLocation@22
                      ; - java.lang.ClassLoader::defineClass@12
                      ;   {metadata({method} {0x0000024e3b01abf0} 'toString' '()Ljava/lang/String;' in 'java/net/URL')}
  0x0000024e27025528: 6637 0749 | bae8 ab01 | 3b4e 0200 | 004c 8954 | 2408 48c7 | 0424 ffff 

  0x0000024e27025540: ;   {runtime_call counter_overflow Runtime1 stub}
  0x0000024e27025540: ffff e8b9 

  0x0000024e27025544: ; ImmutableOopMap {rdx=Oop [120]=Oop [128]=Oop [136]=Oop [152]=Oop }
                      ;*synchronization entry
                      ; - java.net.URL::toString@-1
                      ; - java.lang.ClassLoader::defineClassSourceLocation@22
                      ; - java.lang.ClassLoader::defineClass@12
  0x0000024e27025544: b737 07e9 | dffd ffff 

  0x0000024e2702554c: ;   {metadata({method} {0x0000024e3b428840} 'toExternalForm' '()Ljava/lang/String;' in 'java/net/URL')}
  0x0000024e2702554c: 49ba 3888 | 423b 4e02 | 0000 4c89 | 5424 0848 | c704 24ff 

  0x0000024e27025560: ;   {runtime_call counter_overflow Runtime1 stub}
  0x0000024e27025560: ffff ffe8 

  0x0000024e27025564: ; ImmutableOopMap {rdx=Oop [120]=Oop [128]=Oop [136]=Oop [152]=Oop }
                      ;*synchronization entry
                      ; - java.net.URL::toExternalForm@-1
                      ; - java.net.URL::toString@1
                      ; - java.lang.ClassLoader::defineClassSourceLocation@22
                      ; - java.lang.ClassLoader::defineClass@12
  0x0000024e27025564: 98b7 3707 | e9fc fdff 

  0x0000024e2702556c: ;   {runtime_call throw_null_pointer_exception Runtime1 stub}
  0x0000024e2702556c: ffe8 8e66 

  0x0000024e27025570: ; ImmutableOopMap {rdx=Oop rsi=Oop [120]=Oop [128]=Oop [136]=Oop [152]=Oop }
                      ;*invokevirtual toExternalForm {reexecute=0 rethrow=0 return_oop=0}
                      ; - java.net.URL::toExternalForm@5
                      ; - java.net.URL::toString@1
                      ; - java.lang.ClassLoader::defineClassSourceLocation@22
                      ; - java.lang.ClassLoader::defineClass@12
                      ;   {internal_word}
  0x0000024e27025570: 3707 49ba | cc54 0227 | 4e02 0000 | 4d89 9768 

  0x0000024e27025580: ;   {runtime_call SafepointBlob}
  0x0000024e27025580: 0400 00e9 | f8fe 2a07 | 498b 8700 | 0500 0049 | c787 0005 | 0000 0000 | 0000 49c7 | 8708 0500 
  0x0000024e270255a0: 0000 0000 | 0048 81c4 | b000 0000 

  0x0000024e270255ac: ;   {runtime_call unwind_exception Runtime1 stub}
  0x0000024e270255ac: 5de9 4ef1 | 2d07 f4f4 | f4f4 f4f4 
[Stub Code]
  0x0000024e270255b8: ;   {no_reloc}
  0x0000024e270255b8: 0f1f 4400 

  0x0000024e270255bc: ;   {static_stub}
  0x0000024e270255bc: 0048 bb00 | 0000 0000 

  0x0000024e270255c4: ;   {runtime_call nmethod}
  0x0000024e270255c4: 0000 00e9 | fbff ffff 

  0x0000024e270255cc: ;   {static_stub}
  0x0000024e270255cc: 48bb f04c | 433b 4e02 

  0x0000024e270255d4: ;   {runtime_call I2C/C2I adapters}
  0x0000024e270255d4: 0000 e990 

  0x0000024e270255d8: ;   {static_stub}
  0x0000024e270255d8: 582a 0748 | bb00 0000 | 0000 0000 

  0x0000024e270255e4: ;   {runtime_call nmethod}
  0x0000024e270255e4: 00e9 fbff 

  0x0000024e270255e8: ;   {static_stub}
  0x0000024e270255e8: ffff 48bb | d84b 433b | 4e02 0000 

  0x0000024e270255f4: ;   {runtime_call I2C/C2I adapters}
  0x0000024e270255f4: e972 582a 

  0x0000024e270255f8: ;   {runtime_call handle_exception_from_callee Runtime1 stub}
  0x0000024e270255f8: 07e8 0284 

  0x0000024e270255fc: ;   {external_word}
  0x0000024e270255fc: 3707 48b9 | 5063 8433 | f97f 0000 | 4883 e4f0 

  0x0000024e2702560c: ;   {runtime_call}
  0x0000024e2702560c: 48b8 c0c9 | 4633 f97f | 0000 ffd0 

  0x0000024e27025618: ;   {section_word}
  0x0000024e27025618: f449 ba19 | 5602 274e | 0200 0041 

  0x0000024e27025624: ;   {runtime_call DeoptimizationBlob}
  0x0000024e27025624: 52e9 f6f0 | 2a07 f4f4 | f4f4 f4f4 
[/MachCode]


Compiled method (c1) 94981 1135       3       java.security.SecureClassLoader::defineClass (16 bytes)
 total in heap  [0x0000024e26f32e10,0x0000024e26f33210] = 1024
 relocation     [0x0000024e26f32f70,0x0000024e26f32fc0] = 80
 main code      [0x0000024e26f32fc0,0x0000024e26f33118] = 344
 stub code      [0x0000024e26f33118,0x0000024e26f33168] = 80
 metadata       [0x0000024e26f33168,0x0000024e26f33170] = 8
 scopes data    [0x0000024e26f33170,0x0000024e26f331b8] = 72
 scopes pcs     [0x0000024e26f331b8,0x0000024e26f33208] = 80
 dependencies   [0x0000024e26f33208,0x0000024e26f33210] = 8

[Constant Pool (empty)]

[MachCode]
[Entry Point]
  # {method} {0x0000024e3b04e0e8} 'defineClass' '(Ljava/lang/String;[BIILjava/security/CodeSource;)Ljava/lang/Class;' in 'java/security/SecureClassLoader'
  # this:     rdx:rdx   = 'java/security/SecureClassLoader'
  # parm0:    r8:r8     = 'java/lang/String'
  # parm1:    r9:r9     = '[B'
  # parm2:    rdi       = int
  # parm3:    rsi       = int
  # parm4:    rcx:rcx   = 'java/security/CodeSource'
  #           [sp+0x80]  (sp of caller)
  0x0000024e26f32fc0: 448b 5208 | 49bb 0000 | 003b 4e02 | 0000 4d03 | d34c 3bd0 

  0x0000024e26f32fd4: ;   {runtime_call ic_miss_stub}
  0x0000024e26f32fd4: 0f85 a6b7 | 3907 660f | 1f44 0000 
[Verified Entry Point]
  0x0000024e26f32fe0: 8984 2400 | 80ff ff55 | 4883 ec70 | 4181 7f20 | 0100 0000 

  0x0000024e26f32ff4: ;   {runtime_call StubRoutines (final stubs)}
  0x0000024e26f32ff4: 7405 e8a5 

  0x0000024e26f32ff8: ;   {metadata(method data for {method} {0x0000024e3b04e0e8} 'defineClass' '(Ljava/lang/String;[BIILjava/security/CodeSource;)Ljava/lang/Class;' in 'java/security/SecureClassLoader')}
  0x0000024e26f32ff8: 3438 0748 | bb58 7217 | 004e 0200 | 008b 83cc | 0000 0083 | c002 8983 | cc00 0000 | 25fe 0700 
  0x0000024e26f33018: 0085 c00f | 8496 0000 | 0089 7424 | 5c89 7c24 | 584c 894c | 2450 4c89 | 4424 4848 

  0x0000024e26f33034: ;   {metadata(method data for {method} {0x0000024e3b04e0e8} 'defineClass' '(Ljava/lang/String;[BIILjava/security/CodeSource;)Ljava/lang/Class;' in 'java/security/SecureClassLoader')}
  0x0000024e26f33034: 8bda 48b8 | 5872 1700 | 4e02 0000 | 4883 8010 | 0100 0001 | 4c8b c148 | 8bc2 488b | d048 8944 
  0x0000024e26f33054: ;   {optimized virtual_call}
  0x0000024e26f33054: 2440 90e8 

  0x0000024e26f33058: ; ImmutableOopMap {[64]=Oop [72]=Oop [80]=Oop }
                      ;*invokevirtual getProtectionDomain {reexecute=0 rethrow=0 return_oop=0}
                      ; - java.security.SecureClassLoader::defineClass@9
  0x0000024e26f33058: 4416 0f00 

  0x0000024e26f3305c: ;   {other}
  0x0000024e26f3305c: 0f1f 8400 | 4c02 0000 | 488b 5424 

  0x0000024e26f33068: ;   {metadata(method data for {method} {0x0000024e3b04e0e8} 'defineClass' '(Ljava/lang/String;[BIILjava/security/CodeSource;)Ljava/lang/Class;' in 'java/security/SecureClassLoader')}
  0x0000024e26f33068: 4049 b858 | 7217 004e | 0200 0049 | 8380 4801 | 0000 014c | 8b44 2448 | 4c8b 4c24 | 508b 7c24 
  0x0000024e26f33088: 588b 7424 | 5c48 8bc8 | 488b 5424 

  0x0000024e26f33094: ;   {optimized virtual_call}
  0x0000024e26f33094: 4066 90e8 

  0x0000024e26f33098: ; ImmutableOopMap {}
                      ;*invokevirtual defineClass {reexecute=0 rethrow=0 return_oop=0}
                      ; - java.security.SecureClassLoader::defineClass@12
  0x0000024e26f33098: a420 0f00 

  0x0000024e26f3309c: ;   {other}
  0x0000024e26f3309c: 0f1f 8400 | 8c02 0001 | 4883 c470 

  0x0000024e26f330a8: ;   {poll_return}
  0x0000024e26f330a8: 5d49 3ba7 | 5004 0000 | 0f87 2200 

  0x0000024e26f330b4: ;   {metadata({method} {0x0000024e3b04e0e8} 'defineClass' '(Ljava/lang/String;[BIILjava/security/CodeSource;)Ljava/lang/Class;' in 'java/security/SecureClassLoader')}
  0x0000024e26f330b4: 0000 c349 | bae0 e004 | 3b4e 0200 | 004c 8954 | 2408 48c7 | 0424 ffff 

  0x0000024e26f330cc: ;   {runtime_call counter_overflow Runtime1 stub}
  0x0000024e26f330cc: ffff e82d 

  0x0000024e26f330d0: ; ImmutableOopMap {rdx=Oop r8=Oop r9=Oop rcx=Oop }
                      ;*synchronization entry
                      ; - java.security.SecureClassLoader::defineClass@-1
  0x0000024e26f330d0: dc46 07e9 | 49ff ffff 

  0x0000024e26f330d8: ;   {internal_word}
  0x0000024e26f330d8: 49ba a930 | f326 4e02 | 0000 4d89 | 9768 0400 

  0x0000024e26f330e8: ;   {runtime_call SafepointBlob}
  0x0000024e26f330e8: 00e9 9223 | 3a07 498b | 8700 0500 | 0049 c787 | 0005 0000 | 0000 0000 | 49c7 8708 | 0500 0000 
  0x0000024e26f33108: 0000 0048 | 83c4 705d 

  0x0000024e26f33110: ;   {runtime_call unwind_exception Runtime1 stub}
  0x0000024e26f33110: e9eb 153d | 07f4 f4f4 
[Stub Code]
  0x0000024e26f33118: ;   {no_reloc}
  0x0000024e26f33118: 48bb 30e0 | 043b 4e02 

  0x0000024e26f33120: ;   {runtime_call I2C/C2I adapters}
  0x0000024e26f33120: 0000 e9c0 

  0x0000024e26f33124: ;   {static_stub}
  0x0000024e26f33124: 0e3a 0748 | bbb0 4f43 | 3b4e 0200 

  0x0000024e26f33130: ;   {runtime_call I2C/C2I adapters}
  0x0000024e26f33130: 00e9 bff4 

  0x0000024e26f33134: ;   {runtime_call handle_exception_from_callee Runtime1 stub}
  0x0000024e26f33134: 3807 e8c5 

  0x0000024e26f33138: ;   {external_word}
  0x0000024e26f33138: a846 0748 | b950 6384 | 33f9 7f00 | 0048 83e4 

  0x0000024e26f33148: ;   {runtime_call}
  0x0000024e26f33148: f048 b8c0 | c946 33f9 | 7f00 00ff 

  0x0000024e26f33154: ;   {section_word}
  0x0000024e26f33154: d0f4 49ba | 5631 f326 | 4e02 0000 

  0x0000024e26f33160: ;   {runtime_call DeoptimizationBlob}
  0x0000024e26f33160: 4152 e9b9 | 153a 07f4 
[/MachCode]


---------------  P R O C E S S  ---------------

Threads class SMR info:
_java_thread_list=0x0000024e7db70170, length=22, elements={
0x0000024e217d7490, 0x0000024e7c021b70, 0x0000024e7c0233f0, 0x0000024e7c029090,
0x0000024e7c029af0, 0x0000024e7c02a550, 0x0000024e7c02afb0, 0x0000024e7c02bd40,
0x0000024e7c039b80, 0x0000024e7c2dd550, 0x0000024e7c325cf0, 0x0000024e7cdad5d0,
0x0000024e7c0fbef0, 0x0000024e7ce610b0, 0x0000024e7c5e4ee0, 0x0000024e7c5e9230,
0x0000024e7d946e10, 0x0000024e7d949570, 0x0000024e7d946780, 0x0000024e7d948ee0,
0x0000024e7d948850, 0x0000024e7d9474a0
}

Java Threads: ( => current thread )
  0x0000024e217d7490 JavaThread "main"                              [_thread_blocked, id=55820, stack(0x0000009f1e400000,0x0000009f1e500000) (1024K)]
  0x0000024e7c021b70 JavaThread "Reference Handler"          daemon [_thread_blocked, id=55508, stack(0x0000009f1ec00000,0x0000009f1ed00000) (1024K)]
  0x0000024e7c0233f0 JavaThread "Finalizer"                  daemon [_thread_blocked, id=57132, stack(0x0000009f1ed00000,0x0000009f1ee00000) (1024K)]
  0x0000024e7c029090 JavaThread "Signal Dispatcher"          daemon [_thread_blocked, id=57208, stack(0x0000009f1ee00000,0x0000009f1ef00000) (1024K)]
  0x0000024e7c029af0 JavaThread "Attach Listener"            daemon [_thread_blocked, id=57296, stack(0x0000009f1ef00000,0x0000009f1f000000) (1024K)]
  0x0000024e7c02a550 JavaThread "Service Thread"             daemon [_thread_blocked, id=56548, stack(0x0000009f1f000000,0x0000009f1f100000) (1024K)]
  0x0000024e7c02afb0 JavaThread "Monitor Deflation Thread"   daemon [_thread_blocked, id=57076, stack(0x0000009f1f100000,0x0000009f1f200000) (1024K)]
  0x0000024e7c02bd40 JavaThread "C2 CompilerThread0"         daemon [_thread_in_native, id=57064, stack(0x0000009f1f200000,0x0000009f1f300000) (1024K)]
  0x0000024e7c039b80 JavaThread "C1 CompilerThread0"         daemon [_thread_blocked, id=56708, stack(0x0000009f1f300000,0x0000009f1f400000) (1024K)]
  0x0000024e7c2dd550 JavaThread "Common-Cleaner"             daemon [_thread_blocked, id=56568, stack(0x0000009f1f400000,0x0000009f1f500000) (1024K)]
  0x0000024e7c325cf0 JavaThread "Notification Thread"        daemon [_thread_blocked, id=49212, stack(0x0000009f1f500000,0x0000009f1f600000) (1024K)]
  0x0000024e7cdad5d0 JavaThread "Daemon health stats"               [_thread_blocked, id=57496, stack(0x0000009f1fb00000,0x0000009f1fc00000) (1024K)]
  0x0000024e7c0fbef0 JavaThread "Incoming local TCP Connector on port 55903"        [_thread_in_native, id=47684, stack(0x0000009f1ff00000,0x0000009f20000000) (1024K)]
  0x0000024e7ce610b0 JavaThread "Daemon periodic checks"            [_thread_blocked, id=58684, stack(0x0000009f20100000,0x0000009f20200000) (1024K)]
  0x0000024e7c5e4ee0 JavaThread "Daemon"                            [_thread_blocked, id=51508, stack(0x0000009f20200000,0x0000009f20300000) (1024K)]
  0x0000024e7c5e9230 JavaThread "Handler for socket connection from /127.0.0.1:55903 to /127.0.0.1:62976"        [_thread_in_native, id=55436, stack(0x0000009f20300000,0x0000009f20400000) (1024K)]
  0x0000024e7d946e10 JavaThread "Cancel handler"                    [_thread_blocked, id=45448, stack(0x0000009f20400000,0x0000009f20500000) (1024K)]
=>0x0000024e7d949570 JavaThread "Daemon worker"                     [_thread_in_vm, id=48488, stack(0x0000009f20500000,0x0000009f20600000) (1024K)]
  0x0000024e7d946780 JavaThread "Asynchronous log dispatcher for DefaultDaemonConnection: socket connection from /127.0.0.1:55903 to /127.0.0.1:62976"        [_thread_blocked, id=60804, stack(0x0000009f20600000,0x0000009f20700000) (1024K)]
  0x0000024e7d948ee0 JavaThread "Stdin handler"                     [_thread_blocked, id=60600, stack(0x0000009f20700000,0x0000009f20800000) (1024K)]
  0x0000024e7d948850 JavaThread "Daemon client event forwarder"        [_thread_blocked, id=57048, stack(0x0000009f20800000,0x0000009f20900000) (1024K)]
  0x0000024e7d9474a0 JavaThread "Cache worker for journal cache (C:\Users\ishas\.gradle\caches\journal-1)"        [_thread_blocked, id=62244, stack(0x0000009f20900000,0x0000009f20a00000) (1024K)]
Total: 22

Other Threads:
  0x0000024e7c003b20 VMThread "VM Thread"                           [id=55724, stack(0x0000009f1eb00000,0x0000009f1ec00000) (1024K)]
  0x0000024e3ad439c0 WatcherThread "VM Periodic Task Thread"        [id=55728, stack(0x0000009f1ea00000,0x0000009f1eb00000) (1024K)]
  0x0000024e23b95f40 WorkerThread "GC Thread#0"                     [id=40212, stack(0x0000009f1e500000,0x0000009f1e600000) (1024K)]
  0x0000024e7c343030 WorkerThread "GC Thread#1"                     [id=10600, stack(0x0000009f1f600000,0x0000009f1f700000) (1024K)]
  0x0000024e7c3433e0 WorkerThread "GC Thread#2"                     [id=54776, stack(0x0000009f1f700000,0x0000009f1f800000) (1024K)]
  0x0000024e7c343790 WorkerThread "GC Thread#3"                     [id=46968, stack(0x0000009f1f800000,0x0000009f1f900000) (1024K)]
  0x0000024e7c343b40 WorkerThread "GC Thread#4"                     [id=37340, stack(0x0000009f1f900000,0x0000009f1fa00000) (1024K)]
  0x0000024e7c343ef0 WorkerThread "GC Thread#5"                     [id=57348, stack(0x0000009f1fa00000,0x0000009f1fb00000) (1024K)]
  0x0000024e7d98f830 WorkerThread "GC Thread#6"                     [id=50888, stack(0x0000009f1fc00000,0x0000009f1fd00000) (1024K)]
  0x0000024e7d98ec10 WorkerThread "GC Thread#7"                     [id=51004, stack(0x0000009f1fd00000,0x0000009f1fe00000) (1024K)]
  0x0000024e7cd4d6b0 WorkerThread "GC Thread#8"                     [id=51008, stack(0x0000009f1fe00000,0x0000009f1ff00000) (1024K)]
  0x0000024e23ba2e40 ConcurrentGCThread "G1 Main Marker"            [id=51536, stack(0x0000009f1e600000,0x0000009f1e700000) (1024K)]
  0x0000024e23ba3860 WorkerThread "G1 Conc#0"                       [id=57032, stack(0x0000009f1e700000,0x0000009f1e800000) (1024K)]
  0x0000024e23c0e890 ConcurrentGCThread "G1 Refine#0"               [id=51048, stack(0x0000009f1e800000,0x0000009f1e900000) (1024K)]
  0x0000024e3ac16510 ConcurrentGCThread "G1 Service"                [id=44428, stack(0x0000009f1e900000,0x0000009f1ea00000) (1024K)]
Total: 15

Threads with active compile tasks:
C2 CompilerThread0  94990 3052   !   4       java.lang.ClassLoader::loadClass (121 bytes)
Total: 1

VM state: not at safepoint (normal execution)

VM Mutex/Monitor currently owned by a thread:  ([mutex/lock_event])
[0x00007ff933afd530] Metaspace_lock - owner thread: 0x0000024e7d949570

Heap address: 0x00000000a0000000, size: 1536 MB, Compressed Oops mode: 32-bit

CDS archive(s) mapped at: [0x0000024e3b000000-0x0000024e3bba0000-0x0000024e3bba0000), size 12189696, SharedBaseAddress: 0x0000024e3b000000, ArchiveRelocationMode: 1.
Compressed class space mapped at: 0x0000024e3c000000-0x0000024e7c000000, reserved size: 1073741824
Narrow klass base: 0x0000024e3b000000, Narrow klass shift: 0, Narrow klass range: 0x100000000

GC Precious Log:
 CardTable entry size: 512
 Card Set container configuration: InlinePtr #cards 5 size 8 Array Of Cards #cards 12 size 40 Howl #buckets 4 coarsen threshold 1843 Howl Bitmap #cards 512 size 80 coarsen threshold 460 Card regions per heap region 1 cards per card region 2048
 CPUs: 12 total, 12 available
 Memory: 16076M
 Large Page Support: Disabled
 NUMA Support: Disabled
 Compressed Oops: Enabled (32-bit)
 Heap Region Size: 1M
 Heap Min Capacity: 8M
 Heap Initial Capacity: 252M
 Heap Max Capacity: 1536M
 Pre-touch: Disabled
 Parallel Workers: 10
 Concurrent Workers: 3
 Concurrent Refinement Workers: 10
 Periodic GC: Disabled

Heap:
 garbage-first heap   total 258048K, used 66835K [0x00000000a0000000, 0x0000000100000000)
  region size 1024K, 55 young (56320K), 6 survivors (6144K)
 Metaspace       used 15054K, committed 15488K, reserved 1114112K
  class space    used 2084K, committed 2304K, reserved 1048576K

Heap Regions: E=young(eden), S=young(survivor), O=old, HS=humongous(starts), HC=humongous(continues), CS=collection set, F=free, TAMS=top-at-mark-start, PB=parsable bottom
|   0|0x00000000a0000000, 0x00000000a0100000, 0x00000000a0100000|100%|HS|  |TAMS 0x00000000a0000000| PB 0x00000000a0000000| Complete 
|   1|0x00000000a0100000, 0x00000000a0200000, 0x00000000a0200000|100%|HC|  |TAMS 0x00000000a0100000| PB 0x00000000a0100000| Complete 
|   2|0x00000000a0200000, 0x00000000a0300000, 0x00000000a0300000|100%|HC|  |TAMS 0x00000000a0200000| PB 0x00000000a0200000| Complete 
|   3|0x00000000a0300000, 0x00000000a0400000, 0x00000000a0400000|100%| O|  |TAMS 0x00000000a0300000| PB 0x00000000a0300000| Untracked 
|   4|0x00000000a0400000, 0x00000000a0500000, 0x00000000a0500000|100%| O|  |TAMS 0x00000000a0400000| PB 0x00000000a0400000| Untracked 
|   5|0x00000000a0500000, 0x00000000a0600000, 0x00000000a0600000|100%| O|  |TAMS 0x00000000a0500000| PB 0x00000000a0500000| Untracked 
|   6|0x00000000a0600000, 0x00000000a0700000, 0x00000000a0700000|100%|HS|  |TAMS 0x00000000a0600000| PB 0x00000000a0600000| Complete 
|   7|0x00000000a0700000, 0x00000000a0700000, 0x00000000a0800000|  0%| F|  |TAMS 0x00000000a0700000| PB 0x00000000a0700000| Untracked 
|   8|0x00000000a0800000, 0x00000000a0900000, 0x00000000a0900000|100%| O|  |TAMS 0x00000000a0800000| PB 0x00000000a0800000| Untracked 
|   9|0x00000000a0900000, 0x00000000a0a00000, 0x00000000a0a00000|100%| O|  |TAMS 0x00000000a0900000| PB 0x00000000a0900000| Untracked 
|  10|0x00000000a0a00000, 0x00000000a0b00000, 0x00000000a0b00000|100%| O|  |TAMS 0x00000000a0a00000| PB 0x00000000a0a00000| Untracked 
|  11|0x00000000a0b00000, 0x00000000a0c00000, 0x00000000a0c00000|100%| O|  |TAMS 0x00000000a0b00000| PB 0x00000000a0b00000| Untracked 
|  12|0x00000000a0c00000, 0x00000000a0c80570, 0x00000000a0d00000| 50%| O|  |TAMS 0x00000000a0c00000| PB 0x00000000a0c00000| Untracked 
|  13|0x00000000a0d00000, 0x00000000a0d00000, 0x00000000a0e00000|  0%| F|  |TAMS 0x00000000a0d00000| PB 0x00000000a0d00000| Untracked 
|  14|0x00000000a0e00000, 0x00000000a0e00000, 0x00000000a0f00000|  0%| F|  |TAMS 0x00000000a0e00000| PB 0x00000000a0e00000| Untracked 
|  15|0x00000000a0f00000, 0x00000000a0f00000, 0x00000000a1000000|  0%| F|  |TAMS 0x00000000a0f00000| PB 0x00000000a0f00000| Untracked 
|  16|0x00000000a1000000, 0x00000000a1000000, 0x00000000a1100000|  0%| F|  |TAMS 0x00000000a1000000| PB 0x00000000a1000000| Untracked 
|  17|0x00000000a1100000, 0x00000000a1100000, 0x00000000a1200000|  0%| F|  |TAMS 0x00000000a1100000| PB 0x00000000a1100000| Untracked 
|  18|0x00000000a1200000, 0x00000000a1200000, 0x00000000a1300000|  0%| F|  |TAMS 0x00000000a1200000| PB 0x00000000a1200000| Untracked 
|  19|0x00000000a1300000, 0x00000000a1300000, 0x00000000a1400000|  0%| F|  |TAMS 0x00000000a1300000| PB 0x00000000a1300000| Untracked 
|  20|0x00000000a1400000, 0x00000000a1400000, 0x00000000a1500000|  0%| F|  |TAMS 0x00000000a1400000| PB 0x00000000a1400000| Untracked 
|  21|0x00000000a1500000, 0x00000000a1500000, 0x00000000a1600000|  0%| F|  |TAMS 0x00000000a1500000| PB 0x00000000a1500000| Untracked 
|  22|0x00000000a1600000, 0x00000000a1600000, 0x00000000a1700000|  0%| F|  |TAMS 0x00000000a1600000| PB 0x00000000a1600000| Untracked 
|  23|0x00000000a1700000, 0x00000000a1700000, 0x00000000a1800000|  0%| F|  |TAMS 0x00000000a1700000| PB 0x00000000a1700000| Untracked 
|  24|0x00000000a1800000, 0x00000000a1800000, 0x00000000a1900000|  0%| F|  |TAMS 0x00000000a1800000| PB 0x00000000a1800000| Untracked 
|  25|0x00000000a1900000, 0x00000000a1900000, 0x00000000a1a00000|  0%| F|  |TAMS 0x00000000a1900000| PB 0x00000000a1900000| Untracked 
|  26|0x00000000a1a00000, 0x00000000a1a00000, 0x00000000a1b00000|  0%| F|  |TAMS 0x00000000a1a00000| PB 0x00000000a1a00000| Untracked 
|  27|0x00000000a1b00000, 0x00000000a1b00000, 0x00000000a1c00000|  0%| F|  |TAMS 0x00000000a1b00000| PB 0x00000000a1b00000| Untracked 
|  28|0x00000000a1c00000, 0x00000000a1c00000, 0x00000000a1d00000|  0%| F|  |TAMS 0x00000000a1c00000| PB 0x00000000a1c00000| Untracked 
|  29|0x00000000a1d00000, 0x00000000a1d00000, 0x00000000a1e00000|  0%| F|  |TAMS 0x00000000a1d00000| PB 0x00000000a1d00000| Untracked 
|  30|0x00000000a1e00000, 0x00000000a1e00000, 0x00000000a1f00000|  0%| F|  |TAMS 0x00000000a1e00000| PB 0x00000000a1e00000| Untracked 
|  31|0x00000000a1f00000, 0x00000000a1f00000, 0x00000000a2000000|  0%| F|  |TAMS 0x00000000a1f00000| PB 0x00000000a1f00000| Untracked 
|  32|0x00000000a2000000, 0x00000000a2000000, 0x00000000a2100000|  0%| F|  |TAMS 0x00000000a2000000| PB 0x00000000a2000000| Untracked 
|  33|0x00000000a2100000, 0x00000000a2100000, 0x00000000a2200000|  0%| F|  |TAMS 0x00000000a2100000| PB 0x00000000a2100000| Untracked 
|  34|0x00000000a2200000, 0x00000000a2200000, 0x00000000a2300000|  0%| F|  |TAMS 0x00000000a2200000| PB 0x00000000a2200000| Untracked 
|  35|0x00000000a2300000, 0x00000000a2300000, 0x00000000a2400000|  0%| F|  |TAMS 0x00000000a2300000| PB 0x00000000a2300000| Untracked 
|  36|0x00000000a2400000, 0x00000000a2400000, 0x00000000a2500000|  0%| F|  |TAMS 0x00000000a2400000| PB 0x00000000a2400000| Untracked 
|  37|0x00000000a2500000, 0x00000000a2500000, 0x00000000a2600000|  0%| F|  |TAMS 0x00000000a2500000| PB 0x00000000a2500000| Untracked 
|  38|0x00000000a2600000, 0x00000000a2600000, 0x00000000a2700000|  0%| F|  |TAMS 0x00000000a2600000| PB 0x00000000a2600000| Untracked 
|  39|0x00000000a2700000, 0x00000000a2700000, 0x00000000a2800000|  0%| F|  |TAMS 0x00000000a2700000| PB 0x00000000a2700000| Untracked 
|  40|0x00000000a2800000, 0x00000000a2800000, 0x00000000a2900000|  0%| F|  |TAMS 0x00000000a2800000| PB 0x00000000a2800000| Untracked 
|  41|0x00000000a2900000, 0x00000000a2900000, 0x00000000a2a00000|  0%| F|  |TAMS 0x00000000a2900000| PB 0x00000000a2900000| Untracked 
|  42|0x00000000a2a00000, 0x00000000a2a00000, 0x00000000a2b00000|  0%| F|  |TAMS 0x00000000a2a00000| PB 0x00000000a2a00000| Untracked 
|  43|0x00000000a2b00000, 0x00000000a2b00000, 0x00000000a2c00000|  0%| F|  |TAMS 0x00000000a2b00000| PB 0x00000000a2b00000| Untracked 
|  44|0x00000000a2c00000, 0x00000000a2c00000, 0x00000000a2d00000|  0%| F|  |TAMS 0x00000000a2c00000| PB 0x00000000a2c00000| Untracked 
|  45|0x00000000a2d00000, 0x00000000a2d00000, 0x00000000a2e00000|  0%| F|  |TAMS 0x00000000a2d00000| PB 0x00000000a2d00000| Untracked 
|  46|0x00000000a2e00000, 0x00000000a2e00000, 0x00000000a2f00000|  0%| F|  |TAMS 0x00000000a2e00000| PB 0x00000000a2e00000| Untracked 
|  47|0x00000000a2f00000, 0x00000000a2f00000, 0x00000000a3000000|  0%| F|  |TAMS 0x00000000a2f00000| PB 0x00000000a2f00000| Untracked 
|  48|0x00000000a3000000, 0x00000000a3000000, 0x00000000a3100000|  0%| F|  |TAMS 0x00000000a3000000| PB 0x00000000a3000000| Untracked 
|  49|0x00000000a3100000, 0x00000000a3100000, 0x00000000a3200000|  0%| F|  |TAMS 0x00000000a3100000| PB 0x00000000a3100000| Untracked 
|  50|0x00000000a3200000, 0x00000000a3200000, 0x00000000a3300000|  0%| F|  |TAMS 0x00000000a3200000| PB 0x00000000a3200000| Untracked 
|  51|0x00000000a3300000, 0x00000000a3300000, 0x00000000a3400000|  0%| F|  |TAMS 0x00000000a3300000| PB 0x00000000a3300000| Untracked 
|  52|0x00000000a3400000, 0x00000000a3400000, 0x00000000a3500000|  0%| F|  |TAMS 0x00000000a3400000| PB 0x00000000a3400000| Untracked 
|  53|0x00000000a3500000, 0x00000000a3500000, 0x00000000a3600000|  0%| F|  |TAMS 0x00000000a3500000| PB 0x00000000a3500000| Untracked 
|  54|0x00000000a3600000, 0x00000000a3600000, 0x00000000a3700000|  0%| F|  |TAMS 0x00000000a3600000| PB 0x00000000a3600000| Untracked 
|  55|0x00000000a3700000, 0x00000000a3700000, 0x00000000a3800000|  0%| F|  |TAMS 0x00000000a3700000| PB 0x00000000a3700000| Untracked 
|  56|0x00000000a3800000, 0x00000000a3800000, 0x00000000a3900000|  0%| F|  |TAMS 0x00000000a3800000| PB 0x00000000a3800000| Untracked 
|  57|0x00000000a3900000, 0x00000000a3900000, 0x00000000a3a00000|  0%| F|  |TAMS 0x00000000a3900000| PB 0x00000000a3900000| Untracked 
|  58|0x00000000a3a00000, 0x00000000a3a00000, 0x00000000a3b00000|  0%| F|  |TAMS 0x00000000a3a00000| PB 0x00000000a3a00000| Untracked 
|  59|0x00000000a3b00000, 0x00000000a3b00000, 0x00000000a3c00000|  0%| F|  |TAMS 0x00000000a3b00000| PB 0x00000000a3b00000| Untracked 
|  60|0x00000000a3c00000, 0x00000000a3c00000, 0x00000000a3d00000|  0%| F|  |TAMS 0x00000000a3c00000| PB 0x00000000a3c00000| Untracked 
|  61|0x00000000a3d00000, 0x00000000a3d00000, 0x00000000a3e00000|  0%| F|  |TAMS 0x00000000a3d00000| PB 0x00000000a3d00000| Untracked 
|  62|0x00000000a3e00000, 0x00000000a3e00000, 0x00000000a3f00000|  0%| F|  |TAMS 0x00000000a3e00000| PB 0x00000000a3e00000| Untracked 
|  63|0x00000000a3f00000, 0x00000000a3f00000, 0x00000000a4000000|  0%| F|  |TAMS 0x00000000a3f00000| PB 0x00000000a3f00000| Untracked 
|  64|0x00000000a4000000, 0x00000000a4000000, 0x00000000a4100000|  0%| F|  |TAMS 0x00000000a4000000| PB 0x00000000a4000000| Untracked 
|  65|0x00000000a4100000, 0x00000000a4100000, 0x00000000a4200000|  0%| F|  |TAMS 0x00000000a4100000| PB 0x00000000a4100000| Untracked 
|  66|0x00000000a4200000, 0x00000000a4200000, 0x00000000a4300000|  0%| F|  |TAMS 0x00000000a4200000| PB 0x00000000a4200000| Untracked 
|  67|0x00000000a4300000, 0x00000000a4300000, 0x00000000a4400000|  0%| F|  |TAMS 0x00000000a4300000| PB 0x00000000a4300000| Untracked 
|  68|0x00000000a4400000, 0x00000000a4400000, 0x00000000a4500000|  0%| F|  |TAMS 0x00000000a4400000| PB 0x00000000a4400000| Untracked 
|  69|0x00000000a4500000, 0x00000000a4500000, 0x00000000a4600000|  0%| F|  |TAMS 0x00000000a4500000| PB 0x00000000a4500000| Untracked 
|  70|0x00000000a4600000, 0x00000000a4600000, 0x00000000a4700000|  0%| F|  |TAMS 0x00000000a4600000| PB 0x00000000a4600000| Untracked 
|  71|0x00000000a4700000, 0x00000000a4700000, 0x00000000a4800000|  0%| F|  |TAMS 0x00000000a4700000| PB 0x00000000a4700000| Untracked 
|  72|0x00000000a4800000, 0x00000000a4800000, 0x00000000a4900000|  0%| F|  |TAMS 0x00000000a4800000| PB 0x00000000a4800000| Untracked 
|  73|0x00000000a4900000, 0x00000000a4900000, 0x00000000a4a00000|  0%| F|  |TAMS 0x00000000a4900000| PB 0x00000000a4900000| Untracked 
|  74|0x00000000a4a00000, 0x00000000a4a00000, 0x00000000a4b00000|  0%| F|  |TAMS 0x00000000a4a00000| PB 0x00000000a4a00000| Untracked 
|  75|0x00000000a4b00000, 0x00000000a4b00000, 0x00000000a4c00000|  0%| F|  |TAMS 0x00000000a4b00000| PB 0x00000000a4b00000| Untracked 
|  76|0x00000000a4c00000, 0x00000000a4c00000, 0x00000000a4d00000|  0%| F|  |TAMS 0x00000000a4c00000| PB 0x00000000a4c00000| Untracked 
|  77|0x00000000a4d00000, 0x00000000a4d00000, 0x00000000a4e00000|  0%| F|  |TAMS 0x00000000a4d00000| PB 0x00000000a4d00000| Untracked 
|  78|0x00000000a4e00000, 0x00000000a4e00000, 0x00000000a4f00000|  0%| F|  |TAMS 0x00000000a4e00000| PB 0x00000000a4e00000| Untracked 
|  79|0x00000000a4f00000, 0x00000000a4f00000, 0x00000000a5000000|  0%| F|  |TAMS 0x00000000a4f00000| PB 0x00000000a4f00000| Untracked 
|  80|0x00000000a5000000, 0x00000000a5000000, 0x00000000a5100000|  0%| F|  |TAMS 0x00000000a5000000| PB 0x00000000a5000000| Untracked 
|  81|0x00000000a5100000, 0x00000000a5100000, 0x00000000a5200000|  0%| F|  |TAMS 0x00000000a5100000| PB 0x00000000a5100000| Untracked 
|  82|0x00000000a5200000, 0x00000000a5200000, 0x00000000a5300000|  0%| F|  |TAMS 0x00000000a5200000| PB 0x00000000a5200000| Untracked 
|  83|0x00000000a5300000, 0x00000000a5300000, 0x00000000a5400000|  0%| F|  |TAMS 0x00000000a5300000| PB 0x00000000a5300000| Untracked 
|  84|0x00000000a5400000, 0x00000000a5400000, 0x00000000a5500000|  0%| F|  |TAMS 0x00000000a5400000| PB 0x00000000a5400000| Untracked 
|  85|0x00000000a5500000, 0x00000000a5500000, 0x00000000a5600000|  0%| F|  |TAMS 0x00000000a5500000| PB 0x00000000a5500000| Untracked 
|  86|0x00000000a5600000, 0x00000000a5600000, 0x00000000a5700000|  0%| F|  |TAMS 0x00000000a5600000| PB 0x00000000a5600000| Untracked 
|  87|0x00000000a5700000, 0x00000000a5700000, 0x00000000a5800000|  0%| F|  |TAMS 0x00000000a5700000| PB 0x00000000a5700000| Untracked 
|  88|0x00000000a5800000, 0x00000000a5800000, 0x00000000a5900000|  0%| F|  |TAMS 0x00000000a5800000| PB 0x00000000a5800000| Untracked 
|  89|0x00000000a5900000, 0x00000000a5900000, 0x00000000a5a00000|  0%| F|  |TAMS 0x00000000a5900000| PB 0x00000000a5900000| Untracked 
|  90|0x00000000a5a00000, 0x00000000a5a00000, 0x00000000a5b00000|  0%| F|  |TAMS 0x00000000a5a00000| PB 0x00000000a5a00000| Untracked 
|  91|0x00000000a5b00000, 0x00000000a5b00000, 0x00000000a5c00000|  0%| F|  |TAMS 0x00000000a5b00000| PB 0x00000000a5b00000| Untracked 
|  92|0x00000000a5c00000, 0x00000000a5c00000, 0x00000000a5d00000|  0%| F|  |TAMS 0x00000000a5c00000| PB 0x00000000a5c00000| Untracked 
|  93|0x00000000a5d00000, 0x00000000a5d00000, 0x00000000a5e00000|  0%| F|  |TAMS 0x00000000a5d00000| PB 0x00000000a5d00000| Untracked 
|  94|0x00000000a5e00000, 0x00000000a5e00000, 0x00000000a5f00000|  0%| F|  |TAMS 0x00000000a5e00000| PB 0x00000000a5e00000| Untracked 
|  95|0x00000000a5f00000, 0x00000000a5f00000, 0x00000000a6000000|  0%| F|  |TAMS 0x00000000a5f00000| PB 0x00000000a5f00000| Untracked 
|  96|0x00000000a6000000, 0x00000000a6000000, 0x00000000a6100000|  0%| F|  |TAMS 0x00000000a6000000| PB 0x00000000a6000000| Untracked 
|  97|0x00000000a6100000, 0x00000000a6100000, 0x00000000a6200000|  0%| F|  |TAMS 0x00000000a6100000| PB 0x00000000a6100000| Untracked 
|  98|0x00000000a6200000, 0x00000000a6200000, 0x00000000a6300000|  0%| F|  |TAMS 0x00000000a6200000| PB 0x00000000a6200000| Untracked 
|  99|0x00000000a6300000, 0x00000000a6300000, 0x00000000a6400000|  0%| F|  |TAMS 0x00000000a6300000| PB 0x00000000a6300000| Untracked 
| 100|0x00000000a6400000, 0x00000000a6400000, 0x00000000a6500000|  0%| F|  |TAMS 0x00000000a6400000| PB 0x00000000a6400000| Untracked 
| 101|0x00000000a6500000, 0x00000000a6500000, 0x00000000a6600000|  0%| F|  |TAMS 0x00000000a6500000| PB 0x00000000a6500000| Untracked 
| 102|0x00000000a6600000, 0x00000000a6600000, 0x00000000a6700000|  0%| F|  |TAMS 0x00000000a6600000| PB 0x00000000a6600000| Untracked 
| 103|0x00000000a6700000, 0x00000000a6700000, 0x00000000a6800000|  0%| F|  |TAMS 0x00000000a6700000| PB 0x00000000a6700000| Untracked 
| 104|0x00000000a6800000, 0x00000000a6800000, 0x00000000a6900000|  0%| F|  |TAMS 0x00000000a6800000| PB 0x00000000a6800000| Untracked 
| 105|0x00000000a6900000, 0x00000000a6900000, 0x00000000a6a00000|  0%| F|  |TAMS 0x00000000a6900000| PB 0x00000000a6900000| Untracked 
| 106|0x00000000a6a00000, 0x00000000a6a00000, 0x00000000a6b00000|  0%| F|  |TAMS 0x00000000a6a00000| PB 0x00000000a6a00000| Untracked 
| 107|0x00000000a6b00000, 0x00000000a6b00000, 0x00000000a6c00000|  0%| F|  |TAMS 0x00000000a6b00000| PB 0x00000000a6b00000| Untracked 
| 108|0x00000000a6c00000, 0x00000000a6c00000, 0x00000000a6d00000|  0%| F|  |TAMS 0x00000000a6c00000| PB 0x00000000a6c00000| Untracked 
| 109|0x00000000a6d00000, 0x00000000a6d00000, 0x00000000a6e00000|  0%| F|  |TAMS 0x00000000a6d00000| PB 0x00000000a6d00000| Untracked 
| 110|0x00000000a6e00000, 0x00000000a6e00000, 0x00000000a6f00000|  0%| F|  |TAMS 0x00000000a6e00000| PB 0x00000000a6e00000| Untracked 
| 111|0x00000000a6f00000, 0x00000000a6f00000, 0x00000000a7000000|  0%| F|  |TAMS 0x00000000a6f00000| PB 0x00000000a6f00000| Untracked 
| 112|0x00000000a7000000, 0x00000000a7000000, 0x00000000a7100000|  0%| F|  |TAMS 0x00000000a7000000| PB 0x00000000a7000000| Untracked 
| 113|0x00000000a7100000, 0x00000000a7100000, 0x00000000a7200000|  0%| F|  |TAMS 0x00000000a7100000| PB 0x00000000a7100000| Untracked 
| 114|0x00000000a7200000, 0x00000000a7200000, 0x00000000a7300000|  0%| F|  |TAMS 0x00000000a7200000| PB 0x00000000a7200000| Untracked 
| 115|0x00000000a7300000, 0x00000000a7300000, 0x00000000a7400000|  0%| F|  |TAMS 0x00000000a7300000| PB 0x00000000a7300000| Untracked 
| 116|0x00000000a7400000, 0x00000000a7400000, 0x00000000a7500000|  0%| F|  |TAMS 0x00000000a7400000| PB 0x00000000a7400000| Untracked 
| 117|0x00000000a7500000, 0x00000000a7500000, 0x00000000a7600000|  0%| F|  |TAMS 0x00000000a7500000| PB 0x00000000a7500000| Untracked 
| 118|0x00000000a7600000, 0x00000000a7600000, 0x00000000a7700000|  0%| F|  |TAMS 0x00000000a7600000| PB 0x00000000a7600000| Untracked 
| 119|0x00000000a7700000, 0x00000000a7700000, 0x00000000a7800000|  0%| F|  |TAMS 0x00000000a7700000| PB 0x00000000a7700000| Untracked 
| 120|0x00000000a7800000, 0x00000000a7800000, 0x00000000a7900000|  0%| F|  |TAMS 0x00000000a7800000| PB 0x00000000a7800000| Untracked 
| 121|0x00000000a7900000, 0x00000000a7900000, 0x00000000a7a00000|  0%| F|  |TAMS 0x00000000a7900000| PB 0x00000000a7900000| Untracked 
| 122|0x00000000a7a00000, 0x00000000a7a00000, 0x00000000a7b00000|  0%| F|  |TAMS 0x00000000a7a00000| PB 0x00000000a7a00000| Untracked 
| 123|0x00000000a7b00000, 0x00000000a7b00000, 0x00000000a7c00000|  0%| F|  |TAMS 0x00000000a7b00000| PB 0x00000000a7b00000| Untracked 
| 124|0x00000000a7c00000, 0x00000000a7c00000, 0x00000000a7d00000|  0%| F|  |TAMS 0x00000000a7c00000| PB 0x00000000a7c00000| Untracked 
| 125|0x00000000a7d00000, 0x00000000a7d00000, 0x00000000a7e00000|  0%| F|  |TAMS 0x00000000a7d00000| PB 0x00000000a7d00000| Untracked 
| 126|0x00000000a7e00000, 0x00000000a7e00000, 0x00000000a7f00000|  0%| F|  |TAMS 0x00000000a7e00000| PB 0x00000000a7e00000| Untracked 
| 127|0x00000000a7f00000, 0x00000000a7f00000, 0x00000000a8000000|  0%| F|  |TAMS 0x00000000a7f00000| PB 0x00000000a7f00000| Untracked 
| 128|0x00000000a8000000, 0x00000000a8000000, 0x00000000a8100000|  0%| F|  |TAMS 0x00000000a8000000| PB 0x00000000a8000000| Untracked 
| 129|0x00000000a8100000, 0x00000000a8100000, 0x00000000a8200000|  0%| F|  |TAMS 0x00000000a8100000| PB 0x00000000a8100000| Untracked 
| 130|0x00000000a8200000, 0x00000000a8200000, 0x00000000a8300000|  0%| F|  |TAMS 0x00000000a8200000| PB 0x00000000a8200000| Untracked 
| 131|0x00000000a8300000, 0x00000000a8300000, 0x00000000a8400000|  0%| F|  |TAMS 0x00000000a8300000| PB 0x00000000a8300000| Untracked 
| 132|0x00000000a8400000, 0x00000000a8400000, 0x00000000a8500000|  0%| F|  |TAMS 0x00000000a8400000| PB 0x00000000a8400000| Untracked 
| 133|0x00000000a8500000, 0x00000000a8500000, 0x00000000a8600000|  0%| F|  |TAMS 0x00000000a8500000| PB 0x00000000a8500000| Untracked 
| 134|0x00000000a8600000, 0x00000000a8600000, 0x00000000a8700000|  0%| F|  |TAMS 0x00000000a8600000| PB 0x00000000a8600000| Untracked 
| 135|0x00000000a8700000, 0x00000000a8700000, 0x00000000a8800000|  0%| F|  |TAMS 0x00000000a8700000| PB 0x00000000a8700000| Untracked 
| 136|0x00000000a8800000, 0x00000000a8800000, 0x00000000a8900000|  0%| F|  |TAMS 0x00000000a8800000| PB 0x00000000a8800000| Untracked 
| 137|0x00000000a8900000, 0x00000000a8900000, 0x00000000a8a00000|  0%| F|  |TAMS 0x00000000a8900000| PB 0x00000000a8900000| Untracked 
| 138|0x00000000a8a00000, 0x00000000a8a00000, 0x00000000a8b00000|  0%| F|  |TAMS 0x00000000a8a00000| PB 0x00000000a8a00000| Untracked 
| 139|0x00000000a8b00000, 0x00000000a8b00000, 0x00000000a8c00000|  0%| F|  |TAMS 0x00000000a8b00000| PB 0x00000000a8b00000| Untracked 
| 140|0x00000000a8c00000, 0x00000000a8c00000, 0x00000000a8d00000|  0%| F|  |TAMS 0x00000000a8c00000| PB 0x00000000a8c00000| Untracked 
| 141|0x00000000a8d00000, 0x00000000a8d00000, 0x00000000a8e00000|  0%| F|  |TAMS 0x00000000a8d00000| PB 0x00000000a8d00000| Untracked 
| 142|0x00000000a8e00000, 0x00000000a8e00000, 0x00000000a8f00000|  0%| F|  |TAMS 0x00000000a8e00000| PB 0x00000000a8e00000| Untracked 
| 143|0x00000000a8f00000, 0x00000000a8f00000, 0x00000000a9000000|  0%| F|  |TAMS 0x00000000a8f00000| PB 0x00000000a8f00000| Untracked 
| 144|0x00000000a9000000, 0x00000000a9000000, 0x00000000a9100000|  0%| F|  |TAMS 0x00000000a9000000| PB 0x00000000a9000000| Untracked 
| 145|0x00000000a9100000, 0x00000000a9100000, 0x00000000a9200000|  0%| F|  |TAMS 0x00000000a9100000| PB 0x00000000a9100000| Untracked 
| 146|0x00000000a9200000, 0x00000000a9200000, 0x00000000a9300000|  0%| F|  |TAMS 0x00000000a9200000| PB 0x00000000a9200000| Untracked 
| 147|0x00000000a9300000, 0x00000000a9300000, 0x00000000a9400000|  0%| F|  |TAMS 0x00000000a9300000| PB 0x00000000a9300000| Untracked 
| 148|0x00000000a9400000, 0x00000000a9400000, 0x00000000a9500000|  0%| F|  |TAMS 0x00000000a9400000| PB 0x00000000a9400000| Untracked 
| 149|0x00000000a9500000, 0x00000000a9500000, 0x00000000a9600000|  0%| F|  |TAMS 0x00000000a9500000| PB 0x00000000a9500000| Untracked 
| 150|0x00000000a9600000, 0x00000000a9600000, 0x00000000a9700000|  0%| F|  |TAMS 0x00000000a9600000| PB 0x00000000a9600000| Untracked 
| 151|0x00000000a9700000, 0x00000000a9700000, 0x00000000a9800000|  0%| F|  |TAMS 0x00000000a9700000| PB 0x00000000a9700000| Untracked 
| 152|0x00000000a9800000, 0x00000000a9800000, 0x00000000a9900000|  0%| F|  |TAMS 0x00000000a9800000| PB 0x00000000a9800000| Untracked 
| 153|0x00000000a9900000, 0x00000000a9900000, 0x00000000a9a00000|  0%| F|  |TAMS 0x00000000a9900000| PB 0x00000000a9900000| Untracked 
| 154|0x00000000a9a00000, 0x00000000a9a00000, 0x00000000a9b00000|  0%| F|  |TAMS 0x00000000a9a00000| PB 0x00000000a9a00000| Untracked 
| 155|0x00000000a9b00000, 0x00000000a9b00000, 0x00000000a9c00000|  0%| F|  |TAMS 0x00000000a9b00000| PB 0x00000000a9b00000| Untracked 
| 156|0x00000000a9c00000, 0x00000000a9c00000, 0x00000000a9d00000|  0%| F|  |TAMS 0x00000000a9c00000| PB 0x00000000a9c00000| Untracked 
| 157|0x00000000a9d00000, 0x00000000a9d00000, 0x00000000a9e00000|  0%| F|  |TAMS 0x00000000a9d00000| PB 0x00000000a9d00000| Untracked 
| 158|0x00000000a9e00000, 0x00000000a9e00000, 0x00000000a9f00000|  0%| F|  |TAMS 0x00000000a9e00000| PB 0x00000000a9e00000| Untracked 
| 159|0x00000000a9f00000, 0x00000000a9f00000, 0x00000000aa000000|  0%| F|  |TAMS 0x00000000a9f00000| PB 0x00000000a9f00000| Untracked 
| 160|0x00000000aa000000, 0x00000000aa000000, 0x00000000aa100000|  0%| F|  |TAMS 0x00000000aa000000| PB 0x00000000aa000000| Untracked 
| 161|0x00000000aa100000, 0x00000000aa100000, 0x00000000aa200000|  0%| F|  |TAMS 0x00000000aa100000| PB 0x00000000aa100000| Untracked 
| 162|0x00000000aa200000, 0x00000000aa200000, 0x00000000aa300000|  0%| F|  |TAMS 0x00000000aa200000| PB 0x00000000aa200000| Untracked 
| 163|0x00000000aa300000, 0x00000000aa300000, 0x00000000aa400000|  0%| F|  |TAMS 0x00000000aa300000| PB 0x00000000aa300000| Untracked 
| 164|0x00000000aa400000, 0x00000000aa400000, 0x00000000aa500000|  0%| F|  |TAMS 0x00000000aa400000| PB 0x00000000aa400000| Untracked 
| 165|0x00000000aa500000, 0x00000000aa500000, 0x00000000aa600000|  0%| F|  |TAMS 0x00000000aa500000| PB 0x00000000aa500000| Untracked 
| 166|0x00000000aa600000, 0x00000000aa600000, 0x00000000aa700000|  0%| F|  |TAMS 0x00000000aa600000| PB 0x00000000aa600000| Untracked 
| 167|0x00000000aa700000, 0x00000000aa700000, 0x00000000aa800000|  0%| F|  |TAMS 0x00000000aa700000| PB 0x00000000aa700000| Untracked 
| 168|0x00000000aa800000, 0x00000000aa800000, 0x00000000aa900000|  0%| F|  |TAMS 0x00000000aa800000| PB 0x00000000aa800000| Untracked 
| 169|0x00000000aa900000, 0x00000000aa900000, 0x00000000aaa00000|  0%| F|  |TAMS 0x00000000aa900000| PB 0x00000000aa900000| Untracked 
| 170|0x00000000aaa00000, 0x00000000aaa00000, 0x00000000aab00000|  0%| F|  |TAMS 0x00000000aaa00000| PB 0x00000000aaa00000| Untracked 
| 171|0x00000000aab00000, 0x00000000aab00000, 0x00000000aac00000|  0%| F|  |TAMS 0x00000000aab00000| PB 0x00000000aab00000| Untracked 
| 172|0x00000000aac00000, 0x00000000aac00000, 0x00000000aad00000|  0%| F|  |TAMS 0x00000000aac00000| PB 0x00000000aac00000| Untracked 
| 173|0x00000000aad00000, 0x00000000aad00000, 0x00000000aae00000|  0%| F|  |TAMS 0x00000000aad00000| PB 0x00000000aad00000| Untracked 
| 174|0x00000000aae00000, 0x00000000aae00000, 0x00000000aaf00000|  0%| F|  |TAMS 0x00000000aae00000| PB 0x00000000aae00000| Untracked 
| 175|0x00000000aaf00000, 0x00000000aaf00000, 0x00000000ab000000|  0%| F|  |TAMS 0x00000000aaf00000| PB 0x00000000aaf00000| Untracked 
| 176|0x00000000ab000000, 0x00000000ab000000, 0x00000000ab100000|  0%| F|  |TAMS 0x00000000ab000000| PB 0x00000000ab000000| Untracked 
| 177|0x00000000ab100000, 0x00000000ab100000, 0x00000000ab200000|  0%| F|  |TAMS 0x00000000ab100000| PB 0x00000000ab100000| Untracked 
| 178|0x00000000ab200000, 0x00000000ab200000, 0x00000000ab300000|  0%| F|  |TAMS 0x00000000ab200000| PB 0x00000000ab200000| Untracked 
| 179|0x00000000ab300000, 0x00000000ab300000, 0x00000000ab400000|  0%| F|  |TAMS 0x00000000ab300000| PB 0x00000000ab300000| Untracked 
| 180|0x00000000ab400000, 0x00000000ab400000, 0x00000000ab500000|  0%| F|  |TAMS 0x00000000ab400000| PB 0x00000000ab400000| Untracked 
| 181|0x00000000ab500000, 0x00000000ab500000, 0x00000000ab600000|  0%| F|  |TAMS 0x00000000ab500000| PB 0x00000000ab500000| Untracked 
| 182|0x00000000ab600000, 0x00000000ab600000, 0x00000000ab700000|  0%| F|  |TAMS 0x00000000ab600000| PB 0x00000000ab600000| Untracked 
| 183|0x00000000ab700000, 0x00000000ab700000, 0x00000000ab800000|  0%| F|  |TAMS 0x00000000ab700000| PB 0x00000000ab700000| Untracked 
| 184|0x00000000ab800000, 0x00000000ab800000, 0x00000000ab900000|  0%| F|  |TAMS 0x00000000ab800000| PB 0x00000000ab800000| Untracked 
| 185|0x00000000ab900000, 0x00000000ab900000, 0x00000000aba00000|  0%| F|  |TAMS 0x00000000ab900000| PB 0x00000000ab900000| Untracked 
| 186|0x00000000aba00000, 0x00000000abac4a40, 0x00000000abb00000| 76%| S|CS|TAMS 0x00000000aba00000| PB 0x00000000aba00000| Complete 
| 187|0x00000000abb00000, 0x00000000abc00000, 0x00000000abc00000|100%| S|CS|TAMS 0x00000000abb00000| PB 0x00000000abb00000| Complete 
| 188|0x00000000abc00000, 0x00000000abd00000, 0x00000000abd00000|100%| S|CS|TAMS 0x00000000abc00000| PB 0x00000000abc00000| Complete 
| 189|0x00000000abd00000, 0x00000000abe00000, 0x00000000abe00000|100%| S|CS|TAMS 0x00000000abd00000| PB 0x00000000abd00000| Complete 
| 190|0x00000000abe00000, 0x00000000abf00000, 0x00000000abf00000|100%| S|CS|TAMS 0x00000000abe00000| PB 0x00000000abe00000| Complete 
| 191|0x00000000abf00000, 0x00000000ac000000, 0x00000000ac000000|100%| S|CS|TAMS 0x00000000abf00000| PB 0x00000000abf00000| Complete 
| 192|0x00000000ac000000, 0x00000000ac000000, 0x00000000ac100000|  0%| F|  |TAMS 0x00000000ac000000| PB 0x00000000ac000000| Untracked 
| 193|0x00000000ac100000, 0x00000000ac100000, 0x00000000ac200000|  0%| F|  |TAMS 0x00000000ac100000| PB 0x00000000ac100000| Untracked 
| 194|0x00000000ac200000, 0x00000000ac200000, 0x00000000ac300000|  0%| F|  |TAMS 0x00000000ac200000| PB 0x00000000ac200000| Untracked 
| 195|0x00000000ac300000, 0x00000000ac300000, 0x00000000ac400000|  0%| F|  |TAMS 0x00000000ac300000| PB 0x00000000ac300000| Untracked 
| 196|0x00000000ac400000, 0x00000000ac400000, 0x00000000ac500000|  0%| F|  |TAMS 0x00000000ac400000| PB 0x00000000ac400000| Untracked 
| 197|0x00000000ac500000, 0x00000000ac500000, 0x00000000ac600000|  0%| F|  |TAMS 0x00000000ac500000| PB 0x00000000ac500000| Untracked 
| 198|0x00000000ac600000, 0x00000000ac600000, 0x00000000ac700000|  0%| F|  |TAMS 0x00000000ac600000| PB 0x00000000ac600000| Untracked 
| 199|0x00000000ac700000, 0x00000000ac700000, 0x00000000ac800000|  0%| F|  |TAMS 0x00000000ac700000| PB 0x00000000ac700000| Untracked 
| 200|0x00000000ac800000, 0x00000000ac800000, 0x00000000ac900000|  0%| F|  |TAMS 0x00000000ac800000| PB 0x00000000ac800000| Untracked 
| 201|0x00000000ac900000, 0x00000000ac900000, 0x00000000aca00000|  0%| F|  |TAMS 0x00000000ac900000| PB 0x00000000ac900000| Untracked 
| 202|0x00000000aca00000, 0x00000000aca00000, 0x00000000acb00000|  0%| F|  |TAMS 0x00000000aca00000| PB 0x00000000aca00000| Untracked 
| 203|0x00000000acb00000, 0x00000000acc00000, 0x00000000acc00000|100%| E|  |TAMS 0x00000000acb00000| PB 0x00000000acb00000| Complete 
| 204|0x00000000acc00000, 0x00000000acd00000, 0x00000000acd00000|100%| E|CS|TAMS 0x00000000acc00000| PB 0x00000000acc00000| Complete 
| 205|0x00000000acd00000, 0x00000000ace00000, 0x00000000ace00000|100%| E|CS|TAMS 0x00000000acd00000| PB 0x00000000acd00000| Complete 
| 206|0x00000000ace00000, 0x00000000acf00000, 0x00000000acf00000|100%| E|CS|TAMS 0x00000000ace00000| PB 0x00000000ace00000| Complete 
| 207|0x00000000acf00000, 0x00000000ad000000, 0x00000000ad000000|100%| E|CS|TAMS 0x00000000acf00000| PB 0x00000000acf00000| Complete 
| 208|0x00000000ad000000, 0x00000000ad100000, 0x00000000ad100000|100%| E|CS|TAMS 0x00000000ad000000| PB 0x00000000ad000000| Complete 
| 209|0x00000000ad100000, 0x00000000ad200000, 0x00000000ad200000|100%| E|CS|TAMS 0x00000000ad100000| PB 0x00000000ad100000| Complete 
| 210|0x00000000ad200000, 0x00000000ad300000, 0x00000000ad300000|100%| E|CS|TAMS 0x00000000ad200000| PB 0x00000000ad200000| Complete 
| 211|0x00000000ad300000, 0x00000000ad400000, 0x00000000ad400000|100%| E|CS|TAMS 0x00000000ad300000| PB 0x00000000ad300000| Complete 
| 212|0x00000000ad400000, 0x00000000ad500000, 0x00000000ad500000|100%| E|CS|TAMS 0x00000000ad400000| PB 0x00000000ad400000| Complete 
| 213|0x00000000ad500000, 0x00000000ad600000, 0x00000000ad600000|100%| E|CS|TAMS 0x00000000ad500000| PB 0x00000000ad500000| Complete 
| 214|0x00000000ad600000, 0x00000000ad700000, 0x00000000ad700000|100%| E|CS|TAMS 0x00000000ad600000| PB 0x00000000ad600000| Complete 
| 215|0x00000000ad700000, 0x00000000ad800000, 0x00000000ad800000|100%| E|CS|TAMS 0x00000000ad700000| PB 0x00000000ad700000| Complete 
| 216|0x00000000ad800000, 0x00000000ad900000, 0x00000000ad900000|100%| E|CS|TAMS 0x00000000ad800000| PB 0x00000000ad800000| Complete 
| 217|0x00000000ad900000, 0x00000000ada00000, 0x00000000ada00000|100%| E|CS|TAMS 0x00000000ad900000| PB 0x00000000ad900000| Complete 
| 218|0x00000000ada00000, 0x00000000adb00000, 0x00000000adb00000|100%| E|CS|TAMS 0x00000000ada00000| PB 0x00000000ada00000| Complete 
| 219|0x00000000adb00000, 0x00000000adc00000, 0x00000000adc00000|100%| E|CS|TAMS 0x00000000adb00000| PB 0x00000000adb00000| Complete 
| 220|0x00000000adc00000, 0x00000000add00000, 0x00000000add00000|100%| E|CS|TAMS 0x00000000adc00000| PB 0x00000000adc00000| Complete 
| 221|0x00000000add00000, 0x00000000ade00000, 0x00000000ade00000|100%| E|CS|TAMS 0x00000000add00000| PB 0x00000000add00000| Complete 
| 222|0x00000000ade00000, 0x00000000adf00000, 0x00000000adf00000|100%| E|CS|TAMS 0x00000000ade00000| PB 0x00000000ade00000| Complete 
| 223|0x00000000adf00000, 0x00000000ae000000, 0x00000000ae000000|100%| E|CS|TAMS 0x00000000adf00000| PB 0x00000000adf00000| Complete 
| 224|0x00000000ae000000, 0x00000000ae100000, 0x00000000ae100000|100%| E|CS|TAMS 0x00000000ae000000| PB 0x00000000ae000000| Complete 
| 225|0x00000000ae100000, 0x00000000ae200000, 0x00000000ae200000|100%| E|CS|TAMS 0x00000000ae100000| PB 0x00000000ae100000| Complete 
| 226|0x00000000ae200000, 0x00000000ae300000, 0x00000000ae300000|100%| E|CS|TAMS 0x00000000ae200000| PB 0x00000000ae200000| Complete 
| 227|0x00000000ae300000, 0x00000000ae400000, 0x00000000ae400000|100%| E|CS|TAMS 0x00000000ae300000| PB 0x00000000ae300000| Complete 
| 228|0x00000000ae400000, 0x00000000ae500000, 0x00000000ae500000|100%| E|CS|TAMS 0x00000000ae400000| PB 0x00000000ae400000| Complete 
| 229|0x00000000ae500000, 0x00000000ae600000, 0x00000000ae600000|100%| E|CS|TAMS 0x00000000ae500000| PB 0x00000000ae500000| Complete 
| 230|0x00000000ae600000, 0x00000000ae700000, 0x00000000ae700000|100%| E|CS|TAMS 0x00000000ae600000| PB 0x00000000ae600000| Complete 
| 231|0x00000000ae700000, 0x00000000ae800000, 0x00000000ae800000|100%| E|CS|TAMS 0x00000000ae700000| PB 0x00000000ae700000| Complete 
| 232|0x00000000ae800000, 0x00000000ae900000, 0x00000000ae900000|100%| E|CS|TAMS 0x00000000ae800000| PB 0x00000000ae800000| Complete 
| 233|0x00000000ae900000, 0x00000000aea00000, 0x00000000aea00000|100%| E|CS|TAMS 0x00000000ae900000| PB 0x00000000ae900000| Complete 
| 234|0x00000000aea00000, 0x00000000aeb00000, 0x00000000aeb00000|100%| E|CS|TAMS 0x00000000aea00000| PB 0x00000000aea00000| Complete 
| 235|0x00000000aeb00000, 0x00000000aec00000, 0x00000000aec00000|100%| E|CS|TAMS 0x00000000aeb00000| PB 0x00000000aeb00000| Complete 
| 236|0x00000000aec00000, 0x00000000aed00000, 0x00000000aed00000|100%| E|CS|TAMS 0x00000000aec00000| PB 0x00000000aec00000| Complete 
| 237|0x00000000aed00000, 0x00000000aee00000, 0x00000000aee00000|100%| E|CS|TAMS 0x00000000aed00000| PB 0x00000000aed00000| Complete 
| 238|0x00000000aee00000, 0x00000000aef00000, 0x00000000aef00000|100%| E|CS|TAMS 0x00000000aee00000| PB 0x00000000aee00000| Complete 
| 239|0x00000000aef00000, 0x00000000af000000, 0x00000000af000000|100%| E|CS|TAMS 0x00000000aef00000| PB 0x00000000aef00000| Complete 
| 240|0x00000000af000000, 0x00000000af100000, 0x00000000af100000|100%| E|CS|TAMS 0x00000000af000000| PB 0x00000000af000000| Complete 
| 241|0x00000000af100000, 0x00000000af200000, 0x00000000af200000|100%| E|CS|TAMS 0x00000000af100000| PB 0x00000000af100000| Complete 
| 242|0x00000000af200000, 0x00000000af300000, 0x00000000af300000|100%| E|CS|TAMS 0x00000000af200000| PB 0x00000000af200000| Complete 
| 243|0x00000000af300000, 0x00000000af400000, 0x00000000af400000|100%| E|CS|TAMS 0x00000000af300000| PB 0x00000000af300000| Complete 
| 244|0x00000000af400000, 0x00000000af500000, 0x00000000af500000|100%| E|CS|TAMS 0x00000000af400000| PB 0x00000000af400000| Complete 
| 245|0x00000000af500000, 0x00000000af600000, 0x00000000af600000|100%| E|CS|TAMS 0x00000000af500000| PB 0x00000000af500000| Complete 
| 246|0x00000000af600000, 0x00000000af700000, 0x00000000af700000|100%| E|CS|TAMS 0x00000000af600000| PB 0x00000000af600000| Complete 
| 247|0x00000000af700000, 0x00000000af800000, 0x00000000af800000|100%| E|CS|TAMS 0x00000000af700000| PB 0x00000000af700000| Complete 
| 248|0x00000000af800000, 0x00000000af900000, 0x00000000af900000|100%| E|CS|TAMS 0x00000000af800000| PB 0x00000000af800000| Complete 
| 249|0x00000000af900000, 0x00000000afa00000, 0x00000000afa00000|100%| E|CS|TAMS 0x00000000af900000| PB 0x00000000af900000| Complete 
| 250|0x00000000afa00000, 0x00000000afb00000, 0x00000000afb00000|100%| E|CS|TAMS 0x00000000afa00000| PB 0x00000000afa00000| Complete 
| 251|0x00000000afb00000, 0x00000000afc00000, 0x00000000afc00000|100%| E|CS|TAMS 0x00000000afb00000| PB 0x00000000afb00000| Complete 

Card table byte_map: [0x0000024e365a0000,0x0000024e368a0000] _byte_map_base: 0x0000024e360a0000

Marking Bits: (CMBitMap*) 0x0000024e23b96560
 Bits: [0x0000024e368a0000, 0x0000024e380a0000)

Polling page: 0x0000024e219b0000

Metaspace:

Usage:
  Non-class:     12.67 MB used.
      Class:      2.04 MB used.
       Both:     14.70 MB used.

Virtual space:
  Non-class space:       64.00 MB reserved,      12.88 MB ( 20%) committed,  1 nodes.
      Class space:        1.00 GB reserved,       2.25 MB ( <1%) committed,  1 nodes.
             Both:        1.06 GB reserved,      15.12 MB (  1%) committed. 

Chunk freelists:
   Non-Class:  3.05 MB
       Class:  13.80 MB
        Both:  16.84 MB

MaxMetaspaceSize: unlimited
CompressedClassSpaceSize: 1.00 GB
Initial GC threshold: 21.00 MB
Current GC threshold: 21.00 MB
CDS: on
 - commit_granule_bytes: 65536.
 - commit_granule_words: 8192.
 - virtual_space_node_default_size: 8388608.
 - enlarge_chunks_in_place: 1.
 - use_allocation_guard: 0.


Internal statistics:

num_allocs_failed_limit: 0.
num_arena_births: 462.
num_arena_deaths: 0.
num_vsnodes_births: 2.
num_vsnodes_deaths: 0.
num_space_committed: 242.
num_space_uncommitted: 0.
num_chunks_returned_to_freelist: 0.
num_chunks_taken_from_freelist: 962.
num_chunk_merges: 0.
num_chunk_splits: 639.
num_chunks_enlarged: 442.
num_inconsistent_stats: 0.

CodeHeap 'non-profiled nmethods': size=120000Kb used=1487Kb max_used=1487Kb free=118512Kb
 bounds [0x0000024e2e820000, 0x0000024e2ea90000, 0x0000024e35d50000]
CodeHeap 'profiled nmethods': size=120000Kb used=5991Kb max_used=5991Kb free=114008Kb
 bounds [0x0000024e26d50000, 0x0000024e27330000, 0x0000024e2e280000]
CodeHeap 'non-nmethods': size=5760Kb used=1396Kb max_used=1410Kb free=4363Kb
 bounds [0x0000024e2e280000, 0x0000024e2e4f0000, 0x0000024e2e820000]
CodeCache: size=245760Kb, used=8874Kb, max_used=8888Kb, free=236883Kb
 total_blobs=3599, nmethods=3044, adapters=459, full_count=0
Compilation: enabled, stopped_count=0, restarted_count=0

Compilation events (20 events):
Event: 93.362 Thread 0x0000024e7c039b80 3041       3       java.lang.invoke.DirectMethodHandle$Interface::checkReceiver (82 bytes)
Event: 93.362 Thread 0x0000024e7c02bd40 nmethod 3043 0x0000024e2e992890 code [0x0000024e2e992a20, 0x0000024e2e992a98]
Event: 93.362 Thread 0x0000024e7c02bd40 3044       4       java.util.HashMap$KeyIterator::next (8 bytes)
Event: 93.364 Thread 0x0000024e7c039b80 nmethod 3041 0x0000024e27320810 code [0x0000024e27320bc0, 0x0000024e273224c8]
Event: 93.364 Thread 0x0000024e7c039b80 3046       3       org.gradle.internal.service.DefaultServiceRegistry$OwnServices::getProviders (26 bytes)
Event: 93.364 Thread 0x0000024e7c039b80 nmethod 3046 0x0000024e27322c90 code [0x0000024e27322e60, 0x0000024e273231e0]
Event: 93.364 Thread 0x0000024e7c039b80 3042       1       org.gradle.internal.service.DefaultServiceRegistry::access$2400 (5 bytes)
Event: 93.364 Thread 0x0000024e7c039b80 nmethod 3042 0x0000024e2e992b90 code [0x0000024e2e992d20, 0x0000024e2e992dd0]
Event: 93.372 Thread 0x0000024e7c02bd40 nmethod 3044 0x0000024e2e992e90 code [0x0000024e2e993040, 0x0000024e2e993470]
Event: 93.372 Thread 0x0000024e7c02bd40 3045       4       java.lang.Class::cast (27 bytes)
Event: 93.373 Thread 0x0000024e7c02bd40 nmethod 3045 0x0000024e2e993610 code [0x0000024e2e9937a0, 0x0000024e2e9938b8]
Event: 94.133 Thread 0x0000024e7c039b80 3047   !   3       java.lang.Thread::sleep (82 bytes)
Event: 94.135 Thread 0x0000024e7c039b80 nmethod 3047 0x0000024e27323310 code [0x0000024e27323540, 0x0000024e27323db0]
Event: 94.135 Thread 0x0000024e7c039b80 3048   !   3       java.lang.Thread::beforeSleep (33 bytes)
Event: 94.135 Thread 0x0000024e7c039b80 nmethod 3048 0x0000024e27324090 code [0x0000024e27324240, 0x0000024e27324408]
Event: 94.135 Thread 0x0000024e7c039b80 3049       3       jdk.internal.event.ThreadSleepEvent::isTurnedOn (7 bytes)
Event: 94.136 Thread 0x0000024e7c039b80 nmethod 3049 0x0000024e27324510 code [0x0000024e273246c0, 0x0000024e27324810]
Event: 94.207 Thread 0x0000024e7c039b80 3050       3       java.lang.invoke.TypeConvertingMethodAdapter::convertType (299 bytes)
Event: 94.212 Thread 0x0000024e7c039b80 nmethod 3050 0x0000024e27324890 code [0x0000024e27324f40, 0x0000024e273288f8]
Event: 94.386 Thread 0x0000024e7c02bd40 3052   !   4       java.lang.ClassLoader::loadClass (121 bytes)

GC Heap History (6 events):
Event: 6.342 GC heap before
{Heap before GC invocations=0 (full 0):
 garbage-first heap   total 258048K, used 23552K [0x00000000a0000000, 0x0000000100000000)
  region size 1024K, 23 young (23552K), 0 survivors (0K)
 Metaspace       used 902K, committed 1024K, reserved 1114112K
  class space    used 73K, committed 128K, reserved 1048576K
}
Event: 6.763 GC heap after
{Heap after GC invocations=1 (full 0):
 garbage-first heap   total 258048K, used 1717K [0x00000000a0000000, 0x0000000100000000)
  region size 1024K, 2 young (2048K), 2 survivors (2048K)
 Metaspace       used 902K, committed 1024K, reserved 1114112K
  class space    used 73K, committed 128K, reserved 1048576K
}
Event: 19.460 GC heap before
{Heap before GC invocations=1 (full 0):
 garbage-first heap   total 258048K, used 40629K [0x00000000a0000000, 0x0000000100000000)
  region size 1024K, 38 young (38912K), 2 survivors (2048K)
 Metaspace       used 4359K, committed 4544K, reserved 1114112K
  class space    used 558K, committed 640K, reserved 1048576K
}
Event: 19.471 GC heap after
{Heap after GC invocations=2 (full 0):
 garbage-first heap   total 258048K, used 10683K [0x00000000a0000000, 0x0000000100000000)
  region size 1024K, 5 young (5120K), 5 survivors (5120K)
 Metaspace       used 4359K, committed 4544K, reserved 1114112K
  class space    used 558K, committed 640K, reserved 1048576K
}
Event: 28.564 GC heap before
{Heap before GC invocations=2 (full 0):
 garbage-first heap   total 258048K, used 68027K [0x00000000a0000000, 0x0000000100000000)
  region size 1024K, 60 young (61440K), 5 survivors (5120K)
 Metaspace       used 6789K, committed 7040K, reserved 1114112K
  class space    used 923K, committed 1024K, reserved 1048576K
}
Event: 28.571 GC heap after
{Heap after GC invocations=3 (full 0):
 garbage-first heap   total 258048K, used 17683K [0x00000000a0000000, 0x0000000100000000)
  region size 1024K, 6 young (6144K), 6 survivors (6144K)
 Metaspace       used 6789K, committed 7040K, reserved 1114112K
  class space    used 923K, committed 1024K, reserved 1048576K
}

Dll operation events (20 events):
Event: 1.779 Attempting to load shared library C:\Users\ishas\.vscode\extensions\redhat.java-1.56.0-win32-x64\jre\21.0.12.1-win32-x86_64\bin\nio.dll
Event: 1.781 Loaded shared library C:\Users\ishas\.vscode\extensions\redhat.java-1.56.0-win32-x64\jre\21.0.12.1-win32-x86_64\bin\nio.dll
Event: 1.787 Attempting to load shared library C:\Users\ishas\.vscode\extensions\redhat.java-1.56.0-win32-x64\jre\21.0.12.1-win32-x86_64\bin\zip.dll
Event: 1.787 Loaded shared library C:\Users\ishas\.vscode\extensions\redhat.java-1.56.0-win32-x64\jre\21.0.12.1-win32-x86_64\bin\zip.dll
Event: 6.020 Attempting to load shared library C:\Users\ishas\.vscode\extensions\redhat.java-1.56.0-win32-x64\jre\21.0.12.1-win32-x86_64\bin\jimage.dll
Event: 6.020 Loaded shared library C:\Users\ishas\.vscode\extensions\redhat.java-1.56.0-win32-x64\jre\21.0.12.1-win32-x86_64\bin\jimage.dll
Event: 8.929 Attempting to load shared library C:\Users\ishas\.vscode\extensions\redhat.java-1.56.0-win32-x64\jre\21.0.12.1-win32-x86_64\bin\verify.dll
Event: 8.930 Loaded shared library C:\Users\ishas\.vscode\extensions\redhat.java-1.56.0-win32-x64\jre\21.0.12.1-win32-x86_64\bin\verify.dll
Event: 12.152 Attempting to load shared library C:\Users\ishas\.gradle\native\1def1411415f61bf3af743bc5b6707747c0891f09f0c88961ee8f79bc544acac\windows-amd64\native-platform.dll
Event: 12.177 Loaded shared library C:\Users\ishas\.gradle\native\1def1411415f61bf3af743bc5b6707747c0891f09f0c88961ee8f79bc544acac\windows-amd64\native-platform.dll
Event: 12.231 Attempting to load shared library C:\Users\ishas\.gradle\native\0.2.7\x86_64-windows-gnu\gradle-fileevents.dll
Event: 12.232 Loaded shared library C:\Users\ishas\.gradle\native\0.2.7\x86_64-windows-gnu\gradle-fileevents.dll
Event: 27.718 Attempting to load shared library C:\Users\ishas\.vscode\extensions\redhat.java-1.56.0-win32-x64\jre\21.0.12.1-win32-x86_64\bin\management.dll
Event: 27.721 Loaded shared library C:\Users\ishas\.vscode\extensions\redhat.java-1.56.0-win32-x64\jre\21.0.12.1-win32-x86_64\bin\management.dll
Event: 27.734 Attempting to load shared library C:\Users\ishas\.vscode\extensions\redhat.java-1.56.0-win32-x64\jre\21.0.12.1-win32-x86_64\bin\management_ext.dll
Event: 27.770 Loaded shared library C:\Users\ishas\.vscode\extensions\redhat.java-1.56.0-win32-x64\jre\21.0.12.1-win32-x86_64\bin\management_ext.dll
Event: 29.507 Attempting to load shared library C:\Users\ishas\.vscode\extensions\redhat.java-1.56.0-win32-x64\jre\21.0.12.1-win32-x86_64\bin\extnet.dll
Event: 29.509 Loaded shared library C:\Users\ishas\.vscode\extensions\redhat.java-1.56.0-win32-x64\jre\21.0.12.1-win32-x86_64\bin\extnet.dll
Event: 79.311 Attempting to load shared library C:\Users\ishas\.vscode\extensions\redhat.java-1.56.0-win32-x64\jre\21.0.12.1-win32-x86_64\bin\sunmscapi.dll
Event: 79.355 Loaded shared library C:\Users\ishas\.vscode\extensions\redhat.java-1.56.0-win32-x64\jre\21.0.12.1-win32-x86_64\bin\sunmscapi.dll

Deoptimization events (20 events):
Event: 82.501 Thread 0x0000024e7d949570 Uncommon trap: trap_request=0xffffffc6 fr.pc=0x0000024e2e94d1f0 relative=0x00000000000007f0
Event: 82.501 Thread 0x0000024e7d949570 Uncommon trap: reason=bimorphic_or_optimized_type_check action=maybe_recompile pc=0x0000024e2e94d1f0 method=java.util.HashMap.putVal(ILjava/lang/Object;Ljava/lang/Object;ZZ)Ljava/lang/Object; @ 253 c2
Event: 82.501 Thread 0x0000024e7d949570 DEOPT PACKING pc=0x0000024e2e94d1f0 sp=0x0000009f205febe0
Event: 82.501 Thread 0x0000024e7d949570 DEOPT UNPACKING pc=0x0000024e2e2d4422 sp=0x0000009f205feb80 mode 2
Event: 82.843 Thread 0x0000024e7d949570 Uncommon trap: trap_request=0xffffffcc fr.pc=0x0000024e2e94790c relative=0x000000000000034c
Event: 82.843 Thread 0x0000024e7d949570 Uncommon trap: reason=intrinsic_or_type_checked_inlining action=make_not_entrant pc=0x0000024e2e94790c method=java.util.Arrays.copyOf([Ljava/lang/Object;ILjava/lang/Class;)[Ljava/lang/Object; @ 35 c2
Event: 82.843 Thread 0x0000024e7d949570 DEOPT PACKING pc=0x0000024e2e94790c sp=0x0000009f205fe250
Event: 82.843 Thread 0x0000024e7d949570 DEOPT UNPACKING pc=0x0000024e2e2d4422 sp=0x0000009f205fe1f8 mode 2
Event: 87.761 Thread 0x0000024e7d949570 Uncommon trap: trap_request=0xffffff45 fr.pc=0x0000024e2e8d5afc relative=0x000000000000031c
Event: 87.761 Thread 0x0000024e7d949570 Uncommon trap: reason=unstable_if action=reinterpret pc=0x0000024e2e8d5afc method=java.util.HashMap.getNode(Ljava/lang/Object;)Ljava/util/HashMap$Node; @ 66 c2
Event: 87.761 Thread 0x0000024e7d949570 DEOPT PACKING pc=0x0000024e2e8d5afc sp=0x0000009f205fc360
Event: 87.761 Thread 0x0000024e7d949570 DEOPT UNPACKING pc=0x0000024e2e2d4422 sp=0x0000009f205fc280 mode 2
Event: 87.761 Thread 0x0000024e7d949570 Uncommon trap: trap_request=0xffffff45 fr.pc=0x0000024e2e89a874 relative=0x0000000000000294
Event: 87.761 Thread 0x0000024e7d949570 Uncommon trap: reason=unstable_if action=reinterpret pc=0x0000024e2e89a874 method=java.util.HashMap.getNode(Ljava/lang/Object;)Ljava/util/HashMap$Node; @ 66 c2
Event: 87.761 Thread 0x0000024e7d949570 DEOPT PACKING pc=0x0000024e2e89a874 sp=0x0000009f205fc300
Event: 87.761 Thread 0x0000024e7d949570 DEOPT UNPACKING pc=0x0000024e2e2d4422 sp=0x0000009f205fc280 mode 2
Event: 87.860 Thread 0x0000024e7d949570 Uncommon trap: trap_request=0xffffff45 fr.pc=0x0000024e2e8ccfc0 relative=0x0000000000000280
Event: 87.860 Thread 0x0000024e7d949570 Uncommon trap: reason=unstable_if action=reinterpret pc=0x0000024e2e8ccfc0 method=java.util.concurrent.ConcurrentHashMap.get(Ljava/lang/Object;)Ljava/lang/Object; @ 76 c2
Event: 87.860 Thread 0x0000024e7d949570 DEOPT PACKING pc=0x0000024e2e8ccfc0 sp=0x0000009f205fb810
Event: 87.860 Thread 0x0000024e7d949570 DEOPT UNPACKING pc=0x0000024e2e2d4422 sp=0x0000009f205fb778 mode 2

Classes loaded (20 events):
Event: 89.339 Loading class jdk/internal/org/objectweb/asm/ClassReader
Event: 89.340 Loading class jdk/internal/org/objectweb/asm/ClassReader done
Event: 89.454 Loading class sun/reflect/generics/scope/ConstructorScope
Event: 89.454 Loading class sun/reflect/generics/scope/ConstructorScope done
Event: 93.131 Loading class java/nio/file/attribute/PosixFilePermission
Event: 93.131 Loading class java/nio/file/attribute/PosixFilePermission done
Event: 93.131 Loading class java/nio/file/NoSuchFileException
Event: 93.132 Loading class java/nio/file/FileSystemException
Event: 93.132 Loading class java/nio/file/FileSystemException done
Event: 93.132 Loading class java/nio/file/NoSuchFileException done
Event: 93.136 Loading class java/nio/file/attribute/PosixFilePermissions
Event: 93.136 Loading class java/nio/file/attribute/PosixFilePermissions done
Event: 93.136 Loading class java/util/RegularEnumSet$EnumSetIterator
Event: 93.136 Loading class java/util/RegularEnumSet$EnumSetIterator done
Event: 93.136 Loading class java/nio/file/attribute/PosixFilePermissions$1
Event: 93.136 Loading class java/nio/file/attribute/PosixFilePermissions$1 done
Event: 94.276 Loading class java/util/concurrent/ArrayBlockingQueue
Event: 94.276 Loading class java/util/concurrent/ArrayBlockingQueue done
Event: 94.278 Loading class java/util/concurrent/locks/ReentrantLock$FairSync
Event: 94.278 Loading class java/util/concurrent/locks/ReentrantLock$FairSync done

Classes unloaded (0 events):
No events

Classes redefined (0 events):
No events

Internal exceptions (20 events):
Event: 29.609 Thread 0x0000024e217d7490 Exception <a 'java/lang/NoSuchMethodError'{0x00000000af88c8f8}: 'java.lang.Object java.lang.invoke.DirectMethodHandle$Holder.invokeVirtual(java.lang.Object, java.lang.Object, java.lang.Object, java.lang.Object, java.lang.Object, java.lang.Object, java.lang.Object)'> (0x00000000af88c8f8) 
thrown [s\src\hotspot\share\interpreter\linkResolver.cpp, line 773]
Event: 29.745 Thread 0x0000024e217d7490 Exception <a 'java/lang/NoSuchMethodError'{0x00000000af71d8e0}: 'java.lang.Object java.lang.invoke.DirectMethodHandle$Holder.invokeVirtual(java.lang.Object, java.lang.Object, java.lang.Object, java.lang.Object, java.lang.Object, java.lang.Object, java.lang.Object, java.lang.Object, java.lang.Object)'> (0x00000000af71d8e0) 
thrown [s\src\hotspot\share\interpreter\linkResolver.cpp, line 773]
Event: 29.890 Thread 0x0000024e217d7490 Exception <a 'java/lang/NoSuchMethodError'{0x00000000af6b8df0}: 'java.lang.Object java.lang.invoke.DirectMethodHandle$Holder.invokeStaticInit(java.lang.Object, int, int, int, int)'> (0x00000000af6b8df0) 
thrown [s\src\hotspot\share\interpreter\linkResolver.cpp, line 773]
Event: 30.656 Thread 0x0000024e217d7490 Exception <a 'java/lang/NoSuchMethodError'{0x00000000af589fe0}: 'java.lang.Object java.lang.invoke.DirectMethodHandle$Holder.invokeStaticInit(java.lang.Object, java.lang.Object, int, int, int, int)'> (0x00000000af589fe0) 
thrown [s\src\hotspot\share\interpreter\linkResolver.cpp, line 773]
Event: 31.803 Thread 0x0000024e217d7490 Exception <a 'java/io/IOException'{0x00000000af104ff8}> (0x00000000af104ff8) 
thrown [s\src\hotspot\share\prims\jni.cpp, line 520]
Event: 31.821 Thread 0x0000024e217d7490 Implicit null exception at 0x0000024e2e872724 to 0x0000024e2e872d88
Event: 31.829 Thread 0x0000024e217d7490 Exception <a 'java/lang/NoSuchMethodError'{0x00000000af1783e0}: 'java.lang.Object java.lang.invoke.DirectMethodHandle$Holder.newInvokeSpecial(java.lang.Object, java.lang.Object, java.lang.Object, java.lang.Object, java.lang.Object)'> (0x00000000af1783e0) 
thrown [s\src\hotspot\share\interpreter\linkResolver.cpp, line 773]
Event: 62.132 Thread 0x0000024e7ce610b0 Implicit null exception at 0x0000024e2e875020 to 0x0000024e2e87567c
Event: 82.109 Thread 0x0000024e7c5e4ee0 Exception <a 'java/lang/NoSuchMethodError'{0x00000000ae553b50}: 'void java.lang.invoke.DirectMethodHandle$Holder.invokeSpecial(java.lang.Object, java.lang.Object, java.lang.Object)'> (0x00000000ae553b50) 
thrown [s\src\hotspot\share\interpreter\linkResolver.cpp, line 773]
Event: 84.801 Thread 0x0000024e7d949570 Exception <a 'java/lang/NoSuchMethodError'{0x00000000adf11788}: 'long java.lang.invoke.DirectMethodHandle$Holder.invokeInterface(java.lang.Object, java.lang.Object)'> (0x00000000adf11788) 
thrown [s\src\hotspot\share\interpreter\linkResolver.cpp, line 773]
Event: 87.395 Thread 0x0000024e7d949570 Exception <a 'java/lang/NoSuchMethodError'{0x00000000adb45140}: 'void java.lang.invoke.DirectMethodHandle$Holder.invokeStatic(java.lang.Object, java.lang.Object)'> (0x00000000adb45140) 
thrown [s\src\hotspot\share\interpreter\linkResolver.cpp, line 773]
Event: 87.479 Thread 0x0000024e7d949570 Exception <a 'java/lang/NoSuchMethodError'{0x00000000adb7f028}: 'java.lang.Object java.lang.invoke.DirectMethodHandle$Holder.invokeVirtual(java.lang.Object, java.lang.Object, java.lang.Object, java.lang.Object, java.lang.Object, java.lang.Object, java.lang.Object, java.lang.Object, java.lang.Object, java.lang.Object, java.lang.Object, java.lang.Object)'> (0x00000000adb7f028) 
thrown [s\src\hotspot\share\interpreter\linkResolver.cpp, line 773]
Event: 87.491 Thread 0x0000024e7d949570 Exception <a 'java/lang/NoSuchMethodError'{0x00000000adb84628}: 'java.lang.Object java.lang.invoke.DirectMethodHandle$Holder.invokeSpecial(java.lang.Object, java.lang.Object, java.lang.Object, java.lang.Object, java.lang.Object, java.lang.Object, java.lang.Object, java.lang.Object, java.lang.Object, java.lang.Object, java.lang.Object, java.lang.Object, java.lang.Object)'> (0x00000000adb84628) 
thrown [s\src\hotspot\share\interpreter\linkResolver.cpp, line 773]
Event: 87.908 Thread 0x0000024e7d949570 Exception <a 'java/lang/NoSuchMethodError'{0x00000000ad9e28f0}: 'int java.lang.invoke.DirectMethodHandle$Holder.invokeVirtual(java.lang.Object, java.lang.Object, java.lang.Object)'> (0x00000000ad9e28f0) 
thrown [s\src\hotspot\share\interpreter\linkResolver.cpp, line 773]
Event: 89.065 Thread 0x0000024e7d949570 Exception <a 'java/lang/NoSuchMethodError'{0x00000000ad655568}: 'java.lang.Object java.lang.invoke.DirectMethodHandle$Holder.newInvokeSpecial(java.lang.Object, java.lang.Object, java.lang.Object, java.lang.Object, java.lang.Object, java.lang.Object)'> (0x00000000ad655568) 
thrown [s\src\hotspot\share\interpreter\linkResolver.cpp, line 773]
Event: 89.708 Thread 0x0000024e7d949570 Exception <a 'java/lang/NoSuchMethodError'{0x00000000ad32e820}: 'void java.lang.invoke.DelegatingMethodHandle$Holder.reinvoke_L(java.lang.Object, java.lang.Object, java.lang.Object, java.lang.Object, java.lang.Object, java.lang.Object, java.lang.Object, java.lang.Object, java.lang.Object, java.lang.Object)'> (0x00000000ad32e820) 
thrown [s\src\hotspot\share\interpreter\linkResolver.cpp, line 773]
Event: 89.709 Thread 0x0000024e7d949570 Exception <a 'java/lang/NoSuchMethodError'{0x00000000ad336300}: 'java.lang.Object java.lang.invoke.Invokers$Holder.invoker(java.lang.Object, java.lang.Object, java.lang.Object, java.lang.Object, java.lang.Object, java.lang.Object, java.lang.Object, java.lang.Object, java.lang.Object, java.lang.Object)'> (0x00000000ad336300) 
thrown [s\src\hotspot\share\interpreter\linkResolver.cpp, line 773]
Event: 93.152 Thread 0x0000024e7d949570 Exception <a 'java/lang/NoSuchMethodError'{0x00000000acdf5e20}: 'void java.lang.invoke.DirectMethodHandle$Holder.invokeInterface(java.lang.Object, java.lang.Object)'> (0x00000000acdf5e20) 
thrown [s\src\hotspot\share\interpreter\linkResolver.cpp, line 773]
Event: 93.247 Thread 0x0000024e7d949570 Exception <a 'java/lang/IncompatibleClassChangeError'{0x00000000acdf93a0}: Found class java.lang.Object, but interface was expected> (0x00000000acdf93a0) 
thrown [s\src\hotspot\share\interpreter\linkResolver.cpp, line 840]
Event: 94.316 Thread 0x0000024e7d949570 Exception <a 'java/lang/NoSuchMethodError'{0x00000000acb20a78}: 'java.lang.Object java.lang.invoke.DirectMethodHandle$Holder.newInvokeSpecial(java.lang.Object, java.lang.Object, int)'> (0x00000000acb20a78) 
thrown [s\src\hotspot\share\interpreter\linkResolver.cpp, line 773]

ZGC Phase Switch (0 events):
No events

VM Operations (20 events):
Event: 85.167 Executing safepoint VM operation: Cleanup
Event: 85.167 Executing safepoint VM operation: Cleanup done
Event: 86.180 Executing safepoint VM operation: Cleanup
Event: 86.271 Executing safepoint VM operation: Cleanup done
Event: 87.279 Executing safepoint VM operation: Cleanup
Event: 87.294 Executing safepoint VM operation: Cleanup done
Event: 88.299 Executing safepoint VM operation: Cleanup
Event: 88.548 Executing safepoint VM operation: Cleanup done
Event: 89.559 Executing safepoint VM operation: Cleanup
Event: 89.669 Executing safepoint VM operation: Cleanup done
Event: 90.682 Executing safepoint VM operation: Cleanup
Event: 90.929 Executing safepoint VM operation: Cleanup done
Event: 91.939 Executing safepoint VM operation: Cleanup
Event: 92.002 Executing safepoint VM operation: Cleanup done
Event: 93.017 Executing safepoint VM operation: Cleanup
Event: 93.109 Executing safepoint VM operation: Cleanup done
Event: 94.118 Executing safepoint VM operation: Cleanup
Event: 94.133 Executing safepoint VM operation: Cleanup done
Event: 94.280 Executing non-safepoint VM operation: HandshakeAllThreads (Deoptimize)
Event: 94.280 Executing non-safepoint VM operation: HandshakeAllThreads (Deoptimize) done

Memory protections (0 events):
No events

Nmethod flushes (0 events):
No events

Events (20 events):
Event: 1.541 Thread 0x0000024e217d7490 Thread added: 0x0000024e7c039b80
Event: 1.771 Thread 0x0000024e217d7490 Thread added: 0x0000024e7c2dd550
Event: 1.812 Thread 0x0000024e217d7490 Thread added: 0x0000024e7c325cf0
Event: 28.531 Thread 0x0000024e217d7490 Thread added: 0x0000024e7cdad5d0
Event: 30.683 Thread 0x0000024e217d7490 Thread added: 0x0000024e7c0fbef0
Event: 30.717 Thread 0x0000024e7c039b80 Thread added: 0x0000024e7d1bfe00
Event: 31.158 Thread 0x0000024e7d1bfe00 Thread exited: 0x0000024e7d1bfe00
Event: 31.694 Thread 0x0000024e7c039b80 Thread added: 0x0000024e7cd0b3b0
Event: 31.842 Thread 0x0000024e217d7490 Thread added: 0x0000024e7ce610b0
Event: 35.530 Thread 0x0000024e7cd0b3b0 Thread exited: 0x0000024e7cd0b3b0
Event: 41.936 Thread 0x0000024e7c039b80 Thread added: 0x0000024e7c390550
Event: 43.527 Thread 0x0000024e7c390550 Thread exited: 0x0000024e7c390550
Event: 80.909 Thread 0x0000024e7c0fbef0 Thread added: 0x0000024e7c5e4ee0
Event: 80.922 Thread 0x0000024e7c5e4ee0 Thread added: 0x0000024e7c5e9230
Event: 81.080 Thread 0x0000024e7c5e4ee0 Thread added: 0x0000024e7d946e10
Event: 82.111 Thread 0x0000024e7c5e4ee0 Thread added: 0x0000024e7d949570
Event: 82.652 Thread 0x0000024e7d949570 Thread added: 0x0000024e7d946780
Event: 82.672 Thread 0x0000024e7d949570 Thread added: 0x0000024e7d948ee0
Event: 82.777 Thread 0x0000024e7d949570 Thread added: 0x0000024e7d948850
Event: 94.288 Thread 0x0000024e7d949570 Thread added: 0x0000024e7d9474a0


Dynamic libraries:
0x00007ff620c60000 - 0x00007ff620c6e000 	C:\Users\ishas\.vscode\extensions\redhat.java-1.56.0-win32-x64\jre\21.0.12.1-win32-x86_64\bin\java.exe
0x00007ffa2e940000 - 0x00007ffa2eba7000 	C:\Windows\SYSTEM32\ntdll.dll
0x00007ffa2cfe0000 - 0x00007ffa2d0ab000 	C:\Windows\System32\KERNEL32.DLL
0x00007ffa2bc00000 - 0x00007ffa2c002000 	C:\Windows\System32\KERNELBASE.dll
0x00007ffa2c1d0000 - 0x00007ffa2c31c000 	C:\Windows\System32\ucrtbase.dll
0x00007ff9fa4a0000 - 0x00007ff9fa4b8000 	C:\Users\ishas\.vscode\extensions\redhat.java-1.56.0-win32-x64\jre\21.0.12.1-win32-x86_64\bin\jli.dll
0x00007ffa2e190000 - 0x00007ffa2e35f000 	C:\Windows\System32\USER32.dll
0x00007ffa2c1a0000 - 0x00007ffa2c1c7000 	C:\Windows\System32\win32u.dll
0x00007ffa2ca50000 - 0x00007ffa2ca7b000 	C:\Windows\System32\GDI32.dll
0x00007ffa2c530000 - 0x00007ffa2c659000 	C:\Windows\System32\gdi32full.dll
0x00007ffa2c480000 - 0x00007ffa2c523000 	C:\Windows\System32\msvcp_win.dll
0x00007ff9e20b0000 - 0x00007ff9e20ce000 	C:\Users\ishas\.vscode\extensions\redhat.java-1.56.0-win32-x64\jre\21.0.12.1-win32-x86_64\bin\VCRUNTIME140.dll
0x00007ffa148b0000 - 0x00007ffa14b40000 	C:\Windows\WinSxS\amd64_microsoft.windows.common-controls_6595b64144ccf1df_6.0.26100.9278_none_3e0d1ba8e3303201\COMCTL32.dll
0x00007ffa2d9e0000 - 0x00007ffa2da89000 	C:\Windows\System32\msvcrt.dll
0x00007ffa2ca10000 - 0x00007ffa2ca41000 	C:\Windows\System32\IMM32.DLL
0x00007ffa23480000 - 0x00007ffa2348c000 	C:\Users\ishas\.vscode\extensions\redhat.java-1.56.0-win32-x64\jre\21.0.12.1-win32-x86_64\bin\vcruntime140_1.dll
0x00007ff99de70000 - 0x00007ff99defd000 	C:\Users\ishas\.vscode\extensions\redhat.java-1.56.0-win32-x64\jre\21.0.12.1-win32-x86_64\bin\msvcp140.dll
0x00007ff932e40000 - 0x00007ff933be2000 	C:\Users\ishas\.vscode\extensions\redhat.java-1.56.0-win32-x64\jre\21.0.12.1-win32-x86_64\bin\server\jvm.dll
0x00007ffa2ca80000 - 0x00007ffa2cb3c000 	C:\Windows\System32\ADVAPI32.dll
0x00007ffa2dbe0000 - 0x00007ffa2dc89000 	C:\Windows\System32\sechost.dll
0x00007ffa2df60000 - 0x00007ffa2e078000 	C:\Windows\System32\RPCRT4.dll
0x00007ffa2ded0000 - 0x00007ffa2df50000 	C:\Windows\System32\WS2_32.dll
0x00007ffa2b9a0000 - 0x00007ffa2b9fe000 	C:\Windows\SYSTEM32\POWRPROF.dll
0x00007ffa23860000 - 0x00007ffa23896000 	C:\Windows\SYSTEM32\WINMM.dll
0x00007ffa16280000 - 0x00007ffa1628b000 	C:\Windows\SYSTEM32\VERSION.dll
0x00007ffa2b980000 - 0x00007ffa2b995000 	C:\Windows\SYSTEM32\UMPDC.dll
0x00007ffa2a810000 - 0x00007ffa2a82b000 	C:\Windows\SYSTEM32\kernel.appcore.dll
0x00007ffa0f940000 - 0x00007ffa0f94a000 	C:\Users\ishas\.vscode\extensions\redhat.java-1.56.0-win32-x64\jre\21.0.12.1-win32-x86_64\bin\jimage.dll
0x00007ffa28fe0000 - 0x00007ffa2922c000 	C:\Windows\SYSTEM32\DBGHELP.DLL
0x00007ffa2c680000 - 0x00007ffa2ca05000 	C:\Windows\System32\combase.dll
0x00007ffa2dc90000 - 0x00007ffa2dd69000 	C:\Windows\System32\OLEAUT32.dll
0x00007ffa23820000 - 0x00007ffa2385b000 	C:\Windows\SYSTEM32\dbgcore.DLL
0x00007ffa2c330000 - 0x00007ffa2c3dc000 	C:\Windows\System32\bcryptPrimitives.dll
0x00007ffa16750000 - 0x00007ffa1675f000 	C:\Users\ishas\.vscode\extensions\redhat.java-1.56.0-win32-x64\jre\21.0.12.1-win32-x86_64\bin\instrument.dll
0x00007ff9e2090000 - 0x00007ff9e20b0000 	C:\Users\ishas\.vscode\extensions\redhat.java-1.56.0-win32-x64\jre\21.0.12.1-win32-x86_64\bin\java.dll
0x00007ffa2d160000 - 0x00007ffa2d8f8000 	C:\Windows\System32\SHELL32.dll
0x00007ffa29570000 - 0x00007ffa29e1e000 	C:\Windows\SYSTEM32\windows.storage.dll
0x00007ffa2da90000 - 0x00007ffa2db8b000 	C:\Windows\System32\SHCORE.dll
0x00007ffa2e470000 - 0x00007ffa2e4d6000 	C:\Windows\System32\shlwapi.dll
0x00007ffa2ba60000 - 0x00007ffa2ba89000 	C:\Windows\SYSTEM32\profapi.dll
0x00007ff9df1d0000 - 0x00007ff9df1e8000 	C:\Users\ishas\.vscode\extensions\redhat.java-1.56.0-win32-x64\jre\21.0.12.1-win32-x86_64\bin\zip.dll
0x00007ffa0f870000 - 0x00007ffa0f880000 	C:\Users\ishas\.vscode\extensions\redhat.java-1.56.0-win32-x64\jre\21.0.12.1-win32-x86_64\bin\net.dll
0x00007ffa1a330000 - 0x00007ffa1a45a000 	C:\Windows\SYSTEM32\WINHTTP.dll
0x00007ffa2add0000 - 0x00007ffa2ae3c000 	C:\Windows\system32\mswsock.dll
0x00007ff9fa4d0000 - 0x00007ff9fa4e6000 	C:\Users\ishas\.vscode\extensions\redhat.java-1.56.0-win32-x64\jre\21.0.12.1-win32-x86_64\bin\nio.dll
0x00007ffa16040000 - 0x00007ffa16050000 	C:\Users\ishas\.vscode\extensions\redhat.java-1.56.0-win32-x64\jre\21.0.12.1-win32-x86_64\bin\verify.dll
0x00007ff9e91a0000 - 0x00007ff9e91c7000 	C:\Users\ishas\.gradle\native\1def1411415f61bf3af743bc5b6707747c0891f09f0c88961ee8f79bc544acac\windows-amd64\native-platform.dll
0x00007ff9b5450000 - 0x00007ff9b54c8000 	C:\Users\ishas\.gradle\native\0.2.7\x86_64-windows-gnu\gradle-fileevents.dll
0x00007ffa23580000 - 0x00007ffa2358a000 	C:\Users\ishas\.vscode\extensions\redhat.java-1.56.0-win32-x64\jre\21.0.12.1-win32-x86_64\bin\management.dll
0x00007ffa23570000 - 0x00007ffa2357c000 	C:\Users\ishas\.vscode\extensions\redhat.java-1.56.0-win32-x64\jre\21.0.12.1-win32-x86_64\bin\management_ext.dll
0x00007ffa2c660000 - 0x00007ffa2c668000 	C:\Windows\System32\PSAPI.DLL
0x00007ffa2a240000 - 0x00007ffa2a273000 	C:\Windows\SYSTEM32\IPHLPAPI.DLL
0x00007ffa2c670000 - 0x00007ffa2c67a000 	C:\Windows\System32\NSI.dll
0x00007ffa23560000 - 0x00007ffa23569000 	C:\Users\ishas\.vscode\extensions\redhat.java-1.56.0-win32-x64\jre\21.0.12.1-win32-x86_64\bin\extnet.dll
0x00007ffa2b0c0000 - 0x00007ffa2b0db000 	C:\Windows\SYSTEM32\CRYPTSP.dll
0x00007ffa2a770000 - 0x00007ffa2a7a9000 	C:\Windows\system32\rsaenh.dll
0x00007ffa2ae80000 - 0x00007ffa2aeb4000 	C:\Windows\SYSTEM32\USERENV.dll
0x00007ffa2ba30000 - 0x00007ffa2ba5a000 	C:\Windows\SYSTEM32\bcrypt.dll
0x00007ffa2b0e0000 - 0x00007ffa2b0ec000 	C:\Windows\SYSTEM32\CRYPTBASE.dll
0x00007ffa23550000 - 0x00007ffa2355e000 	C:\Users\ishas\.vscode\extensions\redhat.java-1.56.0-win32-x64\jre\21.0.12.1-win32-x86_64\bin\sunmscapi.dll
0x00007ffa2c010000 - 0x00007ffa2c18e000 	C:\Windows\System32\CRYPT32.dll
0x00007ffa2b300000 - 0x00007ffa2b330000 	C:\Windows\SYSTEM32\ncrypt.dll
0x00007ffa2b2b0000 - 0x00007ffa2b2ef000 	C:\Windows\SYSTEM32\NTASN1.dll
0x00007ffa0d950000 - 0x00007ffa0d958000 	C:\Windows\system32\wshunix.dll

JVMTI agents:
C:\Users\ishas\.gradle\wrapper\dists\gradle-8.14.3-all\10utluxaxniiv4wxiphsi49nj\gradle-8.14.3\lib\agents\gradle-instrumentation-agent-8.14.3.jar path:C:\Users\ishas\.vscode\extensions\redhat.java-1.56.0-win32-x64\jre\21.0.12.1-win32-x86_64\bin\instrument.dll, loaded, initialized, instrumentlib options:none

dbghelp: loaded successfully - version: 4.0.5 - missing functions: none
symbol engine: initialized successfully - sym options: 0x614 - pdb path: .;C:\Users\ishas\.vscode\extensions\redhat.java-1.56.0-win32-x64\jre\21.0.12.1-win32-x86_64\bin;C:\Windows\SYSTEM32;C:\Windows\WinSxS\amd64_microsoft.windows.common-controls_6595b64144ccf1df_6.0.26100.9278_none_3e0d1ba8e3303201;C:\Users\ishas\.vscode\extensions\redhat.java-1.56.0-win32-x64\jre\21.0.12.1-win32-x86_64\bin\server;C:\Users\ishas\.gradle\native\1def1411415f61bf3af743bc5b6707747c0891f09f0c88961ee8f79bc544acac\windows-amd64;C:\Users\ishas\.gradle\native\0.2.7\x86_64-windows-gnu

VM Arguments:
jvm_args: --add-opens=java.base/java.lang=ALL-UNNAMED --add-opens=java.base/java.lang.invoke=ALL-UNNAMED --add-opens=java.base/java.util=ALL-UNNAMED --add-opens=java.prefs/java.util.prefs=ALL-UNNAMED --add-exports=jdk.compiler/com.sun.tools.javac.api=ALL-UNNAMED --add-exports=jdk.compiler/com.sun.tools.javac.util=ALL-UNNAMED --add-opens=java.base/java.util=ALL-UNNAMED --add-opens=java.prefs/java.util.prefs=ALL-UNNAMED --add-opens=java.base/java.nio.charset=ALL-UNNAMED --add-opens=java.base/java.net=ALL-UNNAMED --add-opens=java.base/java.util.concurrent.atomic=ALL-UNNAMED --add-opens=java.xml/javax.xml.namespace=ALL-UNNAMED -Xmx1536m -Dfile.encoding=UTF-8 -Duser.country=IN -Duser.language=en -Duser.variant -javaagent:C:\Users\ishas\.gradle\wrapper\dists\gradle-8.14.3-all\10utluxaxniiv4wxiphsi49nj\gradle-8.14.3\lib\agents\gradle-instrumentation-agent-8.14.3.jar 
java_command: org.gradle.launcher.daemon.bootstrap.GradleDaemon 8.14.3
java_class_path (initial): C:\Users\ishas\.gradle\wrapper\dists\gradle-8.14.3-all\10utluxaxniiv4wxiphsi49nj\gradle-8.14.3\lib\gradle-daemon-main-8.14.3.jar
Launcher Type: SUN_STANDARD

[Global flags]
     intx CICompilerCount                          = 4                                         {product} {ergonomic}
     uint ConcGCThreads                            = 3                                         {product} {ergonomic}
     uint G1ConcRefinementThreads                  = 10                                        {product} {ergonomic}
   size_t G1HeapRegionSize                         = 1048576                                   {product} {ergonomic}
    uintx GCDrainStackTargetSize                   = 64                                        {product} {ergonomic}
   size_t InitialHeapSize                          = 264241152                                 {product} {ergonomic}
   size_t MarkStackSize                            = 4194304                                   {product} {ergonomic}
   size_t MaxHeapSize                              = 1610612736                                {product} {command line}
   size_t MaxNewSize                               = 965738496                                 {product} {ergonomic}
   size_t MinHeapDeltaBytes                        = 1048576                                   {product} {ergonomic}
   size_t MinHeapSize                              = 8388608                                   {product} {ergonomic}
    uintx NonNMethodCodeHeapSize                   = 5839372                                {pd product} {ergonomic}
    uintx NonProfiledCodeHeapSize                  = 122909434                              {pd product} {ergonomic}
    uintx ProfiledCodeHeapSize                     = 122909434                              {pd product} {ergonomic}
    uintx ReservedCodeCacheSize                    = 251658240                              {pd product} {ergonomic}
     bool SegmentedCodeCache                       = true                                      {product} {ergonomic}
   size_t SoftMaxHeapSize                          = 1610612736                             {manageable} {ergonomic}
     bool UseCompressedOops                        = true                           {product lp64_product} {ergonomic}
     bool UseG1GC                                  = true                                      {product} {ergonomic}
     bool UseLargePagesIndividualAllocation        = false                                  {pd product} {ergonomic}

Logging:
Log output configuration:
 #0: stdout all=warning uptime,level,tags foldmultilines=false
 #1: stderr all=off uptime,level,tags foldmultilines=false

Release file:
JAVA_VERSION="21.0.12.1" 
MODULES="java.base java.compiler java.datatransfer java.xml java.prefs java.desktop java.instrument java.logging java.management java.security.sasl java.naming java.rmi java.management.rmi java.net.http java.scripting java.security.jgss java.transaction.xa java.sql java.sql.rowset java.xml.crypto java.se java.smartcardio jdk.accessibility jdk.internal.jvmstat jdk.attach jdk.charsets jdk.internal.opt jdk.zipfs jdk.compiler jdk.crypto.ec jdk.crypto.cryptoki jdk.crypto.mscapi jdk.dynalink jdk.internal.ed jdk.editpad jdk.hotspot.agent jdk.httpserver jdk.internal.le jdk.internal.vm.ci jdk.internal.vm.compiler jdk.internal.vm.compiler.management jdk.jartool jdk.javadoc jdk.jcmd jdk.management jdk.management.agent jdk.jconsole jdk.jdeps jdk.jdwp.agent jdk.jdi jdk.jfr jdk.jshell jdk.jsobject jdk.jstatd jdk.localedata jdk.management.jfr jdk.naming.dns jdk.naming.rmi jdk.net jdk.nio.mapmode jdk.random jdk.sctp jdk.security.auth jdk.security.jgss jdk.unsupported jdk.unsupported.desktop jdk.xml.dom" 

Environment Variables:
PATH=C:\Program Files\Microsoft\jdk-21.0.12.101-hotspot\bin;C:\Program Files\Microsoft\jdk-17.0.12.7-hotspot\bin;C:\Program Files\Eclipse Adoptium\jdk-17.0.17.10-hotspot\bin;C:\Windows\system32;C:\Windows;C:\Windows\System32\Wbem;C:\Windows\System32\WindowsPowerShell\v1.0\;C:\Windows\System32\OpenSSH\;C:\Program Files\nodejs\;C:\Users\ishas\Downloads\apache-maven-3.9.11-bin\apache-maven-3.9.11\bin;C:\Users\ishas\Downloads\apache-maven-3.9.11-bin\apache-maven-3.9.11\bin;C:\Program Files\MySQL\MySQL Server 8.0\bin;C:\Users\ishas\AppData\Local\Programs\Python\Python313;C:\Program Files\Git\cmd;C:\Users\ishas\AppData\Local\Programs\Python\Launcher\;C:\Program Files\MySQL\MySQL Shell 8.0\bin\;C:\Users\ishas\AppData\Local\Microsoft\WindowsApps;C:\Users\ishas\AppData\Local\Programs\Microsoft VS Code\bin;C:\Users\ishas\AppData\Roaming\npm
USERNAME=ishas
OS=Windows_NT
PROCESSOR_IDENTIFIER=Intel64 Family 6 Model 186 Stepping 2, GenuineIntel
TMP=C:\Users\ishas\AppData\Local\Temp
TEMP=C:\Users\ishas\AppData\Local\Temp




Periodic native trim disabled

---------------  S Y S T E M  ---------------

OS:
 Windows 11 , 64 bit Build 26100 (10.0.26100.9444)
OS uptime: 0 days 0:21 hours
Hyper-V role detected

CPU: total 12 (initial active 12) (6 cores per cpu, 2 threads per core) family 6 model 186 stepping 2 microcode 0x4122, cx8, cmov, fxsr, ht, mmx, 3dnowpref, sse, sse2, sse3, ssse3, sse4.1, sse4.2, popcnt, lzcnt, tsc, tscinvbit, avx, avx2, aes, erms, clmul, bmi1, bmi2, adx, sha, fma, vzeroupper, clflush, clflushopt, clwb, hv, serialize, rdtscp, rdpid, fsrm, f16c, cet_ibt, cet_ss
Processor Information for the first 12 processors :
  Max Mhz: 2100, Current Mhz: 2100, Mhz Limit: 2100

Memory: 4k page, system-wide physical 16076M (962M free)
TotalPageFile size 65228M (AvailPageFile size 1946M)
current process WorkingSet (physical memory assigned to process): 91M, peak: 105M
current process commit charge ("private bytes"): 386M, peak: 388M

vm_info: OpenJDK 64-Bit Server VM (21.0.12.1+1-LTS) for windows-amd64 JRE (21.0.12.1+1-LTS), built on 2026-08-18T00:00:00Z by "admin" with MS VC++ 17.12 (VS2022)

END.
